Copyright 1986-2021 Xilinx, Inc. All Rights Reserved.
------------------------------------------------------------------------------------------------------------------------------------------------------------------------------------------------------
| Tool Version : Vivado v.2021.1 (win64) Build 3247384 Thu Jun 10 19:36:33 MDT 2021
| Date         : Sat Aug 22 22:51:15 2026
| Host         : DESKTOP-IO47298 running 64-bit major release  (build 9200)
| Command      : report_timing -delay_type min -max_paths 200 -sort_by slack -file C:/project/FPGA3/engrenring/synth_1g/board/output/ece78ce_uart_rsp_175_resetqual4_audit_v8a/timing_hold_top200.rpt
| Design       : arty_a7_100t_aes_gcm_uart_rsp_top
| Device       : 7a100t-csg324
| Speed File   : -1  PRODUCTION 1.23 2018-06-13
------------------------------------------------------------------------------------------------------------------------------------------------------------------------------------------------------

Timing Report

Slack (MET) :             0.044ns  (arrival time - required time)
  Source:                 u_aes_gcm/u_registers/key_staging_o_reg[193]/C
                            (rising edge-triggered cell FDRE clocked by core_clk_raw  {rise@0.000ns fall@2.857ns period=5.714ns})
  Destination:            u_aes_gcm/u_core/u_key_context/window_w1_r_reg[1]/D
                            (rising edge-triggered cell FDRE clocked by core_clk_raw  {rise@0.000ns fall@2.857ns period=5.714ns})
  Path Group:             core_clk_raw
  Path Type:              Hold (Min at Fast Process Corner)
  Requirement:            0.000ns  (core_clk_raw rise@0.000ns - core_clk_raw rise@0.000ns)
  Data Path Delay:        0.349ns  (logic 0.186ns (53.335%)  route 0.163ns (46.665%))
  Logic Levels:           1  (LUT5=1)
  Clock Path Skew:        0.183ns (DCD - SCD - CPR)
    Destination Clock Delay (DCD):    -0.832ns
    Source Clock Delay      (SCD):    -0.512ns
    Clock Pessimism Removal (CPR):    -0.504ns

    Location             Delay type                Incr(ns)  Path(ns)    Netlist Resource(s)
  -------------------------------------------------------------------    -------------------
                         (clock core_clk_raw rise edge)
                                                      0.000     0.000 r  
    E3                                                0.000     0.000 r  clk (IN)
                         net (fo=0)                   0.000     0.000    clk
    E3                   IBUF (Prop_ibuf_I_O)         0.250     0.250 r  clk_IBUF_inst/O
                         net (fo=1, routed)           0.440     0.690    clk_IBUF
    MMCME2_ADV_X1Y2      MMCME2_ADV (Prop_mmcme2_adv_CLKIN1_CLKOUT0)
                                                     -2.379    -1.689 r  u_mmcm/CLKOUT0
                         net (fo=1, routed)           0.499    -1.190    core_clk_raw
    BUFGCTRL_X0Y16       BUFG (Prop_bufg_I_O)         0.026    -1.164 r  u_core_clk_buf/O
                         net (fo=11093, routed)       0.652    -0.512    u_aes_gcm/u_registers/core_clk
    SLICE_X9Y150         FDRE                                         r  u_aes_gcm/u_registers/key_staging_o_reg[193]/C
  -------------------------------------------------------------------    -------------------
    SLICE_X9Y150         FDRE (Prop_fdre_C_Q)         0.141    -0.371 r  u_aes_gcm/u_registers/key_staging_o_reg[193]/Q
                         net (fo=2, routed)           0.163    -0.208    u_aes_gcm/u_core/u_key_context/round_keys_r_reg[127]_4[193]
    SLICE_X8Y148         LUT5 (Prop_lut5_I4_O)        0.045    -0.163 r  u_aes_gcm/u_core/u_key_context/window_w1_r[1]_i_1/O
                         net (fo=1, routed)           0.000    -0.163    u_aes_gcm/u_core/u_key_context/window_w1_r[1]_i_1_n_0
    SLICE_X8Y148         FDRE                                         r  u_aes_gcm/u_core/u_key_context/window_w1_r_reg[1]/D
  -------------------------------------------------------------------    -------------------

                         (clock core_clk_raw rise edge)
                                                      0.000     0.000 r  
    E3                                                0.000     0.000 r  clk (IN)
                         net (fo=0)                   0.000     0.000    clk
    E3                   IBUF (Prop_ibuf_I_O)         0.438     0.438 r  clk_IBUF_inst/O
                         net (fo=1, routed)           0.480     0.918    clk_IBUF
    MMCME2_ADV_X1Y2      MMCME2_ADV (Prop_mmcme2_adv_CLKIN1_CLKOUT0)
                                                     -3.163    -2.245 r  u_mmcm/CLKOUT0
                         net (fo=1, routed)           0.544    -1.702    core_clk_raw
    BUFGCTRL_X0Y16       BUFG (Prop_bufg_I_O)         0.029    -1.673 r  u_core_clk_buf/O
                         net (fo=11093, routed)       0.841    -0.832    u_aes_gcm/u_core/u_key_context/core_clk
    SLICE_X8Y148         FDRE                                         r  u_aes_gcm/u_core/u_key_context/window_w1_r_reg[1]/C
                         clock pessimism              0.504    -0.328    
    SLICE_X8Y148         FDRE (Hold_fdre_C_D)         0.121    -0.207    u_aes_gcm/u_core/u_key_context/window_w1_r_reg[1]
  -------------------------------------------------------------------
                         required time                          0.207    
                         arrival time                          -0.163    
  -------------------------------------------------------------------
                         slack                                  0.044    

Slack (MET) :             0.045ns  (arrival time - required time)
  Source:                 u_aes_gcm/u_core/u_key_context/window_w1_r_reg[20]/C
                            (rising edge-triggered cell FDRE clocked by core_clk_raw  {rise@0.000ns fall@2.857ns period=5.714ns})
  Destination:            u_aes_gcm/u_core/u_key_context/window_w0_r_reg[20]/D
                            (rising edge-triggered cell FDRE clocked by core_clk_raw  {rise@0.000ns fall@2.857ns period=5.714ns})
  Path Group:             core_clk_raw
  Path Type:              Hold (Min at Fast Process Corner)
  Requirement:            0.000ns  (core_clk_raw rise@0.000ns - core_clk_raw rise@0.000ns)
  Data Path Delay:        0.322ns  (logic 0.209ns (64.933%)  route 0.113ns (35.067%))
  Logic Levels:           1  (LUT5=1)
  Clock Path Skew:        0.185ns (DCD - SCD - CPR)
    Destination Clock Delay (DCD):    -0.801ns
    Source Clock Delay      (SCD):    -0.483ns
    Clock Pessimism Removal (CPR):    -0.504ns

    Location             Delay type                Incr(ns)  Path(ns)    Netlist Resource(s)
  -------------------------------------------------------------------    -------------------
                         (clock core_clk_raw rise edge)
                                                      0.000     0.000 r  
    E3                                                0.000     0.000 r  clk (IN)
                         net (fo=0)                   0.000     0.000    clk
    E3                   IBUF (Prop_ibuf_I_O)         0.250     0.250 r  clk_IBUF_inst/O
                         net (fo=1, routed)           0.440     0.690    clk_IBUF
    MMCME2_ADV_X1Y2      MMCME2_ADV (Prop_mmcme2_adv_CLKIN1_CLKOUT0)
                                                     -2.379    -1.689 r  u_mmcm/CLKOUT0
                         net (fo=1, routed)           0.499    -1.190    core_clk_raw
    BUFGCTRL_X0Y16       BUFG (Prop_bufg_I_O)         0.026    -1.164 r  u_core_clk_buf/O
                         net (fo=11093, routed)       0.681    -0.483    u_aes_gcm/u_core/u_key_context/core_clk
    SLICE_X2Y150         FDRE                                         r  u_aes_gcm/u_core/u_key_context/window_w1_r_reg[20]/C
  -------------------------------------------------------------------    -------------------
    SLICE_X2Y150         FDRE (Prop_fdre_C_Q)         0.164    -0.319 r  u_aes_gcm/u_core/u_key_context/window_w1_r_reg[20]/Q
                         net (fo=1, routed)           0.113    -0.206    u_aes_gcm/u_core/u_key_context/window_w1_r[20]
    SLICE_X3Y149         LUT5 (Prop_lut5_I2_O)        0.045    -0.161 r  u_aes_gcm/u_core/u_key_context/window_w0_r[20]_i_1/O
                         net (fo=1, routed)           0.000    -0.161    u_aes_gcm/u_core/u_key_context/window_w0_r[20]_i_1_n_0
    SLICE_X3Y149         FDRE                                         r  u_aes_gcm/u_core/u_key_context/window_w0_r_reg[20]/D
  -------------------------------------------------------------------    -------------------

                         (clock core_clk_raw rise edge)
                                                      0.000     0.000 r  
    E3                                                0.000     0.000 r  clk (IN)
                         net (fo=0)                   0.000     0.000    clk
    E3                   IBUF (Prop_ibuf_I_O)         0.438     0.438 r  clk_IBUF_inst/O
                         net (fo=1, routed)           0.480     0.918    clk_IBUF
    MMCME2_ADV_X1Y2      MMCME2_ADV (Prop_mmcme2_adv_CLKIN1_CLKOUT0)
                                                     -3.163    -2.245 r  u_mmcm/CLKOUT0
                         net (fo=1, routed)           0.544    -1.702    core_clk_raw
    BUFGCTRL_X0Y16       BUFG (Prop_bufg_I_O)         0.029    -1.673 r  u_core_clk_buf/O
                         net (fo=11093, routed)       0.872    -0.801    u_aes_gcm/u_core/u_key_context/core_clk
    SLICE_X3Y149         FDRE                                         r  u_aes_gcm/u_core/u_key_context/window_w0_r_reg[20]/C
                         clock pessimism              0.504    -0.297    
    SLICE_X3Y149         FDRE (Hold_fdre_C_D)         0.091    -0.206    u_aes_gcm/u_core/u_key_context/window_w0_r_reg[20]
  -------------------------------------------------------------------
                         required time                          0.206    
                         arrival time                          -0.161    
  -------------------------------------------------------------------
                         slack                                  0.045    

Slack (MET) :             0.049ns  (arrival time - required time)
  Source:                 u_aes_gcm/u_core/tag_prod_data_reg[18]/C
                            (rising edge-triggered cell FDRE clocked by core_clk_raw  {rise@0.000ns fall@2.857ns period=5.714ns})
  Destination:            u_aes_gcm/u_core/u_tag_packet_fifo/mem_reg_0_1_18_23/RAMA/I
                            (rising edge-triggered cell RAMD32 clocked by core_clk_raw  {rise@0.000ns fall@2.857ns period=5.714ns})
  Path Group:             core_clk_raw
  Path Type:              Hold (Min at Fast Process Corner)
  Requirement:            0.000ns  (core_clk_raw rise@0.000ns - core_clk_raw rise@0.000ns)
  Data Path Delay:        0.209ns  (logic 0.141ns (67.454%)  route 0.068ns (32.546%))
  Logic Levels:           0  
  Clock Path Skew:        0.013ns (DCD - SCD - CPR)
    Destination Clock Delay (DCD):    -0.848ns
    Source Clock Delay      (SCD):    -0.609ns
    Clock Pessimism Removal (CPR):    -0.252ns

    Location             Delay type                Incr(ns)  Path(ns)    Netlist Resource(s)
  -------------------------------------------------------------------    -------------------
                         (clock core_clk_raw rise edge)
                                                      0.000     0.000 r  
    E3                                                0.000     0.000 r  clk (IN)
                         net (fo=0)                   0.000     0.000    clk
    E3                   IBUF (Prop_ibuf_I_O)         0.250     0.250 r  clk_IBUF_inst/O
                         net (fo=1, routed)           0.440     0.690    clk_IBUF
    MMCME2_ADV_X1Y2      MMCME2_ADV (Prop_mmcme2_adv_CLKIN1_CLKOUT0)
                                                     -2.379    -1.689 r  u_mmcm/CLKOUT0
                         net (fo=1, routed)           0.499    -1.190    core_clk_raw
    BUFGCTRL_X0Y16       BUFG (Prop_bufg_I_O)         0.026    -1.164 r  u_core_clk_buf/O
                         net (fo=11093, routed)       0.555    -0.609    u_aes_gcm/u_core/core_clk
    SLICE_X39Y131        FDRE                                         r  u_aes_gcm/u_core/tag_prod_data_reg[18]/C
  -------------------------------------------------------------------    -------------------
    SLICE_X39Y131        FDRE (Prop_fdre_C_Q)         0.141    -0.468 r  u_aes_gcm/u_core/tag_prod_data_reg[18]/Q
                         net (fo=2, routed)           0.068    -0.400    u_aes_gcm/u_core/u_tag_packet_fifo/mem_reg_0_1_18_23/DIA0
    SLICE_X38Y131        RAMD32                                       r  u_aes_gcm/u_core/u_tag_packet_fifo/mem_reg_0_1_18_23/RAMA/I
  -------------------------------------------------------------------    -------------------

                         (clock core_clk_raw rise edge)
                                                      0.000     0.000 r  
    E3                                                0.000     0.000 r  clk (IN)
                         net (fo=0)                   0.000     0.000    clk
    E3                   IBUF (Prop_ibuf_I_O)         0.438     0.438 r  clk_IBUF_inst/O
                         net (fo=1, routed)           0.480     0.918    clk_IBUF
    MMCME2_ADV_X1Y2      MMCME2_ADV (Prop_mmcme2_adv_CLKIN1_CLKOUT0)
                                                     -3.163    -2.245 r  u_mmcm/CLKOUT0
                         net (fo=1, routed)           0.544    -1.702    core_clk_raw
    BUFGCTRL_X0Y16       BUFG (Prop_bufg_I_O)         0.029    -1.673 r  u_core_clk_buf/O
                         net (fo=11093, routed)       0.825    -0.848    u_aes_gcm/u_core/u_tag_packet_fifo/mem_reg_0_1_18_23/WCLK
    SLICE_X38Y131        RAMD32                                       r  u_aes_gcm/u_core/u_tag_packet_fifo/mem_reg_0_1_18_23/RAMA/CLK
                         clock pessimism              0.252    -0.596    
    SLICE_X38Y131        RAMD32 (Hold_ramd32_CLK_I)
                                                      0.147    -0.449    u_aes_gcm/u_core/u_tag_packet_fifo/mem_reg_0_1_18_23/RAMA
  -------------------------------------------------------------------
                         required time                          0.449    
                         arrival time                          -0.400    
  -------------------------------------------------------------------
                         slack                                  0.049    

Slack (MET) :             0.050ns  (arrival time - required time)
  Source:                 u_aes_gcm/u_core/ct_prod_data_reg[114]/C
                            (rising edge-triggered cell FDRE clocked by core_clk_raw  {rise@0.000ns fall@2.857ns period=5.714ns})
  Destination:            u_aes_gcm/u_core/u_ciphertext_fifo/mem_reg_0_3_114_119/RAMA/I
                            (rising edge-triggered cell RAMD32 clocked by core_clk_raw  {rise@0.000ns fall@2.857ns period=5.714ns})
  Path Group:             core_clk_raw
  Path Type:              Hold (Min at Fast Process Corner)
  Requirement:            0.000ns  (core_clk_raw rise@0.000ns - core_clk_raw rise@0.000ns)
  Data Path Delay:        0.462ns  (logic 0.141ns (30.514%)  route 0.321ns (69.486%))
  Logic Levels:           0  
  Clock Path Skew:        0.265ns (DCD - SCD - CPR)
    Destination Clock Delay (DCD):    -0.849ns
    Source Clock Delay      (SCD):    -0.610ns
    Clock Pessimism Removal (CPR):    -0.504ns

    Location             Delay type                Incr(ns)  Path(ns)    Netlist Resource(s)
  -------------------------------------------------------------------    -------------------
                         (clock core_clk_raw rise edge)
                                                      0.000     0.000 r  
    E3                                                0.000     0.000 r  clk (IN)
                         net (fo=0)                   0.000     0.000    clk
    E3                   IBUF (Prop_ibuf_I_O)         0.250     0.250 r  clk_IBUF_inst/O
                         net (fo=1, routed)           0.440     0.690    clk_IBUF
    MMCME2_ADV_X1Y2      MMCME2_ADV (Prop_mmcme2_adv_CLKIN1_CLKOUT0)
                                                     -2.379    -1.689 r  u_mmcm/CLKOUT0
                         net (fo=1, routed)           0.499    -1.190    core_clk_raw
    BUFGCTRL_X0Y16       BUFG (Prop_bufg_I_O)         0.026    -1.164 r  u_core_clk_buf/O
                         net (fo=11093, routed)       0.554    -0.610    u_aes_gcm/u_core/core_clk
    SLICE_X52Y113        FDRE                                         r  u_aes_gcm/u_core/ct_prod_data_reg[114]/C
  -------------------------------------------------------------------    -------------------
    SLICE_X52Y113        FDRE (Prop_fdre_C_Q)         0.141    -0.469 r  u_aes_gcm/u_core/ct_prod_data_reg[114]/Q
                         net (fo=3, routed)           0.321    -0.148    u_aes_gcm/u_core/u_ciphertext_fifo/mem_reg_0_3_114_119/DIA0
    SLICE_X42Y117        RAMD32                                       r  u_aes_gcm/u_core/u_ciphertext_fifo/mem_reg_0_3_114_119/RAMA/I
  -------------------------------------------------------------------    -------------------

                         (clock core_clk_raw rise edge)
                                                      0.000     0.000 r  
    E3                                                0.000     0.000 r  clk (IN)
                         net (fo=0)                   0.000     0.000    clk
    E3                   IBUF (Prop_ibuf_I_O)         0.438     0.438 r  clk_IBUF_inst/O
                         net (fo=1, routed)           0.480     0.918    clk_IBUF
    MMCME2_ADV_X1Y2      MMCME2_ADV (Prop_mmcme2_adv_CLKIN1_CLKOUT0)
                                                     -3.163    -2.245 r  u_mmcm/CLKOUT0
                         net (fo=1, routed)           0.544    -1.702    core_clk_raw
    BUFGCTRL_X0Y16       BUFG (Prop_bufg_I_O)         0.029    -1.673 r  u_core_clk_buf/O
                         net (fo=11093, routed)       0.823    -0.849    u_aes_gcm/u_core/u_ciphertext_fifo/mem_reg_0_3_114_119/WCLK
    SLICE_X42Y117        RAMD32                                       r  u_aes_gcm/u_core/u_ciphertext_fifo/mem_reg_0_3_114_119/RAMA/CLK
                         clock pessimism              0.504    -0.345    
    SLICE_X42Y117        RAMD32 (Hold_ramd32_CLK_I)
                                                      0.147    -0.198    u_aes_gcm/u_core/u_ciphertext_fifo/mem_reg_0_3_114_119/RAMA
  -------------------------------------------------------------------
                         required time                          0.198    
                         arrival time                          -0.148    
  -------------------------------------------------------------------
                         slack                                  0.050    

Slack (MET) :             0.051ns  (arrival time - required time)
  Source:                 u_aes_gcm/u_core/u_key_context/generated_word_r_reg[30]/C
                            (rising edge-triggered cell FDRE clocked by core_clk_raw  {rise@0.000ns fall@2.857ns period=5.714ns})
  Destination:            u_aes_gcm/u_core/u_key_context/round_keys_r_reg[126]/D
                            (rising edge-triggered cell FDRE clocked by core_clk_raw  {rise@0.000ns fall@2.857ns period=5.714ns})
  Path Group:             core_clk_raw
  Path Type:              Hold (Min at Fast Process Corner)
  Requirement:            0.000ns  (core_clk_raw rise@0.000ns - core_clk_raw rise@0.000ns)
  Data Path Delay:        0.495ns  (logic 0.186ns (37.570%)  route 0.309ns (62.430%))
  Logic Levels:           1  (LUT6=1)
  Clock Path Skew:        0.352ns (DCD - SCD - CPR)
    Destination Clock Delay (DCD):    -0.717ns
    Source Clock Delay      (SCD):    -0.565ns
    Clock Pessimism Removal (CPR):    -0.504ns

    Location             Delay type                Incr(ns)  Path(ns)    Netlist Resource(s)
  -------------------------------------------------------------------    -------------------
                         (clock core_clk_raw rise edge)
                                                      0.000     0.000 r  
    E3                                                0.000     0.000 r  clk (IN)
                         net (fo=0)                   0.000     0.000    clk
    E3                   IBUF (Prop_ibuf_I_O)         0.250     0.250 r  clk_IBUF_inst/O
                         net (fo=1, routed)           0.440     0.690    clk_IBUF
    MMCME2_ADV_X1Y2      MMCME2_ADV (Prop_mmcme2_adv_CLKIN1_CLKOUT0)
                                                     -2.379    -1.689 r  u_mmcm/CLKOUT0
                         net (fo=1, routed)           0.499    -1.190    core_clk_raw
    BUFGCTRL_X0Y16       BUFG (Prop_bufg_I_O)         0.026    -1.164 r  u_core_clk_buf/O
                         net (fo=11093, routed)       0.599    -0.565    u_aes_gcm/u_core/u_key_context/core_clk
    SLICE_X3Y147         FDRE                                         r  u_aes_gcm/u_core/u_key_context/generated_word_r_reg[30]/C
  -------------------------------------------------------------------    -------------------
    SLICE_X3Y147         FDRE (Prop_fdre_C_Q)         0.141    -0.424 r  u_aes_gcm/u_core/u_key_context/generated_word_r_reg[30]/Q
                         net (fo=11, routed)          0.309    -0.115    u_aes_gcm/u_core/u_key_context/generated_word_r_reg_n_0_[30]
    SLICE_X5Y156         LUT6 (Prop_lut6_I1_O)        0.045    -0.070 r  u_aes_gcm/u_core/u_key_context/round_keys_r[126]_i_2/O
                         net (fo=1, routed)           0.000    -0.070    u_aes_gcm/u_core/u_key_context/round_keys_r[126]_i_2_n_0
    SLICE_X5Y156         FDRE                                         r  u_aes_gcm/u_core/u_key_context/round_keys_r_reg[126]/D
  -------------------------------------------------------------------    -------------------

                         (clock core_clk_raw rise edge)
                                                      0.000     0.000 r  
    E3                                                0.000     0.000 r  clk (IN)
                         net (fo=0)                   0.000     0.000    clk
    E3                   IBUF (Prop_ibuf_I_O)         0.438     0.438 r  clk_IBUF_inst/O
                         net (fo=1, routed)           0.480     0.918    clk_IBUF
    MMCME2_ADV_X1Y2      MMCME2_ADV (Prop_mmcme2_adv_CLKIN1_CLKOUT0)
                                                     -3.163    -2.245 r  u_mmcm/CLKOUT0
                         net (fo=1, routed)           0.544    -1.702    core_clk_raw
    BUFGCTRL_X0Y16       BUFG (Prop_bufg_I_O)         0.029    -1.673 r  u_core_clk_buf/O
                         net (fo=11093, routed)       0.956    -0.717    u_aes_gcm/u_core/u_key_context/core_clk
    SLICE_X5Y156         FDRE                                         r  u_aes_gcm/u_core/u_key_context/round_keys_r_reg[126]/C
                         clock pessimism              0.504    -0.213    
    SLICE_X5Y156         FDRE (Hold_fdre_C_D)         0.092    -0.121    u_aes_gcm/u_core/u_key_context/round_keys_r_reg[126]
  -------------------------------------------------------------------
                         required time                          0.121    
                         arrival time                          -0.070    
  -------------------------------------------------------------------
                         slack                                  0.051    

Slack (MET) :             0.058ns  (arrival time - required time)
  Source:                 u_aes_gcm/u_core/u_aes_second_engine/block_out_r_reg[79]/C
                            (rising edge-triggered cell FDRE clocked by core_clk_raw  {rise@0.000ns fall@2.857ns period=5.714ns})
  Destination:            u_aes_gcm/u_core/aes_second_result_block_r_reg[79]/D
                            (rising edge-triggered cell FDRE clocked by core_clk_raw  {rise@0.000ns fall@2.857ns period=5.714ns})
  Path Group:             core_clk_raw
  Path Type:              Hold (Min at Fast Process Corner)
  Requirement:            0.000ns  (core_clk_raw rise@0.000ns - core_clk_raw rise@0.000ns)
  Data Path Delay:        0.392ns  (logic 0.141ns (35.974%)  route 0.251ns (64.026%))
  Logic Levels:           0  
  Clock Path Skew:        0.262ns (DCD - SCD - CPR)
    Destination Clock Delay (DCD):    -0.846ns
    Source Clock Delay      (SCD):    -0.604ns
    Clock Pessimism Removal (CPR):    -0.504ns

    Location             Delay type                Incr(ns)  Path(ns)    Netlist Resource(s)
  -------------------------------------------------------------------    -------------------
                         (clock core_clk_raw rise edge)
                                                      0.000     0.000 r  
    E3                                                0.000     0.000 r  clk (IN)
                         net (fo=0)                   0.000     0.000    clk
    E3                   IBUF (Prop_ibuf_I_O)         0.250     0.250 r  clk_IBUF_inst/O
                         net (fo=1, routed)           0.440     0.690    clk_IBUF
    MMCME2_ADV_X1Y2      MMCME2_ADV (Prop_mmcme2_adv_CLKIN1_CLKOUT0)
                                                     -2.379    -1.689 r  u_mmcm/CLKOUT0
                         net (fo=1, routed)           0.499    -1.190    core_clk_raw
    BUFGCTRL_X0Y16       BUFG (Prop_bufg_I_O)         0.026    -1.164 r  u_core_clk_buf/O
                         net (fo=11093, routed)       0.560    -0.604    u_aes_gcm/u_core/u_aes_second_engine/core_clk
    SLICE_X48Y146        FDRE                                         r  u_aes_gcm/u_core/u_aes_second_engine/block_out_r_reg[79]/C
  -------------------------------------------------------------------    -------------------
    SLICE_X48Y146        FDRE (Prop_fdre_C_Q)         0.141    -0.463 r  u_aes_gcm/u_core/u_aes_second_engine/block_out_r_reg[79]/Q
                         net (fo=1, routed)           0.251    -0.212    u_aes_gcm/u_core/aes_second_out[79]
    SLICE_X52Y140        FDRE                                         r  u_aes_gcm/u_core/aes_second_result_block_r_reg[79]/D
  -------------------------------------------------------------------    -------------------

                         (clock core_clk_raw rise edge)
                                                      0.000     0.000 r  
    E3                                                0.000     0.000 r  clk (IN)
                         net (fo=0)                   0.000     0.000    clk
    E3                   IBUF (Prop_ibuf_I_O)         0.438     0.438 r  clk_IBUF_inst/O
                         net (fo=1, routed)           0.480     0.918    clk_IBUF
    MMCME2_ADV_X1Y2      MMCME2_ADV (Prop_mmcme2_adv_CLKIN1_CLKOUT0)
                                                     -3.163    -2.245 r  u_mmcm/CLKOUT0
                         net (fo=1, routed)           0.544    -1.702    core_clk_raw
    BUFGCTRL_X0Y16       BUFG (Prop_bufg_I_O)         0.029    -1.673 r  u_core_clk_buf/O
                         net (fo=11093, routed)       0.826    -0.846    u_aes_gcm/u_core/core_clk
    SLICE_X52Y140        FDRE                                         r  u_aes_gcm/u_core/aes_second_result_block_r_reg[79]/C
                         clock pessimism              0.504    -0.342    
    SLICE_X52Y140        FDRE (Hold_fdre_C_D)         0.072    -0.270    u_aes_gcm/u_core/aes_second_result_block_r_reg[79]
  -------------------------------------------------------------------
                         required time                          0.270    
                         arrival time                          -0.212    
  -------------------------------------------------------------------
                         slack                                  0.058    

Slack (MET) :             0.059ns  (arrival time - required time)
  Source:                 u_aes_gcm/u_core/u_aes_result_fifo/wr_ptr_reg[1]/C
                            (rising edge-triggered cell FDRE clocked by core_clk_raw  {rise@0.000ns fall@2.857ns period=5.714ns})
  Destination:            u_aes_gcm/u_core/u_aes_result_fifo/mem_reg_0_3_162_167/RAMA/WADR1
                            (rising edge-triggered cell RAMD32 clocked by core_clk_raw  {rise@0.000ns fall@2.857ns period=5.714ns})
  Path Group:             core_clk_raw
  Path Type:              Hold (Min at Fast Process Corner)
  Requirement:            0.000ns  (core_clk_raw rise@0.000ns - core_clk_raw rise@0.000ns)
  Data Path Delay:        0.402ns  (logic 0.141ns (35.062%)  route 0.261ns (64.938%))
  Logic Levels:           0  
  Clock Path Skew:        0.034ns (DCD - SCD - CPR)
    Destination Clock Delay (DCD):    -0.843ns
    Source Clock Delay      (SCD):    -0.602ns
    Clock Pessimism Removal (CPR):    -0.275ns

    Location             Delay type                Incr(ns)  Path(ns)    Netlist Resource(s)
  -------------------------------------------------------------------    -------------------
                         (clock core_clk_raw rise edge)
                                                      0.000     0.000 r  
    E3                                                0.000     0.000 r  clk (IN)
                         net (fo=0)                   0.000     0.000    clk
    E3                   IBUF (Prop_ibuf_I_O)         0.250     0.250 r  clk_IBUF_inst/O
                         net (fo=1, routed)           0.440     0.690    clk_IBUF
    MMCME2_ADV_X1Y2      MMCME2_ADV (Prop_mmcme2_adv_CLKIN1_CLKOUT0)
                                                     -2.379    -1.689 r  u_mmcm/CLKOUT0
                         net (fo=1, routed)           0.499    -1.190    core_clk_raw
    BUFGCTRL_X0Y16       BUFG (Prop_bufg_I_O)         0.026    -1.164 r  u_core_clk_buf/O
                         net (fo=11093, routed)       0.562    -0.602    u_aes_gcm/u_core/u_aes_result_fifo/core_clk
    SLICE_X32Y137        FDRE                                         r  u_aes_gcm/u_core/u_aes_result_fifo/wr_ptr_reg[1]/C
  -------------------------------------------------------------------    -------------------
    SLICE_X32Y137        FDRE (Prop_fdre_C_Q)         0.141    -0.461 r  u_aes_gcm/u_core/u_aes_result_fifo/wr_ptr_reg[1]/Q
                         net (fo=196, routed)         0.261    -0.200    u_aes_gcm/u_core/u_aes_result_fifo/mem_reg_0_3_162_167/ADDRD1
    SLICE_X34Y136        RAMD32                                       r  u_aes_gcm/u_core/u_aes_result_fifo/mem_reg_0_3_162_167/RAMA/WADR1
  -------------------------------------------------------------------    -------------------

                         (clock core_clk_raw rise edge)
                                                      0.000     0.000 r  
    E3                                                0.000     0.000 r  clk (IN)
                         net (fo=0)                   0.000     0.000    clk
    E3                   IBUF (Prop_ibuf_I_O)         0.438     0.438 r  clk_IBUF_inst/O
                         net (fo=1, routed)           0.480     0.918    clk_IBUF
    MMCME2_ADV_X1Y2      MMCME2_ADV (Prop_mmcme2_adv_CLKIN1_CLKOUT0)
                                                     -3.163    -2.245 r  u_mmcm/CLKOUT0
                         net (fo=1, routed)           0.544    -1.702    core_clk_raw
    BUFGCTRL_X0Y16       BUFG (Prop_bufg_I_O)         0.029    -1.673 r  u_core_clk_buf/O
                         net (fo=11093, routed)       0.830    -0.843    u_aes_gcm/u_core/u_aes_result_fifo/mem_reg_0_3_162_167/WCLK
    SLICE_X34Y136        RAMD32                                       r  u_aes_gcm/u_core/u_aes_result_fifo/mem_reg_0_3_162_167/RAMA/CLK
                         clock pessimism              0.275    -0.568    
    SLICE_X34Y136        RAMD32 (Hold_ramd32_CLK_WADR1)
                                                      0.309    -0.259    u_aes_gcm/u_core/u_aes_result_fifo/mem_reg_0_3_162_167/RAMA
  -------------------------------------------------------------------
                         required time                          0.259    
                         arrival time                          -0.200    
  -------------------------------------------------------------------
                         slack                                  0.059    

Slack (MET) :             0.059ns  (arrival time - required time)
  Source:                 u_aes_gcm/u_core/u_aes_result_fifo/wr_ptr_reg[1]/C
                            (rising edge-triggered cell FDRE clocked by core_clk_raw  {rise@0.000ns fall@2.857ns period=5.714ns})
  Destination:            u_aes_gcm/u_core/u_aes_result_fifo/mem_reg_0_3_162_167/RAMA_D1/WADR1
                            (rising edge-triggered cell RAMD32 clocked by core_clk_raw  {rise@0.000ns fall@2.857ns period=5.714ns})
  Path Group:             core_clk_raw
  Path Type:              Hold (Min at Fast Process Corner)
  Requirement:            0.000ns  (core_clk_raw rise@0.000ns - core_clk_raw rise@0.000ns)
  Data Path Delay:        0.402ns  (logic 0.141ns (35.062%)  route 0.261ns (64.938%))
  Logic Levels:           0  
  Clock Path Skew:        0.034ns (DCD - SCD - CPR)
    Destination Clock Delay (DCD):    -0.843ns
    Source Clock Delay      (SCD):    -0.602ns
    Clock Pessimism Removal (CPR):    -0.275ns

    Location             Delay type                Incr(ns)  Path(ns)    Netlist Resource(s)
  -------------------------------------------------------------------    -------------------
                         (clock core_clk_raw rise edge)
                                                      0.000     0.000 r  
    E3                                                0.000     0.000 r  clk (IN)
                         net (fo=0)                   0.000     0.000    clk
    E3                   IBUF (Prop_ibuf_I_O)         0.250     0.250 r  clk_IBUF_inst/O
                         net (fo=1, routed)           0.440     0.690    clk_IBUF
    MMCME2_ADV_X1Y2      MMCME2_ADV (Prop_mmcme2_adv_CLKIN1_CLKOUT0)
                                                     -2.379    -1.689 r  u_mmcm/CLKOUT0
                         net (fo=1, routed)           0.499    -1.190    core_clk_raw
    BUFGCTRL_X0Y16       BUFG (Prop_bufg_I_O)         0.026    -1.164 r  u_core_clk_buf/O
                         net (fo=11093, routed)       0.562    -0.602    u_aes_gcm/u_core/u_aes_result_fifo/core_clk
    SLICE_X32Y137        FDRE                                         r  u_aes_gcm/u_core/u_aes_result_fifo/wr_ptr_reg[1]/C
  -------------------------------------------------------------------    -------------------
    SLICE_X32Y137        FDRE (Prop_fdre_C_Q)         0.141    -0.461 r  u_aes_gcm/u_core/u_aes_result_fifo/wr_ptr_reg[1]/Q
                         net (fo=196, routed)         0.261    -0.200    u_aes_gcm/u_core/u_aes_result_fifo/mem_reg_0_3_162_167/ADDRD1
    SLICE_X34Y136        RAMD32                                       r  u_aes_gcm/u_core/u_aes_result_fifo/mem_reg_0_3_162_167/RAMA_D1/WADR1
  -------------------------------------------------------------------    -------------------

                         (clock core_clk_raw rise edge)
                                                      0.000     0.000 r  
    E3                                                0.000     0.000 r  clk (IN)
                         net (fo=0)                   0.000     0.000    clk
    E3                   IBUF (Prop_ibuf_I_O)         0.438     0.438 r  clk_IBUF_inst/O
                         net (fo=1, routed)           0.480     0.918    clk_IBUF
    MMCME2_ADV_X1Y2      MMCME2_ADV (Prop_mmcme2_adv_CLKIN1_CLKOUT0)
                                                     -3.163    -2.245 r  u_mmcm/CLKOUT0
                         net (fo=1, routed)           0.544    -1.702    core_clk_raw
    BUFGCTRL_X0Y16       BUFG (Prop_bufg_I_O)         0.029    -1.673 r  u_core_clk_buf/O
                         net (fo=11093, routed)       0.830    -0.843    u_aes_gcm/u_core/u_aes_result_fifo/mem_reg_0_3_162_167/WCLK
    SLICE_X34Y136        RAMD32                                       r  u_aes_gcm/u_core/u_aes_result_fifo/mem_reg_0_3_162_167/RAMA_D1/CLK
                         clock pessimism              0.275    -0.568    
    SLICE_X34Y136        RAMD32 (Hold_ramd32_CLK_WADR1)
                                                      0.309    -0.259    u_aes_gcm/u_core/u_aes_result_fifo/mem_reg_0_3_162_167/RAMA_D1
  -------------------------------------------------------------------
                         required time                          0.259    
                         arrival time                          -0.200    
  -------------------------------------------------------------------
                         slack                                  0.059    

Slack (MET) :             0.059ns  (arrival time - required time)
  Source:                 u_aes_gcm/u_core/u_aes_result_fifo/wr_ptr_reg[1]/C
                            (rising edge-triggered cell FDRE clocked by core_clk_raw  {rise@0.000ns fall@2.857ns period=5.714ns})
  Destination:            u_aes_gcm/u_core/u_aes_result_fifo/mem_reg_0_3_162_167/RAMB/WADR1
                            (rising edge-triggered cell RAMD32 clocked by core_clk_raw  {rise@0.000ns fall@2.857ns period=5.714ns})
  Path Group:             core_clk_raw
  Path Type:              Hold (Min at Fast Process Corner)
  Requirement:            0.000ns  (core_clk_raw rise@0.000ns - core_clk_raw rise@0.000ns)
  Data Path Delay:        0.402ns  (logic 0.141ns (35.062%)  route 0.261ns (64.938%))
  Logic Levels:           0  
  Clock Path Skew:        0.034ns (DCD - SCD - CPR)
    Destination Clock Delay (DCD):    -0.843ns
    Source Clock Delay      (SCD):    -0.602ns
    Clock Pessimism Removal (CPR):    -0.275ns

    Location             Delay type                Incr(ns)  Path(ns)    Netlist Resource(s)
  -------------------------------------------------------------------    -------------------
                         (clock core_clk_raw rise edge)
                                                      0.000     0.000 r  
    E3                                                0.000     0.000 r  clk (IN)
                         net (fo=0)                   0.000     0.000    clk
    E3                   IBUF (Prop_ibuf_I_O)         0.250     0.250 r  clk_IBUF_inst/O
                         net (fo=1, routed)           0.440     0.690    clk_IBUF
    MMCME2_ADV_X1Y2      MMCME2_ADV (Prop_mmcme2_adv_CLKIN1_CLKOUT0)
                                                     -2.379    -1.689 r  u_mmcm/CLKOUT0
                         net (fo=1, routed)           0.499    -1.190    core_clk_raw
    BUFGCTRL_X0Y16       BUFG (Prop_bufg_I_O)         0.026    -1.164 r  u_core_clk_buf/O
                         net (fo=11093, routed)       0.562    -0.602    u_aes_gcm/u_core/u_aes_result_fifo/core_clk
    SLICE_X32Y137        FDRE                                         r  u_aes_gcm/u_core/u_aes_result_fifo/wr_ptr_reg[1]/C
  -------------------------------------------------------------------    -------------------
    SLICE_X32Y137        FDRE (Prop_fdre_C_Q)         0.141    -0.461 r  u_aes_gcm/u_core/u_aes_result_fifo/wr_ptr_reg[1]/Q
                         net (fo=196, routed)         0.261    -0.200    u_aes_gcm/u_core/u_aes_result_fifo/mem_reg_0_3_162_167/ADDRD1
    SLICE_X34Y136        RAMD32                                       r  u_aes_gcm/u_core/u_aes_result_fifo/mem_reg_0_3_162_167/RAMB/WADR1
  -------------------------------------------------------------------    -------------------

                         (clock core_clk_raw rise edge)
                                                      0.000     0.000 r  
    E3                                                0.000     0.000 r  clk (IN)
                         net (fo=0)                   0.000     0.000    clk
    E3                   IBUF (Prop_ibuf_I_O)         0.438     0.438 r  clk_IBUF_inst/O
                         net (fo=1, routed)           0.480     0.918    clk_IBUF
    MMCME2_ADV_X1Y2      MMCME2_ADV (Prop_mmcme2_adv_CLKIN1_CLKOUT0)
                                                     -3.163    -2.245 r  u_mmcm/CLKOUT0
                         net (fo=1, routed)           0.544    -1.702    core_clk_raw
    BUFGCTRL_X0Y16       BUFG (Prop_bufg_I_O)         0.029    -1.673 r  u_core_clk_buf/O
                         net (fo=11093, routed)       0.830    -0.843    u_aes_gcm/u_core/u_aes_result_fifo/mem_reg_0_3_162_167/WCLK
    SLICE_X34Y136        RAMD32                                       r  u_aes_gcm/u_core/u_aes_result_fifo/mem_reg_0_3_162_167/RAMB/CLK
                         clock pessimism              0.275    -0.568    
    SLICE_X34Y136        RAMD32 (Hold_ramd32_CLK_WADR1)
                                                      0.309    -0.259    u_aes_gcm/u_core/u_aes_result_fifo/mem_reg_0_3_162_167/RAMB
  -------------------------------------------------------------------
                         required time                          0.259    
                         arrival time                          -0.200    
  -------------------------------------------------------------------
                         slack                                  0.059    

Slack (MET) :             0.059ns  (arrival time - required time)
  Source:                 u_aes_gcm/u_core/u_aes_result_fifo/wr_ptr_reg[1]/C
                            (rising edge-triggered cell FDRE clocked by core_clk_raw  {rise@0.000ns fall@2.857ns period=5.714ns})
  Destination:            u_aes_gcm/u_core/u_aes_result_fifo/mem_reg_0_3_162_167/RAMB_D1/WADR1
                            (rising edge-triggered cell RAMD32 clocked by core_clk_raw  {rise@0.000ns fall@2.857ns period=5.714ns})
  Path Group:             core_clk_raw
  Path Type:              Hold (Min at Fast Process Corner)
  Requirement:            0.000ns  (core_clk_raw rise@0.000ns - core_clk_raw rise@0.000ns)
  Data Path Delay:        0.402ns  (logic 0.141ns (35.062%)  route 0.261ns (64.938%))
  Logic Levels:           0  
  Clock Path Skew:        0.034ns (DCD - SCD - CPR)
    Destination Clock Delay (DCD):    -0.843ns
    Source Clock Delay      (SCD):    -0.602ns
    Clock Pessimism Removal (CPR):    -0.275ns

    Location             Delay type                Incr(ns)  Path(ns)    Netlist Resource(s)
  -------------------------------------------------------------------    -------------------
                         (clock core_clk_raw rise edge)
                                                      0.000     0.000 r  
    E3                                                0.000     0.000 r  clk (IN)
                         net (fo=0)                   0.000     0.000    clk
    E3                   IBUF (Prop_ibuf_I_O)         0.250     0.250 r  clk_IBUF_inst/O
                         net (fo=1, routed)           0.440     0.690    clk_IBUF
    MMCME2_ADV_X1Y2      MMCME2_ADV (Prop_mmcme2_adv_CLKIN1_CLKOUT0)
                                                     -2.379    -1.689 r  u_mmcm/CLKOUT0
                         net (fo=1, routed)           0.499    -1.190    core_clk_raw
    BUFGCTRL_X0Y16       BUFG (Prop_bufg_I_O)         0.026    -1.164 r  u_core_clk_buf/O
                         net (fo=11093, routed)       0.562    -0.602    u_aes_gcm/u_core/u_aes_result_fifo/core_clk
    SLICE_X32Y137        FDRE                                         r  u_aes_gcm/u_core/u_aes_result_fifo/wr_ptr_reg[1]/C
  -------------------------------------------------------------------    -------------------
    SLICE_X32Y137        FDRE (Prop_fdre_C_Q)         0.141    -0.461 r  u_aes_gcm/u_core/u_aes_result_fifo/wr_ptr_reg[1]/Q
                         net (fo=196, routed)         0.261    -0.200    u_aes_gcm/u_core/u_aes_result_fifo/mem_reg_0_3_162_167/ADDRD1
    SLICE_X34Y136        RAMD32                                       r  u_aes_gcm/u_core/u_aes_result_fifo/mem_reg_0_3_162_167/RAMB_D1/WADR1
  -------------------------------------------------------------------    -------------------

                         (clock core_clk_raw rise edge)
                                                      0.000     0.000 r  
    E3                                                0.000     0.000 r  clk (IN)
                         net (fo=0)                   0.000     0.000    clk
    E3                   IBUF (Prop_ibuf_I_O)         0.438     0.438 r  clk_IBUF_inst/O
                         net (fo=1, routed)           0.480     0.918    clk_IBUF
    MMCME2_ADV_X1Y2      MMCME2_ADV (Prop_mmcme2_adv_CLKIN1_CLKOUT0)
                                                     -3.163    -2.245 r  u_mmcm/CLKOUT0
                         net (fo=1, routed)           0.544    -1.702    core_clk_raw
    BUFGCTRL_X0Y16       BUFG (Prop_bufg_I_O)         0.029    -1.673 r  u_core_clk_buf/O
                         net (fo=11093, routed)       0.830    -0.843    u_aes_gcm/u_core/u_aes_result_fifo/mem_reg_0_3_162_167/WCLK
    SLICE_X34Y136        RAMD32                                       r  u_aes_gcm/u_core/u_aes_result_fifo/mem_reg_0_3_162_167/RAMB_D1/CLK
                         clock pessimism              0.275    -0.568    
    SLICE_X34Y136        RAMD32 (Hold_ramd32_CLK_WADR1)
                                                      0.309    -0.259    u_aes_gcm/u_core/u_aes_result_fifo/mem_reg_0_3_162_167/RAMB_D1
  -------------------------------------------------------------------
                         required time                          0.259    
                         arrival time                          -0.200    
  -------------------------------------------------------------------
                         slack                                  0.059    

Slack (MET) :             0.059ns  (arrival time - required time)
  Source:                 u_aes_gcm/u_core/u_aes_result_fifo/wr_ptr_reg[1]/C
                            (rising edge-triggered cell FDRE clocked by core_clk_raw  {rise@0.000ns fall@2.857ns period=5.714ns})
  Destination:            u_aes_gcm/u_core/u_aes_result_fifo/mem_reg_0_3_162_167/RAMC/WADR1
                            (rising edge-triggered cell RAMD32 clocked by core_clk_raw  {rise@0.000ns fall@2.857ns period=5.714ns})
  Path Group:             core_clk_raw
  Path Type:              Hold (Min at Fast Process Corner)
  Requirement:            0.000ns  (core_clk_raw rise@0.000ns - core_clk_raw rise@0.000ns)
  Data Path Delay:        0.402ns  (logic 0.141ns (35.062%)  route 0.261ns (64.938%))
  Logic Levels:           0  
  Clock Path Skew:        0.034ns (DCD - SCD - CPR)
    Destination Clock Delay (DCD):    -0.843ns
    Source Clock Delay      (SCD):    -0.602ns
    Clock Pessimism Removal (CPR):    -0.275ns

    Location             Delay type                Incr(ns)  Path(ns)    Netlist Resource(s)
  -------------------------------------------------------------------    -------------------
                         (clock core_clk_raw rise edge)
                                                      0.000     0.000 r  
    E3                                                0.000     0.000 r  clk (IN)
                         net (fo=0)                   0.000     0.000    clk
    E3                   IBUF (Prop_ibuf_I_O)         0.250     0.250 r  clk_IBUF_inst/O
                         net (fo=1, routed)           0.440     0.690    clk_IBUF
    MMCME2_ADV_X1Y2      MMCME2_ADV (Prop_mmcme2_adv_CLKIN1_CLKOUT0)
                                                     -2.379    -1.689 r  u_mmcm/CLKOUT0
                         net (fo=1, routed)           0.499    -1.190    core_clk_raw
    BUFGCTRL_X0Y16       BUFG (Prop_bufg_I_O)         0.026    -1.164 r  u_core_clk_buf/O
                         net (fo=11093, routed)       0.562    -0.602    u_aes_gcm/u_core/u_aes_result_fifo/core_clk
    SLICE_X32Y137        FDRE                                         r  u_aes_gcm/u_core/u_aes_result_fifo/wr_ptr_reg[1]/C
  -------------------------------------------------------------------    -------------------
    SLICE_X32Y137        FDRE (Prop_fdre_C_Q)         0.141    -0.461 r  u_aes_gcm/u_core/u_aes_result_fifo/wr_ptr_reg[1]/Q
                         net (fo=196, routed)         0.261    -0.200    u_aes_gcm/u_core/u_aes_result_fifo/mem_reg_0_3_162_167/ADDRD1
    SLICE_X34Y136        RAMD32                                       r  u_aes_gcm/u_core/u_aes_result_fifo/mem_reg_0_3_162_167/RAMC/WADR1
  -------------------------------------------------------------------    -------------------

                         (clock core_clk_raw rise edge)
                                                      0.000     0.000 r  
    E3                                                0.000     0.000 r  clk (IN)
                         net (fo=0)                   0.000     0.000    clk
    E3                   IBUF (Prop_ibuf_I_O)         0.438     0.438 r  clk_IBUF_inst/O
                         net (fo=1, routed)           0.480     0.918    clk_IBUF
    MMCME2_ADV_X1Y2      MMCME2_ADV (Prop_mmcme2_adv_CLKIN1_CLKOUT0)
                                                     -3.163    -2.245 r  u_mmcm/CLKOUT0
                         net (fo=1, routed)           0.544    -1.702    core_clk_raw
    BUFGCTRL_X0Y16       BUFG (Prop_bufg_I_O)         0.029    -1.673 r  u_core_clk_buf/O
                         net (fo=11093, routed)       0.830    -0.843    u_aes_gcm/u_core/u_aes_result_fifo/mem_reg_0_3_162_167/WCLK
    SLICE_X34Y136        RAMD32                                       r  u_aes_gcm/u_core/u_aes_result_fifo/mem_reg_0_3_162_167/RAMC/CLK
                         clock pessimism              0.275    -0.568    
    SLICE_X34Y136        RAMD32 (Hold_ramd32_CLK_WADR1)
                                                      0.309    -0.259    u_aes_gcm/u_core/u_aes_result_fifo/mem_reg_0_3_162_167/RAMC
  -------------------------------------------------------------------
                         required time                          0.259    
                         arrival time                          -0.200    
  -------------------------------------------------------------------
                         slack                                  0.059    

Slack (MET) :             0.059ns  (arrival time - required time)
  Source:                 u_aes_gcm/u_core/u_aes_result_fifo/wr_ptr_reg[1]/C
                            (rising edge-triggered cell FDRE clocked by core_clk_raw  {rise@0.000ns fall@2.857ns period=5.714ns})
  Destination:            u_aes_gcm/u_core/u_aes_result_fifo/mem_reg_0_3_162_167/RAMC_D1/WADR1
                            (rising edge-triggered cell RAMD32 clocked by core_clk_raw  {rise@0.000ns fall@2.857ns period=5.714ns})
  Path Group:             core_clk_raw
  Path Type:              Hold (Min at Fast Process Corner)
  Requirement:            0.000ns  (core_clk_raw rise@0.000ns - core_clk_raw rise@0.000ns)
  Data Path Delay:        0.402ns  (logic 0.141ns (35.062%)  route 0.261ns (64.938%))
  Logic Levels:           0  
  Clock Path Skew:        0.034ns (DCD - SCD - CPR)
    Destination Clock Delay (DCD):    -0.843ns
    Source Clock Delay      (SCD):    -0.602ns
    Clock Pessimism Removal (CPR):    -0.275ns

    Location             Delay type                Incr(ns)  Path(ns)    Netlist Resource(s)
  -------------------------------------------------------------------    -------------------
                         (clock core_clk_raw rise edge)
                                                      0.000     0.000 r  
    E3                                                0.000     0.000 r  clk (IN)
                         net (fo=0)                   0.000     0.000    clk
    E3                   IBUF (Prop_ibuf_I_O)         0.250     0.250 r  clk_IBUF_inst/O
                         net (fo=1, routed)           0.440     0.690    clk_IBUF
    MMCME2_ADV_X1Y2      MMCME2_ADV (Prop_mmcme2_adv_CLKIN1_CLKOUT0)
                                                     -2.379    -1.689 r  u_mmcm/CLKOUT0
                         net (fo=1, routed)           0.499    -1.190    core_clk_raw
    BUFGCTRL_X0Y16       BUFG (Prop_bufg_I_O)         0.026    -1.164 r  u_core_clk_buf/O
                         net (fo=11093, routed)       0.562    -0.602    u_aes_gcm/u_core/u_aes_result_fifo/core_clk
    SLICE_X32Y137        FDRE                                         r  u_aes_gcm/u_core/u_aes_result_fifo/wr_ptr_reg[1]/C
  -------------------------------------------------------------------    -------------------
    SLICE_X32Y137        FDRE (Prop_fdre_C_Q)         0.141    -0.461 r  u_aes_gcm/u_core/u_aes_result_fifo/wr_ptr_reg[1]/Q
                         net (fo=196, routed)         0.261    -0.200    u_aes_gcm/u_core/u_aes_result_fifo/mem_reg_0_3_162_167/ADDRD1
    SLICE_X34Y136        RAMD32                                       r  u_aes_gcm/u_core/u_aes_result_fifo/mem_reg_0_3_162_167/RAMC_D1/WADR1
  -------------------------------------------------------------------    -------------------

                         (clock core_clk_raw rise edge)
                                                      0.000     0.000 r  
    E3                                                0.000     0.000 r  clk (IN)
                         net (fo=0)                   0.000     0.000    clk
    E3                   IBUF (Prop_ibuf_I_O)         0.438     0.438 r  clk_IBUF_inst/O
                         net (fo=1, routed)           0.480     0.918    clk_IBUF
    MMCME2_ADV_X1Y2      MMCME2_ADV (Prop_mmcme2_adv_CLKIN1_CLKOUT0)
                                                     -3.163    -2.245 r  u_mmcm/CLKOUT0
                         net (fo=1, routed)           0.544    -1.702    core_clk_raw
    BUFGCTRL_X0Y16       BUFG (Prop_bufg_I_O)         0.029    -1.673 r  u_core_clk_buf/O
                         net (fo=11093, routed)       0.830    -0.843    u_aes_gcm/u_core/u_aes_result_fifo/mem_reg_0_3_162_167/WCLK
    SLICE_X34Y136        RAMD32                                       r  u_aes_gcm/u_core/u_aes_result_fifo/mem_reg_0_3_162_167/RAMC_D1/CLK
                         clock pessimism              0.275    -0.568    
    SLICE_X34Y136        RAMD32 (Hold_ramd32_CLK_WADR1)
                                                      0.309    -0.259    u_aes_gcm/u_core/u_aes_result_fifo/mem_reg_0_3_162_167/RAMC_D1
  -------------------------------------------------------------------
                         required time                          0.259    
                         arrival time                          -0.200    
  -------------------------------------------------------------------
                         slack                                  0.059    

Slack (MET) :             0.059ns  (arrival time - required time)
  Source:                 u_aes_gcm/u_core/u_aes_result_fifo/wr_ptr_reg[1]/C
                            (rising edge-triggered cell FDRE clocked by core_clk_raw  {rise@0.000ns fall@2.857ns period=5.714ns})
  Destination:            u_aes_gcm/u_core/u_aes_result_fifo/mem_reg_0_3_162_167/RAMD/ADR1
                            (rising edge-triggered cell RAMS32 clocked by core_clk_raw  {rise@0.000ns fall@2.857ns period=5.714ns})
  Path Group:             core_clk_raw
  Path Type:              Hold (Min at Fast Process Corner)
  Requirement:            0.000ns  (core_clk_raw rise@0.000ns - core_clk_raw rise@0.000ns)
  Data Path Delay:        0.402ns  (logic 0.141ns (35.062%)  route 0.261ns (64.938%))
  Logic Levels:           0  
  Clock Path Skew:        0.034ns (DCD - SCD - CPR)
    Destination Clock Delay (DCD):    -0.843ns
    Source Clock Delay      (SCD):    -0.602ns
    Clock Pessimism Removal (CPR):    -0.275ns

    Location             Delay type                Incr(ns)  Path(ns)    Netlist Resource(s)
  -------------------------------------------------------------------    -------------------
                         (clock core_clk_raw rise edge)
                                                      0.000     0.000 r  
    E3                                                0.000     0.000 r  clk (IN)
                         net (fo=0)                   0.000     0.000    clk
    E3                   IBUF (Prop_ibuf_I_O)         0.250     0.250 r  clk_IBUF_inst/O
                         net (fo=1, routed)           0.440     0.690    clk_IBUF
    MMCME2_ADV_X1Y2      MMCME2_ADV (Prop_mmcme2_adv_CLKIN1_CLKOUT0)
                                                     -2.379    -1.689 r  u_mmcm/CLKOUT0
                         net (fo=1, routed)           0.499    -1.190    core_clk_raw
    BUFGCTRL_X0Y16       BUFG (Prop_bufg_I_O)         0.026    -1.164 r  u_core_clk_buf/O
                         net (fo=11093, routed)       0.562    -0.602    u_aes_gcm/u_core/u_aes_result_fifo/core_clk
    SLICE_X32Y137        FDRE                                         r  u_aes_gcm/u_core/u_aes_result_fifo/wr_ptr_reg[1]/C
  -------------------------------------------------------------------    -------------------
    SLICE_X32Y137        FDRE (Prop_fdre_C_Q)         0.141    -0.461 r  u_aes_gcm/u_core/u_aes_result_fifo/wr_ptr_reg[1]/Q
                         net (fo=196, routed)         0.261    -0.200    u_aes_gcm/u_core/u_aes_result_fifo/mem_reg_0_3_162_167/ADDRD1
    SLICE_X34Y136        RAMS32                                       r  u_aes_gcm/u_core/u_aes_result_fifo/mem_reg_0_3_162_167/RAMD/ADR1
  -------------------------------------------------------------------    -------------------

                         (clock core_clk_raw rise edge)
                                                      0.000     0.000 r  
    E3                                                0.000     0.000 r  clk (IN)
                         net (fo=0)                   0.000     0.000    clk
    E3                   IBUF (Prop_ibuf_I_O)         0.438     0.438 r  clk_IBUF_inst/O
                         net (fo=1, routed)           0.480     0.918    clk_IBUF
    MMCME2_ADV_X1Y2      MMCME2_ADV (Prop_mmcme2_adv_CLKIN1_CLKOUT0)
                                                     -3.163    -2.245 r  u_mmcm/CLKOUT0
                         net (fo=1, routed)           0.544    -1.702    core_clk_raw
    BUFGCTRL_X0Y16       BUFG (Prop_bufg_I_O)         0.029    -1.673 r  u_core_clk_buf/O
                         net (fo=11093, routed)       0.830    -0.843    u_aes_gcm/u_core/u_aes_result_fifo/mem_reg_0_3_162_167/WCLK
    SLICE_X34Y136        RAMS32                                       r  u_aes_gcm/u_core/u_aes_result_fifo/mem_reg_0_3_162_167/RAMD/CLK
                         clock pessimism              0.275    -0.568    
    SLICE_X34Y136        RAMS32 (Hold_rams32_CLK_ADR1)
                                                      0.309    -0.259    u_aes_gcm/u_core/u_aes_result_fifo/mem_reg_0_3_162_167/RAMD
  -------------------------------------------------------------------
                         required time                          0.259    
                         arrival time                          -0.200    
  -------------------------------------------------------------------
                         slack                                  0.059    

Slack (MET) :             0.059ns  (arrival time - required time)
  Source:                 u_aes_gcm/u_core/u_aes_result_fifo/wr_ptr_reg[1]/C
                            (rising edge-triggered cell FDRE clocked by core_clk_raw  {rise@0.000ns fall@2.857ns period=5.714ns})
  Destination:            u_aes_gcm/u_core/u_aes_result_fifo/mem_reg_0_3_162_167/RAMD_D1/ADR1
                            (rising edge-triggered cell RAMS32 clocked by core_clk_raw  {rise@0.000ns fall@2.857ns period=5.714ns})
  Path Group:             core_clk_raw
  Path Type:              Hold (Min at Fast Process Corner)
  Requirement:            0.000ns  (core_clk_raw rise@0.000ns - core_clk_raw rise@0.000ns)
  Data Path Delay:        0.402ns  (logic 0.141ns (35.062%)  route 0.261ns (64.938%))
  Logic Levels:           0  
  Clock Path Skew:        0.034ns (DCD - SCD - CPR)
    Destination Clock Delay (DCD):    -0.843ns
    Source Clock Delay      (SCD):    -0.602ns
    Clock Pessimism Removal (CPR):    -0.275ns

    Location             Delay type                Incr(ns)  Path(ns)    Netlist Resource(s)
  -------------------------------------------------------------------    -------------------
                         (clock core_clk_raw rise edge)
                                                      0.000     0.000 r  
    E3                                                0.000     0.000 r  clk (IN)
                         net (fo=0)                   0.000     0.000    clk
    E3                   IBUF (Prop_ibuf_I_O)         0.250     0.250 r  clk_IBUF_inst/O
                         net (fo=1, routed)           0.440     0.690    clk_IBUF
    MMCME2_ADV_X1Y2      MMCME2_ADV (Prop_mmcme2_adv_CLKIN1_CLKOUT0)
                                                     -2.379    -1.689 r  u_mmcm/CLKOUT0
                         net (fo=1, routed)           0.499    -1.190    core_clk_raw
    BUFGCTRL_X0Y16       BUFG (Prop_bufg_I_O)         0.026    -1.164 r  u_core_clk_buf/O
                         net (fo=11093, routed)       0.562    -0.602    u_aes_gcm/u_core/u_aes_result_fifo/core_clk
    SLICE_X32Y137        FDRE                                         r  u_aes_gcm/u_core/u_aes_result_fifo/wr_ptr_reg[1]/C
  -------------------------------------------------------------------    -------------------
    SLICE_X32Y137        FDRE (Prop_fdre_C_Q)         0.141    -0.461 r  u_aes_gcm/u_core/u_aes_result_fifo/wr_ptr_reg[1]/Q
                         net (fo=196, routed)         0.261    -0.200    u_aes_gcm/u_core/u_aes_result_fifo/mem_reg_0_3_162_167/ADDRD1
    SLICE_X34Y136        RAMS32                                       r  u_aes_gcm/u_core/u_aes_result_fifo/mem_reg_0_3_162_167/RAMD_D1/ADR1
  -------------------------------------------------------------------    -------------------

                         (clock core_clk_raw rise edge)
                                                      0.000     0.000 r  
    E3                                                0.000     0.000 r  clk (IN)
                         net (fo=0)                   0.000     0.000    clk
    E3                   IBUF (Prop_ibuf_I_O)         0.438     0.438 r  clk_IBUF_inst/O
                         net (fo=1, routed)           0.480     0.918    clk_IBUF
    MMCME2_ADV_X1Y2      MMCME2_ADV (Prop_mmcme2_adv_CLKIN1_CLKOUT0)
                                                     -3.163    -2.245 r  u_mmcm/CLKOUT0
                         net (fo=1, routed)           0.544    -1.702    core_clk_raw
    BUFGCTRL_X0Y16       BUFG (Prop_bufg_I_O)         0.029    -1.673 r  u_core_clk_buf/O
                         net (fo=11093, routed)       0.830    -0.843    u_aes_gcm/u_core/u_aes_result_fifo/mem_reg_0_3_162_167/WCLK
    SLICE_X34Y136        RAMS32                                       r  u_aes_gcm/u_core/u_aes_result_fifo/mem_reg_0_3_162_167/RAMD_D1/CLK
                         clock pessimism              0.275    -0.568    
    SLICE_X34Y136        RAMS32 (Hold_rams32_CLK_ADR1)
                                                      0.309    -0.259    u_aes_gcm/u_core/u_aes_result_fifo/mem_reg_0_3_162_167/RAMD_D1
  -------------------------------------------------------------------
                         required time                          0.259    
                         arrival time                          -0.200    
  -------------------------------------------------------------------
                         slack                                  0.059    

Slack (MET) :             0.064ns  (arrival time - required time)
  Source:                 u_aes_gcm/u_core/ct_prod_data_reg[21]/C
                            (rising edge-triggered cell FDRE clocked by core_clk_raw  {rise@0.000ns fall@2.857ns period=5.714ns})
  Destination:            u_aes_gcm/u_core/u_ciphertext_fifo/mem_reg_0_3_18_23/RAMB_D1/I
                            (rising edge-triggered cell RAMD32 clocked by core_clk_raw  {rise@0.000ns fall@2.857ns period=5.714ns})
  Path Group:             core_clk_raw
  Path Type:              Hold (Min at Fast Process Corner)
  Requirement:            0.000ns  (core_clk_raw rise@0.000ns - core_clk_raw rise@0.000ns)
  Data Path Delay:        0.449ns  (logic 0.164ns (36.543%)  route 0.285ns (63.457%))
  Logic Levels:           0  
  Clock Path Skew:        0.261ns (DCD - SCD - CPR)
    Destination Clock Delay (DCD):    -0.858ns
    Source Clock Delay      (SCD):    -0.615ns
    Clock Pessimism Removal (CPR):    -0.504ns

    Location             Delay type                Incr(ns)  Path(ns)    Netlist Resource(s)
  -------------------------------------------------------------------    -------------------
                         (clock core_clk_raw rise edge)
                                                      0.000     0.000 r  
    E3                                                0.000     0.000 r  clk (IN)
                         net (fo=0)                   0.000     0.000    clk
    E3                   IBUF (Prop_ibuf_I_O)         0.250     0.250 r  clk_IBUF_inst/O
                         net (fo=1, routed)           0.440     0.690    clk_IBUF
    MMCME2_ADV_X1Y2      MMCME2_ADV (Prop_mmcme2_adv_CLKIN1_CLKOUT0)
                                                     -2.379    -1.689 r  u_mmcm/CLKOUT0
                         net (fo=1, routed)           0.499    -1.190    core_clk_raw
    BUFGCTRL_X0Y16       BUFG (Prop_bufg_I_O)         0.026    -1.164 r  u_core_clk_buf/O
                         net (fo=11093, routed)       0.549    -0.615    u_aes_gcm/u_core/core_clk
    SLICE_X54Y129        FDRE                                         r  u_aes_gcm/u_core/ct_prod_data_reg[21]/C
  -------------------------------------------------------------------    -------------------
    SLICE_X54Y129        FDRE (Prop_fdre_C_Q)         0.164    -0.451 r  u_aes_gcm/u_core/ct_prod_data_reg[21]/Q
                         net (fo=3, routed)           0.285    -0.166    u_aes_gcm/u_core/u_ciphertext_fifo/mem_reg_0_3_18_23/DIB1
    SLICE_X46Y125        RAMD32                                       r  u_aes_gcm/u_core/u_ciphertext_fifo/mem_reg_0_3_18_23/RAMB_D1/I
  -------------------------------------------------------------------    -------------------

                         (clock core_clk_raw rise edge)
                                                      0.000     0.000 r  
    E3                                                0.000     0.000 r  clk (IN)
                         net (fo=0)                   0.000     0.000    clk
    E3                   IBUF (Prop_ibuf_I_O)         0.438     0.438 r  clk_IBUF_inst/O
                         net (fo=1, routed)           0.480     0.918    clk_IBUF
    MMCME2_ADV_X1Y2      MMCME2_ADV (Prop_mmcme2_adv_CLKIN1_CLKOUT0)
                                                     -3.163    -2.245 r  u_mmcm/CLKOUT0
                         net (fo=1, routed)           0.544    -1.702    core_clk_raw
    BUFGCTRL_X0Y16       BUFG (Prop_bufg_I_O)         0.029    -1.673 r  u_core_clk_buf/O
                         net (fo=11093, routed)       0.815    -0.858    u_aes_gcm/u_core/u_ciphertext_fifo/mem_reg_0_3_18_23/WCLK
    SLICE_X46Y125        RAMD32                                       r  u_aes_gcm/u_core/u_ciphertext_fifo/mem_reg_0_3_18_23/RAMB_D1/CLK
                         clock pessimism              0.504    -0.354    
    SLICE_X46Y125        RAMD32 (Hold_ramd32_CLK_I)
                                                      0.124    -0.230    u_aes_gcm/u_core/u_ciphertext_fifo/mem_reg_0_3_18_23/RAMB_D1
  -------------------------------------------------------------------
                         required time                          0.230    
                         arrival time                          -0.166    
  -------------------------------------------------------------------
                         slack                                  0.064    

Slack (MET) :             0.072ns  (arrival time - required time)
  Source:                 u_aes_gcm/u_core/ct_prod_data_reg[39]/C
                            (rising edge-triggered cell FDRE clocked by core_clk_raw  {rise@0.000ns fall@2.857ns period=5.714ns})
  Destination:            u_aes_gcm/u_core/u_ciphertext_fifo/mem_reg_0_3_36_41/RAMB_D1/I
                            (rising edge-triggered cell RAMD32 clocked by core_clk_raw  {rise@0.000ns fall@2.857ns period=5.714ns})
  Path Group:             core_clk_raw
  Path Type:              Hold (Min at Fast Process Corner)
  Requirement:            0.000ns  (core_clk_raw rise@0.000ns - core_clk_raw rise@0.000ns)
  Data Path Delay:        0.455ns  (logic 0.164ns (36.014%)  route 0.291ns (63.986%))
  Logic Levels:           0  
  Clock Path Skew:        0.260ns (DCD - SCD - CPR)
    Destination Clock Delay (DCD):    -0.860ns
    Source Clock Delay      (SCD):    -0.616ns
    Clock Pessimism Removal (CPR):    -0.504ns

    Location             Delay type                Incr(ns)  Path(ns)    Netlist Resource(s)
  -------------------------------------------------------------------    -------------------
                         (clock core_clk_raw rise edge)
                                                      0.000     0.000 r  
    E3                                                0.000     0.000 r  clk (IN)
                         net (fo=0)                   0.000     0.000    clk
    E3                   IBUF (Prop_ibuf_I_O)         0.250     0.250 r  clk_IBUF_inst/O
                         net (fo=1, routed)           0.440     0.690    clk_IBUF
    MMCME2_ADV_X1Y2      MMCME2_ADV (Prop_mmcme2_adv_CLKIN1_CLKOUT0)
                                                     -2.379    -1.689 r  u_mmcm/CLKOUT0
                         net (fo=1, routed)           0.499    -1.190    core_clk_raw
    BUFGCTRL_X0Y16       BUFG (Prop_bufg_I_O)         0.026    -1.164 r  u_core_clk_buf/O
                         net (fo=11093, routed)       0.548    -0.616    u_aes_gcm/u_core/core_clk
    SLICE_X58Y126        FDRE                                         r  u_aes_gcm/u_core/ct_prod_data_reg[39]/C
  -------------------------------------------------------------------    -------------------
    SLICE_X58Y126        FDRE (Prop_fdre_C_Q)         0.164    -0.452 r  u_aes_gcm/u_core/ct_prod_data_reg[39]/Q
                         net (fo=3, routed)           0.291    -0.161    u_aes_gcm/u_core/u_ciphertext_fifo/mem_reg_0_3_36_41/DIB1
    SLICE_X50Y124        RAMD32                                       r  u_aes_gcm/u_core/u_ciphertext_fifo/mem_reg_0_3_36_41/RAMB_D1/I
  -------------------------------------------------------------------    -------------------

                         (clock core_clk_raw rise edge)
                                                      0.000     0.000 r  
    E3                                                0.000     0.000 r  clk (IN)
                         net (fo=0)                   0.000     0.000    clk
    E3                   IBUF (Prop_ibuf_I_O)         0.438     0.438 r  clk_IBUF_inst/O
                         net (fo=1, routed)           0.480     0.918    clk_IBUF
    MMCME2_ADV_X1Y2      MMCME2_ADV (Prop_mmcme2_adv_CLKIN1_CLKOUT0)
                                                     -3.163    -2.245 r  u_mmcm/CLKOUT0
                         net (fo=1, routed)           0.544    -1.702    core_clk_raw
    BUFGCTRL_X0Y16       BUFG (Prop_bufg_I_O)         0.029    -1.673 r  u_core_clk_buf/O
                         net (fo=11093, routed)       0.813    -0.860    u_aes_gcm/u_core/u_ciphertext_fifo/mem_reg_0_3_36_41/WCLK
    SLICE_X50Y124        RAMD32                                       r  u_aes_gcm/u_core/u_ciphertext_fifo/mem_reg_0_3_36_41/RAMB_D1/CLK
                         clock pessimism              0.504    -0.356    
    SLICE_X50Y124        RAMD32 (Hold_ramd32_CLK_I)
                                                      0.124    -0.232    u_aes_gcm/u_core/u_ciphertext_fifo/mem_reg_0_3_36_41/RAMB_D1
  -------------------------------------------------------------------
                         required time                          0.232    
                         arrival time                          -0.161    
  -------------------------------------------------------------------
                         slack                                  0.072    

Slack (MET) :             0.074ns  (arrival time - required time)
  Source:                 u_aes_gcm/u_core/u_plain_release_fifo/wr_ptr_reg[0]/C
                            (rising edge-triggered cell FDRE clocked by core_clk_raw  {rise@0.000ns fall@2.857ns period=5.714ns})
  Destination:            u_aes_gcm/u_core/u_plain_release_fifo/mem_reg_0_1_0_5/RAMA/WADR0
                            (rising edge-triggered cell RAMD32 clocked by core_clk_raw  {rise@0.000ns fall@2.857ns period=5.714ns})
  Path Group:             core_clk_raw
  Path Type:              Hold (Min at Fast Process Corner)
  Requirement:            0.000ns  (core_clk_raw rise@0.000ns - core_clk_raw rise@0.000ns)
  Data Path Delay:        0.400ns  (logic 0.141ns (35.286%)  route 0.259ns (64.714%))
  Logic Levels:           0  
  Clock Path Skew:        0.016ns (DCD - SCD - CPR)
    Destination Clock Delay (DCD):    -0.840ns
    Source Clock Delay      (SCD):    -0.603ns
    Clock Pessimism Removal (CPR):    -0.253ns

    Location             Delay type                Incr(ns)  Path(ns)    Netlist Resource(s)
  -------------------------------------------------------------------    -------------------
                         (clock core_clk_raw rise edge)
                                                      0.000     0.000 r  
    E3                                                0.000     0.000 r  clk (IN)
                         net (fo=0)                   0.000     0.000    clk
    E3                   IBUF (Prop_ibuf_I_O)         0.250     0.250 r  clk_IBUF_inst/O
                         net (fo=1, routed)           0.440     0.690    clk_IBUF
    MMCME2_ADV_X1Y2      MMCME2_ADV (Prop_mmcme2_adv_CLKIN1_CLKOUT0)
                                                     -2.379    -1.689 r  u_mmcm/CLKOUT0
                         net (fo=1, routed)           0.499    -1.190    core_clk_raw
    BUFGCTRL_X0Y16       BUFG (Prop_bufg_I_O)         0.026    -1.164 r  u_core_clk_buf/O
                         net (fo=11093, routed)       0.561    -0.603    u_aes_gcm/u_core/u_plain_release_fifo/core_clk
    SLICE_X65Y141        FDRE                                         r  u_aes_gcm/u_core/u_plain_release_fifo/wr_ptr_reg[0]/C
  -------------------------------------------------------------------    -------------------
    SLICE_X65Y141        FDRE (Prop_fdre_C_Q)         0.141    -0.462 r  u_aes_gcm/u_core/u_plain_release_fifo/wr_ptr_reg[0]/Q
                         net (fo=17, routed)          0.259    -0.204    u_aes_gcm/u_core/u_plain_release_fifo/mem_reg_0_1_0_5/ADDRD0
    SLICE_X66Y140        RAMD32                                       r  u_aes_gcm/u_core/u_plain_release_fifo/mem_reg_0_1_0_5/RAMA/WADR0
  -------------------------------------------------------------------    -------------------

                         (clock core_clk_raw rise edge)
                                                      0.000     0.000 r  
    E3                                                0.000     0.000 r  clk (IN)
                         net (fo=0)                   0.000     0.000    clk
    E3                   IBUF (Prop_ibuf_I_O)         0.438     0.438 r  clk_IBUF_inst/O
                         net (fo=1, routed)           0.480     0.918    clk_IBUF
    MMCME2_ADV_X1Y2      MMCME2_ADV (Prop_mmcme2_adv_CLKIN1_CLKOUT0)
                                                     -3.163    -2.245 r  u_mmcm/CLKOUT0
                         net (fo=1, routed)           0.544    -1.702    core_clk_raw
    BUFGCTRL_X0Y16       BUFG (Prop_bufg_I_O)         0.029    -1.673 r  u_core_clk_buf/O
                         net (fo=11093, routed)       0.833    -0.840    u_aes_gcm/u_core/u_plain_release_fifo/mem_reg_0_1_0_5/WCLK
    SLICE_X66Y140        RAMD32                                       r  u_aes_gcm/u_core/u_plain_release_fifo/mem_reg_0_1_0_5/RAMA/CLK
                         clock pessimism              0.253    -0.587    
    SLICE_X66Y140        RAMD32 (Hold_ramd32_CLK_WADR0)
                                                      0.310    -0.277    u_aes_gcm/u_core/u_plain_release_fifo/mem_reg_0_1_0_5/RAMA
  -------------------------------------------------------------------
                         required time                          0.277    
                         arrival time                          -0.204    
  -------------------------------------------------------------------
                         slack                                  0.074    

Slack (MET) :             0.074ns  (arrival time - required time)
  Source:                 u_aes_gcm/u_core/u_plain_release_fifo/wr_ptr_reg[0]/C
                            (rising edge-triggered cell FDRE clocked by core_clk_raw  {rise@0.000ns fall@2.857ns period=5.714ns})
  Destination:            u_aes_gcm/u_core/u_plain_release_fifo/mem_reg_0_1_0_5/RAMA_D1/WADR0
                            (rising edge-triggered cell RAMD32 clocked by core_clk_raw  {rise@0.000ns fall@2.857ns period=5.714ns})
  Path Group:             core_clk_raw
  Path Type:              Hold (Min at Fast Process Corner)
  Requirement:            0.000ns  (core_clk_raw rise@0.000ns - core_clk_raw rise@0.000ns)
  Data Path Delay:        0.400ns  (logic 0.141ns (35.286%)  route 0.259ns (64.714%))
  Logic Levels:           0  
  Clock Path Skew:        0.016ns (DCD - SCD - CPR)
    Destination Clock Delay (DCD):    -0.840ns
    Source Clock Delay      (SCD):    -0.603ns
    Clock Pessimism Removal (CPR):    -0.253ns

    Location             Delay type                Incr(ns)  Path(ns)    Netlist Resource(s)
  -------------------------------------------------------------------    -------------------
                         (clock core_clk_raw rise edge)
                                                      0.000     0.000 r  
    E3                                                0.000     0.000 r  clk (IN)
                         net (fo=0)                   0.000     0.000    clk
    E3                   IBUF (Prop_ibuf_I_O)         0.250     0.250 r  clk_IBUF_inst/O
                         net (fo=1, routed)           0.440     0.690    clk_IBUF
    MMCME2_ADV_X1Y2      MMCME2_ADV (Prop_mmcme2_adv_CLKIN1_CLKOUT0)
                                                     -2.379    -1.689 r  u_mmcm/CLKOUT0
                         net (fo=1, routed)           0.499    -1.190    core_clk_raw
    BUFGCTRL_X0Y16       BUFG (Prop_bufg_I_O)         0.026    -1.164 r  u_core_clk_buf/O
                         net (fo=11093, routed)       0.561    -0.603    u_aes_gcm/u_core/u_plain_release_fifo/core_clk
    SLICE_X65Y141        FDRE                                         r  u_aes_gcm/u_core/u_plain_release_fifo/wr_ptr_reg[0]/C
  -------------------------------------------------------------------    -------------------
    SLICE_X65Y141        FDRE (Prop_fdre_C_Q)         0.141    -0.462 r  u_aes_gcm/u_core/u_plain_release_fifo/wr_ptr_reg[0]/Q
                         net (fo=17, routed)          0.259    -0.204    u_aes_gcm/u_core/u_plain_release_fifo/mem_reg_0_1_0_5/ADDRD0
    SLICE_X66Y140        RAMD32                                       r  u_aes_gcm/u_core/u_plain_release_fifo/mem_reg_0_1_0_5/RAMA_D1/WADR0
  -------------------------------------------------------------------    -------------------

                         (clock core_clk_raw rise edge)
                                                      0.000     0.000 r  
    E3                                                0.000     0.000 r  clk (IN)
                         net (fo=0)                   0.000     0.000    clk
    E3                   IBUF (Prop_ibuf_I_O)         0.438     0.438 r  clk_IBUF_inst/O
                         net (fo=1, routed)           0.480     0.918    clk_IBUF
    MMCME2_ADV_X1Y2      MMCME2_ADV (Prop_mmcme2_adv_CLKIN1_CLKOUT0)
                                                     -3.163    -2.245 r  u_mmcm/CLKOUT0
                         net (fo=1, routed)           0.544    -1.702    core_clk_raw
    BUFGCTRL_X0Y16       BUFG (Prop_bufg_I_O)         0.029    -1.673 r  u_core_clk_buf/O
                         net (fo=11093, routed)       0.833    -0.840    u_aes_gcm/u_core/u_plain_release_fifo/mem_reg_0_1_0_5/WCLK
    SLICE_X66Y140        RAMD32                                       r  u_aes_gcm/u_core/u_plain_release_fifo/mem_reg_0_1_0_5/RAMA_D1/CLK
                         clock pessimism              0.253    -0.587    
    SLICE_X66Y140        RAMD32 (Hold_ramd32_CLK_WADR0)
                                                      0.310    -0.277    u_aes_gcm/u_core/u_plain_release_fifo/mem_reg_0_1_0_5/RAMA_D1
  -------------------------------------------------------------------
                         required time                          0.277    
                         arrival time                          -0.204    
  -------------------------------------------------------------------
                         slack                                  0.074    

Slack (MET) :             0.074ns  (arrival time - required time)
  Source:                 u_aes_gcm/u_core/u_plain_release_fifo/wr_ptr_reg[0]/C
                            (rising edge-triggered cell FDRE clocked by core_clk_raw  {rise@0.000ns fall@2.857ns period=5.714ns})
  Destination:            u_aes_gcm/u_core/u_plain_release_fifo/mem_reg_0_1_0_5/RAMB/WADR0
                            (rising edge-triggered cell RAMD32 clocked by core_clk_raw  {rise@0.000ns fall@2.857ns period=5.714ns})
  Path Group:             core_clk_raw
  Path Type:              Hold (Min at Fast Process Corner)
  Requirement:            0.000ns  (core_clk_raw rise@0.000ns - core_clk_raw rise@0.000ns)
  Data Path Delay:        0.400ns  (logic 0.141ns (35.286%)  route 0.259ns (64.714%))
  Logic Levels:           0  
  Clock Path Skew:        0.016ns (DCD - SCD - CPR)
    Destination Clock Delay (DCD):    -0.840ns
    Source Clock Delay      (SCD):    -0.603ns
    Clock Pessimism Removal (CPR):    -0.253ns

    Location             Delay type                Incr(ns)  Path(ns)    Netlist Resource(s)
  -------------------------------------------------------------------    -------------------
                         (clock core_clk_raw rise edge)
                                                      0.000     0.000 r  
    E3                                                0.000     0.000 r  clk (IN)
                         net (fo=0)                   0.000     0.000    clk
    E3                   IBUF (Prop_ibuf_I_O)         0.250     0.250 r  clk_IBUF_inst/O
                         net (fo=1, routed)           0.440     0.690    clk_IBUF
    MMCME2_ADV_X1Y2      MMCME2_ADV (Prop_mmcme2_adv_CLKIN1_CLKOUT0)
                                                     -2.379    -1.689 r  u_mmcm/CLKOUT0
                         net (fo=1, routed)           0.499    -1.190    core_clk_raw
    BUFGCTRL_X0Y16       BUFG (Prop_bufg_I_O)         0.026    -1.164 r  u_core_clk_buf/O
                         net (fo=11093, routed)       0.561    -0.603    u_aes_gcm/u_core/u_plain_release_fifo/core_clk
    SLICE_X65Y141        FDRE                                         r  u_aes_gcm/u_core/u_plain_release_fifo/wr_ptr_reg[0]/C
  -------------------------------------------------------------------    -------------------
    SLICE_X65Y141        FDRE (Prop_fdre_C_Q)         0.141    -0.462 r  u_aes_gcm/u_core/u_plain_release_fifo/wr_ptr_reg[0]/Q
                         net (fo=17, routed)          0.259    -0.204    u_aes_gcm/u_core/u_plain_release_fifo/mem_reg_0_1_0_5/ADDRD0
    SLICE_X66Y140        RAMD32                                       r  u_aes_gcm/u_core/u_plain_release_fifo/mem_reg_0_1_0_5/RAMB/WADR0
  -------------------------------------------------------------------    -------------------

                         (clock core_clk_raw rise edge)
                                                      0.000     0.000 r  
    E3                                                0.000     0.000 r  clk (IN)
                         net (fo=0)                   0.000     0.000    clk
    E3                   IBUF (Prop_ibuf_I_O)         0.438     0.438 r  clk_IBUF_inst/O
                         net (fo=1, routed)           0.480     0.918    clk_IBUF
    MMCME2_ADV_X1Y2      MMCME2_ADV (Prop_mmcme2_adv_CLKIN1_CLKOUT0)
                                                     -3.163    -2.245 r  u_mmcm/CLKOUT0
                         net (fo=1, routed)           0.544    -1.702    core_clk_raw
    BUFGCTRL_X0Y16       BUFG (Prop_bufg_I_O)         0.029    -1.673 r  u_core_clk_buf/O
                         net (fo=11093, routed)       0.833    -0.840    u_aes_gcm/u_core/u_plain_release_fifo/mem_reg_0_1_0_5/WCLK
    SLICE_X66Y140        RAMD32                                       r  u_aes_gcm/u_core/u_plain_release_fifo/mem_reg_0_1_0_5/RAMB/CLK
                         clock pessimism              0.253    -0.587    
    SLICE_X66Y140        RAMD32 (Hold_ramd32_CLK_WADR0)
                                                      0.310    -0.277    u_aes_gcm/u_core/u_plain_release_fifo/mem_reg_0_1_0_5/RAMB
  -------------------------------------------------------------------
                         required time                          0.277    
                         arrival time                          -0.204    
  -------------------------------------------------------------------
                         slack                                  0.074    

Slack (MET) :             0.074ns  (arrival time - required time)
  Source:                 u_aes_gcm/u_core/u_plain_release_fifo/wr_ptr_reg[0]/C
                            (rising edge-triggered cell FDRE clocked by core_clk_raw  {rise@0.000ns fall@2.857ns period=5.714ns})
  Destination:            u_aes_gcm/u_core/u_plain_release_fifo/mem_reg_0_1_0_5/RAMB_D1/WADR0
                            (rising edge-triggered cell RAMD32 clocked by core_clk_raw  {rise@0.000ns fall@2.857ns period=5.714ns})
  Path Group:             core_clk_raw
  Path Type:              Hold (Min at Fast Process Corner)
  Requirement:            0.000ns  (core_clk_raw rise@0.000ns - core_clk_raw rise@0.000ns)
  Data Path Delay:        0.400ns  (logic 0.141ns (35.286%)  route 0.259ns (64.714%))
  Logic Levels:           0  
  Clock Path Skew:        0.016ns (DCD - SCD - CPR)
    Destination Clock Delay (DCD):    -0.840ns
    Source Clock Delay      (SCD):    -0.603ns
    Clock Pessimism Removal (CPR):    -0.253ns

    Location             Delay type                Incr(ns)  Path(ns)    Netlist Resource(s)
  -------------------------------------------------------------------    -------------------
                         (clock core_clk_raw rise edge)
                                                      0.000     0.000 r  
    E3                                                0.000     0.000 r  clk (IN)
                         net (fo=0)                   0.000     0.000    clk
    E3                   IBUF (Prop_ibuf_I_O)         0.250     0.250 r  clk_IBUF_inst/O
                         net (fo=1, routed)           0.440     0.690    clk_IBUF
    MMCME2_ADV_X1Y2      MMCME2_ADV (Prop_mmcme2_adv_CLKIN1_CLKOUT0)
                                                     -2.379    -1.689 r  u_mmcm/CLKOUT0
                         net (fo=1, routed)           0.499    -1.190    core_clk_raw
    BUFGCTRL_X0Y16       BUFG (Prop_bufg_I_O)         0.026    -1.164 r  u_core_clk_buf/O
                         net (fo=11093, routed)       0.561    -0.603    u_aes_gcm/u_core/u_plain_release_fifo/core_clk
    SLICE_X65Y141        FDRE                                         r  u_aes_gcm/u_core/u_plain_release_fifo/wr_ptr_reg[0]/C
  -------------------------------------------------------------------    -------------------
    SLICE_X65Y141        FDRE (Prop_fdre_C_Q)         0.141    -0.462 r  u_aes_gcm/u_core/u_plain_release_fifo/wr_ptr_reg[0]/Q
                         net (fo=17, routed)          0.259    -0.204    u_aes_gcm/u_core/u_plain_release_fifo/mem_reg_0_1_0_5/ADDRD0
    SLICE_X66Y140        RAMD32                                       r  u_aes_gcm/u_core/u_plain_release_fifo/mem_reg_0_1_0_5/RAMB_D1/WADR0
  -------------------------------------------------------------------    -------------------

                         (clock core_clk_raw rise edge)
                                                      0.000     0.000 r  
    E3                                                0.000     0.000 r  clk (IN)
                         net (fo=0)                   0.000     0.000    clk
    E3                   IBUF (Prop_ibuf_I_O)         0.438     0.438 r  clk_IBUF_inst/O
                         net (fo=1, routed)           0.480     0.918    clk_IBUF
    MMCME2_ADV_X1Y2      MMCME2_ADV (Prop_mmcme2_adv_CLKIN1_CLKOUT0)
                                                     -3.163    -2.245 r  u_mmcm/CLKOUT0
                         net (fo=1, routed)           0.544    -1.702    core_clk_raw
    BUFGCTRL_X0Y16       BUFG (Prop_bufg_I_O)         0.029    -1.673 r  u_core_clk_buf/O
                         net (fo=11093, routed)       0.833    -0.840    u_aes_gcm/u_core/u_plain_release_fifo/mem_reg_0_1_0_5/WCLK
    SLICE_X66Y140        RAMD32                                       r  u_aes_gcm/u_core/u_plain_release_fifo/mem_reg_0_1_0_5/RAMB_D1/CLK
                         clock pessimism              0.253    -0.587    
    SLICE_X66Y140        RAMD32 (Hold_ramd32_CLK_WADR0)
                                                      0.310    -0.277    u_aes_gcm/u_core/u_plain_release_fifo/mem_reg_0_1_0_5/RAMB_D1
  -------------------------------------------------------------------
                         required time                          0.277    
                         arrival time                          -0.204    
  -------------------------------------------------------------------
                         slack                                  0.074    

Slack (MET) :             0.074ns  (arrival time - required time)
  Source:                 u_aes_gcm/u_core/u_plain_release_fifo/wr_ptr_reg[0]/C
                            (rising edge-triggered cell FDRE clocked by core_clk_raw  {rise@0.000ns fall@2.857ns period=5.714ns})
  Destination:            u_aes_gcm/u_core/u_plain_release_fifo/mem_reg_0_1_0_5/RAMC/WADR0
                            (rising edge-triggered cell RAMD32 clocked by core_clk_raw  {rise@0.000ns fall@2.857ns period=5.714ns})
  Path Group:             core_clk_raw
  Path Type:              Hold (Min at Fast Process Corner)
  Requirement:            0.000ns  (core_clk_raw rise@0.000ns - core_clk_raw rise@0.000ns)
  Data Path Delay:        0.400ns  (logic 0.141ns (35.286%)  route 0.259ns (64.714%))
  Logic Levels:           0  
  Clock Path Skew:        0.016ns (DCD - SCD - CPR)
    Destination Clock Delay (DCD):    -0.840ns
    Source Clock Delay      (SCD):    -0.603ns
    Clock Pessimism Removal (CPR):    -0.253ns

    Location             Delay type                Incr(ns)  Path(ns)    Netlist Resource(s)
  -------------------------------------------------------------------    -------------------
                         (clock core_clk_raw rise edge)
                                                      0.000     0.000 r  
    E3                                                0.000     0.000 r  clk (IN)
                         net (fo=0)                   0.000     0.000    clk
    E3                   IBUF (Prop_ibuf_I_O)         0.250     0.250 r  clk_IBUF_inst/O
                         net (fo=1, routed)           0.440     0.690    clk_IBUF
    MMCME2_ADV_X1Y2      MMCME2_ADV (Prop_mmcme2_adv_CLKIN1_CLKOUT0)
                                                     -2.379    -1.689 r  u_mmcm/CLKOUT0
                         net (fo=1, routed)           0.499    -1.190    core_clk_raw
    BUFGCTRL_X0Y16       BUFG (Prop_bufg_I_O)         0.026    -1.164 r  u_core_clk_buf/O
                         net (fo=11093, routed)       0.561    -0.603    u_aes_gcm/u_core/u_plain_release_fifo/core_clk
    SLICE_X65Y141        FDRE                                         r  u_aes_gcm/u_core/u_plain_release_fifo/wr_ptr_reg[0]/C
  -------------------------------------------------------------------    -------------------
    SLICE_X65Y141        FDRE (Prop_fdre_C_Q)         0.141    -0.462 r  u_aes_gcm/u_core/u_plain_release_fifo/wr_ptr_reg[0]/Q
                         net (fo=17, routed)          0.259    -0.204    u_aes_gcm/u_core/u_plain_release_fifo/mem_reg_0_1_0_5/ADDRD0
    SLICE_X66Y140        RAMD32                                       r  u_aes_gcm/u_core/u_plain_release_fifo/mem_reg_0_1_0_5/RAMC/WADR0
  -------------------------------------------------------------------    -------------------

                         (clock core_clk_raw rise edge)
                                                      0.000     0.000 r  
    E3                                                0.000     0.000 r  clk (IN)
                         net (fo=0)                   0.000     0.000    clk
    E3                   IBUF (Prop_ibuf_I_O)         0.438     0.438 r  clk_IBUF_inst/O
                         net (fo=1, routed)           0.480     0.918    clk_IBUF
    MMCME2_ADV_X1Y2      MMCME2_ADV (Prop_mmcme2_adv_CLKIN1_CLKOUT0)
                                                     -3.163    -2.245 r  u_mmcm/CLKOUT0
                         net (fo=1, routed)           0.544    -1.702    core_clk_raw
    BUFGCTRL_X0Y16       BUFG (Prop_bufg_I_O)         0.029    -1.673 r  u_core_clk_buf/O
                         net (fo=11093, routed)       0.833    -0.840    u_aes_gcm/u_core/u_plain_release_fifo/mem_reg_0_1_0_5/WCLK
    SLICE_X66Y140        RAMD32                                       r  u_aes_gcm/u_core/u_plain_release_fifo/mem_reg_0_1_0_5/RAMC/CLK
                         clock pessimism              0.253    -0.587    
    SLICE_X66Y140        RAMD32 (Hold_ramd32_CLK_WADR0)
                                                      0.310    -0.277    u_aes_gcm/u_core/u_plain_release_fifo/mem_reg_0_1_0_5/RAMC
  -------------------------------------------------------------------
                         required time                          0.277    
                         arrival time                          -0.204    
  -------------------------------------------------------------------
                         slack                                  0.074    

Slack (MET) :             0.074ns  (arrival time - required time)
  Source:                 u_aes_gcm/u_core/u_plain_release_fifo/wr_ptr_reg[0]/C
                            (rising edge-triggered cell FDRE clocked by core_clk_raw  {rise@0.000ns fall@2.857ns period=5.714ns})
  Destination:            u_aes_gcm/u_core/u_plain_release_fifo/mem_reg_0_1_0_5/RAMC_D1/WADR0
                            (rising edge-triggered cell RAMD32 clocked by core_clk_raw  {rise@0.000ns fall@2.857ns period=5.714ns})
  Path Group:             core_clk_raw
  Path Type:              Hold (Min at Fast Process Corner)
  Requirement:            0.000ns  (core_clk_raw rise@0.000ns - core_clk_raw rise@0.000ns)
  Data Path Delay:        0.400ns  (logic 0.141ns (35.286%)  route 0.259ns (64.714%))
  Logic Levels:           0  
  Clock Path Skew:        0.016ns (DCD - SCD - CPR)
    Destination Clock Delay (DCD):    -0.840ns
    Source Clock Delay      (SCD):    -0.603ns
    Clock Pessimism Removal (CPR):    -0.253ns

    Location             Delay type                Incr(ns)  Path(ns)    Netlist Resource(s)
  -------------------------------------------------------------------    -------------------
                         (clock core_clk_raw rise edge)
                                                      0.000     0.000 r  
    E3                                                0.000     0.000 r  clk (IN)
                         net (fo=0)                   0.000     0.000    clk
    E3                   IBUF (Prop_ibuf_I_O)         0.250     0.250 r  clk_IBUF_inst/O
                         net (fo=1, routed)           0.440     0.690    clk_IBUF
    MMCME2_ADV_X1Y2      MMCME2_ADV (Prop_mmcme2_adv_CLKIN1_CLKOUT0)
                                                     -2.379    -1.689 r  u_mmcm/CLKOUT0
                         net (fo=1, routed)           0.499    -1.190    core_clk_raw
    BUFGCTRL_X0Y16       BUFG (Prop_bufg_I_O)         0.026    -1.164 r  u_core_clk_buf/O
                         net (fo=11093, routed)       0.561    -0.603    u_aes_gcm/u_core/u_plain_release_fifo/core_clk
    SLICE_X65Y141        FDRE                                         r  u_aes_gcm/u_core/u_plain_release_fifo/wr_ptr_reg[0]/C
  -------------------------------------------------------------------    -------------------
    SLICE_X65Y141        FDRE (Prop_fdre_C_Q)         0.141    -0.462 r  u_aes_gcm/u_core/u_plain_release_fifo/wr_ptr_reg[0]/Q
                         net (fo=17, routed)          0.259    -0.204    u_aes_gcm/u_core/u_plain_release_fifo/mem_reg_0_1_0_5/ADDRD0
    SLICE_X66Y140        RAMD32                                       r  u_aes_gcm/u_core/u_plain_release_fifo/mem_reg_0_1_0_5/RAMC_D1/WADR0
  -------------------------------------------------------------------    -------------------

                         (clock core_clk_raw rise edge)
                                                      0.000     0.000 r  
    E3                                                0.000     0.000 r  clk (IN)
                         net (fo=0)                   0.000     0.000    clk
    E3                   IBUF (Prop_ibuf_I_O)         0.438     0.438 r  clk_IBUF_inst/O
                         net (fo=1, routed)           0.480     0.918    clk_IBUF
    MMCME2_ADV_X1Y2      MMCME2_ADV (Prop_mmcme2_adv_CLKIN1_CLKOUT0)
                                                     -3.163    -2.245 r  u_mmcm/CLKOUT0
                         net (fo=1, routed)           0.544    -1.702    core_clk_raw
    BUFGCTRL_X0Y16       BUFG (Prop_bufg_I_O)         0.029    -1.673 r  u_core_clk_buf/O
                         net (fo=11093, routed)       0.833    -0.840    u_aes_gcm/u_core/u_plain_release_fifo/mem_reg_0_1_0_5/WCLK
    SLICE_X66Y140        RAMD32                                       r  u_aes_gcm/u_core/u_plain_release_fifo/mem_reg_0_1_0_5/RAMC_D1/CLK
                         clock pessimism              0.253    -0.587    
    SLICE_X66Y140        RAMD32 (Hold_ramd32_CLK_WADR0)
                                                      0.310    -0.277    u_aes_gcm/u_core/u_plain_release_fifo/mem_reg_0_1_0_5/RAMC_D1
  -------------------------------------------------------------------
                         required time                          0.277    
                         arrival time                          -0.204    
  -------------------------------------------------------------------
                         slack                                  0.074    

Slack (MET) :             0.074ns  (arrival time - required time)
  Source:                 u_aes_gcm/u_core/u_plain_release_fifo/wr_ptr_reg[0]/C
                            (rising edge-triggered cell FDRE clocked by core_clk_raw  {rise@0.000ns fall@2.857ns period=5.714ns})
  Destination:            u_aes_gcm/u_core/u_plain_release_fifo/mem_reg_0_1_0_5/RAMD/ADR0
                            (rising edge-triggered cell RAMS32 clocked by core_clk_raw  {rise@0.000ns fall@2.857ns period=5.714ns})
  Path Group:             core_clk_raw
  Path Type:              Hold (Min at Fast Process Corner)
  Requirement:            0.000ns  (core_clk_raw rise@0.000ns - core_clk_raw rise@0.000ns)
  Data Path Delay:        0.400ns  (logic 0.141ns (35.286%)  route 0.259ns (64.714%))
  Logic Levels:           0  
  Clock Path Skew:        0.016ns (DCD - SCD - CPR)
    Destination Clock Delay (DCD):    -0.840ns
    Source Clock Delay      (SCD):    -0.603ns
    Clock Pessimism Removal (CPR):    -0.253ns

    Location             Delay type                Incr(ns)  Path(ns)    Netlist Resource(s)
  -------------------------------------------------------------------    -------------------
                         (clock core_clk_raw rise edge)
                                                      0.000     0.000 r  
    E3                                                0.000     0.000 r  clk (IN)
                         net (fo=0)                   0.000     0.000    clk
    E3                   IBUF (Prop_ibuf_I_O)         0.250     0.250 r  clk_IBUF_inst/O
                         net (fo=1, routed)           0.440     0.690    clk_IBUF
    MMCME2_ADV_X1Y2      MMCME2_ADV (Prop_mmcme2_adv_CLKIN1_CLKOUT0)
                                                     -2.379    -1.689 r  u_mmcm/CLKOUT0
                         net (fo=1, routed)           0.499    -1.190    core_clk_raw
    BUFGCTRL_X0Y16       BUFG (Prop_bufg_I_O)         0.026    -1.164 r  u_core_clk_buf/O
                         net (fo=11093, routed)       0.561    -0.603    u_aes_gcm/u_core/u_plain_release_fifo/core_clk
    SLICE_X65Y141        FDRE                                         r  u_aes_gcm/u_core/u_plain_release_fifo/wr_ptr_reg[0]/C
  -------------------------------------------------------------------    -------------------
    SLICE_X65Y141        FDRE (Prop_fdre_C_Q)         0.141    -0.462 r  u_aes_gcm/u_core/u_plain_release_fifo/wr_ptr_reg[0]/Q
                         net (fo=17, routed)          0.259    -0.204    u_aes_gcm/u_core/u_plain_release_fifo/mem_reg_0_1_0_5/ADDRD0
    SLICE_X66Y140        RAMS32                                       r  u_aes_gcm/u_core/u_plain_release_fifo/mem_reg_0_1_0_5/RAMD/ADR0
  -------------------------------------------------------------------    -------------------

                         (clock core_clk_raw rise edge)
                                                      0.000     0.000 r  
    E3                                                0.000     0.000 r  clk (IN)
                         net (fo=0)                   0.000     0.000    clk
    E3                   IBUF (Prop_ibuf_I_O)         0.438     0.438 r  clk_IBUF_inst/O
                         net (fo=1, routed)           0.480     0.918    clk_IBUF
    MMCME2_ADV_X1Y2      MMCME2_ADV (Prop_mmcme2_adv_CLKIN1_CLKOUT0)
                                                     -3.163    -2.245 r  u_mmcm/CLKOUT0
                         net (fo=1, routed)           0.544    -1.702    core_clk_raw
    BUFGCTRL_X0Y16       BUFG (Prop_bufg_I_O)         0.029    -1.673 r  u_core_clk_buf/O
                         net (fo=11093, routed)       0.833    -0.840    u_aes_gcm/u_core/u_plain_release_fifo/mem_reg_0_1_0_5/WCLK
    SLICE_X66Y140        RAMS32                                       r  u_aes_gcm/u_core/u_plain_release_fifo/mem_reg_0_1_0_5/RAMD/CLK
                         clock pessimism              0.253    -0.587    
    SLICE_X66Y140        RAMS32 (Hold_rams32_CLK_ADR0)
                                                      0.310    -0.277    u_aes_gcm/u_core/u_plain_release_fifo/mem_reg_0_1_0_5/RAMD
  -------------------------------------------------------------------
                         required time                          0.277    
                         arrival time                          -0.204    
  -------------------------------------------------------------------
                         slack                                  0.074    

Slack (MET) :             0.074ns  (arrival time - required time)
  Source:                 u_aes_gcm/u_core/u_plain_release_fifo/wr_ptr_reg[0]/C
                            (rising edge-triggered cell FDRE clocked by core_clk_raw  {rise@0.000ns fall@2.857ns period=5.714ns})
  Destination:            u_aes_gcm/u_core/u_plain_release_fifo/mem_reg_0_1_0_5/RAMD_D1/ADR0
                            (rising edge-triggered cell RAMS32 clocked by core_clk_raw  {rise@0.000ns fall@2.857ns period=5.714ns})
  Path Group:             core_clk_raw
  Path Type:              Hold (Min at Fast Process Corner)
  Requirement:            0.000ns  (core_clk_raw rise@0.000ns - core_clk_raw rise@0.000ns)
  Data Path Delay:        0.400ns  (logic 0.141ns (35.286%)  route 0.259ns (64.714%))
  Logic Levels:           0  
  Clock Path Skew:        0.016ns (DCD - SCD - CPR)
    Destination Clock Delay (DCD):    -0.840ns
    Source Clock Delay      (SCD):    -0.603ns
    Clock Pessimism Removal (CPR):    -0.253ns

    Location             Delay type                Incr(ns)  Path(ns)    Netlist Resource(s)
  -------------------------------------------------------------------    -------------------
                         (clock core_clk_raw rise edge)
                                                      0.000     0.000 r  
    E3                                                0.000     0.000 r  clk (IN)
                         net (fo=0)                   0.000     0.000    clk
    E3                   IBUF (Prop_ibuf_I_O)         0.250     0.250 r  clk_IBUF_inst/O
                         net (fo=1, routed)           0.440     0.690    clk_IBUF
    MMCME2_ADV_X1Y2      MMCME2_ADV (Prop_mmcme2_adv_CLKIN1_CLKOUT0)
                                                     -2.379    -1.689 r  u_mmcm/CLKOUT0
                         net (fo=1, routed)           0.499    -1.190    core_clk_raw
    BUFGCTRL_X0Y16       BUFG (Prop_bufg_I_O)         0.026    -1.164 r  u_core_clk_buf/O
                         net (fo=11093, routed)       0.561    -0.603    u_aes_gcm/u_core/u_plain_release_fifo/core_clk
    SLICE_X65Y141        FDRE                                         r  u_aes_gcm/u_core/u_plain_release_fifo/wr_ptr_reg[0]/C
  -------------------------------------------------------------------    -------------------
    SLICE_X65Y141        FDRE (Prop_fdre_C_Q)         0.141    -0.462 r  u_aes_gcm/u_core/u_plain_release_fifo/wr_ptr_reg[0]/Q
                         net (fo=17, routed)          0.259    -0.204    u_aes_gcm/u_core/u_plain_release_fifo/mem_reg_0_1_0_5/ADDRD0
    SLICE_X66Y140        RAMS32                                       r  u_aes_gcm/u_core/u_plain_release_fifo/mem_reg_0_1_0_5/RAMD_D1/ADR0
  -------------------------------------------------------------------    -------------------

                         (clock core_clk_raw rise edge)
                                                      0.000     0.000 r  
    E3                                                0.000     0.000 r  clk (IN)
                         net (fo=0)                   0.000     0.000    clk
    E3                   IBUF (Prop_ibuf_I_O)         0.438     0.438 r  clk_IBUF_inst/O
                         net (fo=1, routed)           0.480     0.918    clk_IBUF
    MMCME2_ADV_X1Y2      MMCME2_ADV (Prop_mmcme2_adv_CLKIN1_CLKOUT0)
                                                     -3.163    -2.245 r  u_mmcm/CLKOUT0
                         net (fo=1, routed)           0.544    -1.702    core_clk_raw
    BUFGCTRL_X0Y16       BUFG (Prop_bufg_I_O)         0.029    -1.673 r  u_core_clk_buf/O
                         net (fo=11093, routed)       0.833    -0.840    u_aes_gcm/u_core/u_plain_release_fifo/mem_reg_0_1_0_5/WCLK
    SLICE_X66Y140        RAMS32                                       r  u_aes_gcm/u_core/u_plain_release_fifo/mem_reg_0_1_0_5/RAMD_D1/CLK
                         clock pessimism              0.253    -0.587    
    SLICE_X66Y140        RAMS32 (Hold_rams32_CLK_ADR0)
                                                      0.310    -0.277    u_aes_gcm/u_core/u_plain_release_fifo/mem_reg_0_1_0_5/RAMD_D1
  -------------------------------------------------------------------
                         required time                          0.277    
                         arrival time                          -0.204    
  -------------------------------------------------------------------
                         slack                                  0.074    

Slack (MET) :             0.076ns  (arrival time - required time)
  Source:                 u_aes_gcm/u_core/u_aes_first_engine/block_out_r_reg[31]/C
                            (rising edge-triggered cell FDRE clocked by core_clk_raw  {rise@0.000ns fall@2.857ns period=5.714ns})
  Destination:            u_aes_gcm/u_core/aes_first_result_block_r_reg[31]/D
                            (rising edge-triggered cell FDRE clocked by core_clk_raw  {rise@0.000ns fall@2.857ns period=5.714ns})
  Path Group:             core_clk_raw
  Path Type:              Hold (Min at Fast Process Corner)
  Requirement:            0.000ns  (core_clk_raw rise@0.000ns - core_clk_raw rise@0.000ns)
  Data Path Delay:        0.330ns  (logic 0.141ns (42.782%)  route 0.189ns (57.218%))
  Logic Levels:           0  
  Clock Path Skew:        0.181ns (DCD - SCD - CPR)
    Destination Clock Delay (DCD):    -0.845ns
    Source Clock Delay      (SCD):    -0.523ns
    Clock Pessimism Removal (CPR):    -0.504ns

    Location             Delay type                Incr(ns)  Path(ns)    Netlist Resource(s)
  -------------------------------------------------------------------    -------------------
                         (clock core_clk_raw rise edge)
                                                      0.000     0.000 r  
    E3                                                0.000     0.000 r  clk (IN)
                         net (fo=0)                   0.000     0.000    clk
    E3                   IBUF (Prop_ibuf_I_O)         0.250     0.250 r  clk_IBUF_inst/O
                         net (fo=1, routed)           0.440     0.690    clk_IBUF
    MMCME2_ADV_X1Y2      MMCME2_ADV (Prop_mmcme2_adv_CLKIN1_CLKOUT0)
                                                     -2.379    -1.689 r  u_mmcm/CLKOUT0
                         net (fo=1, routed)           0.499    -1.190    core_clk_raw
    BUFGCTRL_X0Y16       BUFG (Prop_bufg_I_O)         0.026    -1.164 r  u_core_clk_buf/O
                         net (fo=11093, routed)       0.641    -0.523    u_aes_gcm/u_core/u_aes_first_engine/core_clk
    SLICE_X53Y150        FDRE                                         r  u_aes_gcm/u_core/u_aes_first_engine/block_out_r_reg[31]/C
  -------------------------------------------------------------------    -------------------
    SLICE_X53Y150        FDRE (Prop_fdre_C_Q)         0.141    -0.382 r  u_aes_gcm/u_core/u_aes_first_engine/block_out_r_reg[31]/Q
                         net (fo=1, routed)           0.189    -0.193    u_aes_gcm/u_core/aes_first_out[31]
    SLICE_X55Y143        FDRE                                         r  u_aes_gcm/u_core/aes_first_result_block_r_reg[31]/D
  -------------------------------------------------------------------    -------------------

                         (clock core_clk_raw rise edge)
                                                      0.000     0.000 r  
    E3                                                0.000     0.000 r  clk (IN)
                         net (fo=0)                   0.000     0.000    clk
    E3                   IBUF (Prop_ibuf_I_O)         0.438     0.438 r  clk_IBUF_inst/O
                         net (fo=1, routed)           0.480     0.918    clk_IBUF
    MMCME2_ADV_X1Y2      MMCME2_ADV (Prop_mmcme2_adv_CLKIN1_CLKOUT0)
                                                     -3.163    -2.245 r  u_mmcm/CLKOUT0
                         net (fo=1, routed)           0.544    -1.702    core_clk_raw
    BUFGCTRL_X0Y16       BUFG (Prop_bufg_I_O)         0.029    -1.673 r  u_core_clk_buf/O
                         net (fo=11093, routed)       0.827    -0.845    u_aes_gcm/u_core/core_clk
    SLICE_X55Y143        FDRE                                         r  u_aes_gcm/u_core/aes_first_result_block_r_reg[31]/C
                         clock pessimism              0.504    -0.341    
    SLICE_X55Y143        FDRE (Hold_fdre_C_D)         0.072    -0.269    u_aes_gcm/u_core/aes_first_result_block_r_reg[31]
  -------------------------------------------------------------------
                         required time                          0.269    
                         arrival time                          -0.193    
  -------------------------------------------------------------------
                         slack                                  0.076    

Slack (MET) :             0.079ns  (arrival time - required time)
  Source:                 u_aes_gcm/u_core/u_desc_fifo/wr_ptr_reg[0]/C
                            (rising edge-triggered cell FDRE clocked by core_clk_raw  {rise@0.000ns fall@2.857ns period=5.714ns})
  Destination:            u_aes_gcm/u_core/u_desc_fifo/mem_reg_0_1_0_5/RAMA/WADR0
                            (rising edge-triggered cell RAMD32 clocked by core_clk_raw  {rise@0.000ns fall@2.857ns period=5.714ns})
  Path Group:             core_clk_raw
  Path Type:              Hold (Min at Fast Process Corner)
  Requirement:            0.000ns  (core_clk_raw rise@0.000ns - core_clk_raw rise@0.000ns)
  Data Path Delay:        0.405ns  (logic 0.141ns (34.795%)  route 0.264ns (65.205%))
  Logic Levels:           0  
  Clock Path Skew:        0.016ns (DCD - SCD - CPR)
    Destination Clock Delay (DCD):    -0.841ns
    Source Clock Delay      (SCD):    -0.604ns
    Clock Pessimism Removal (CPR):    -0.253ns

    Location             Delay type                Incr(ns)  Path(ns)    Netlist Resource(s)
  -------------------------------------------------------------------    -------------------
                         (clock core_clk_raw rise edge)
                                                      0.000     0.000 r  
    E3                                                0.000     0.000 r  clk (IN)
                         net (fo=0)                   0.000     0.000    clk
    E3                   IBUF (Prop_ibuf_I_O)         0.250     0.250 r  clk_IBUF_inst/O
                         net (fo=1, routed)           0.440     0.690    clk_IBUF
    MMCME2_ADV_X1Y2      MMCME2_ADV (Prop_mmcme2_adv_CLKIN1_CLKOUT0)
                                                     -2.379    -1.689 r  u_mmcm/CLKOUT0
                         net (fo=1, routed)           0.499    -1.190    core_clk_raw
    BUFGCTRL_X0Y16       BUFG (Prop_bufg_I_O)         0.026    -1.164 r  u_core_clk_buf/O
                         net (fo=11093, routed)       0.560    -0.604    u_aes_gcm/u_core/u_desc_fifo/core_clk
    SLICE_X64Y139        FDRE                                         r  u_aes_gcm/u_core/u_desc_fifo/wr_ptr_reg[0]/C
  -------------------------------------------------------------------    -------------------
    SLICE_X64Y139        FDRE (Prop_fdre_C_Q)         0.141    -0.463 r  u_aes_gcm/u_core/u_desc_fifo/wr_ptr_reg[0]/Q
                         net (fo=57, routed)          0.264    -0.199    u_aes_gcm/u_core/u_desc_fifo/mem_reg_0_1_0_5/ADDRD0
    SLICE_X66Y139        RAMD32                                       r  u_aes_gcm/u_core/u_desc_fifo/mem_reg_0_1_0_5/RAMA/WADR0
  -------------------------------------------------------------------    -------------------

                         (clock core_clk_raw rise edge)
                                                      0.000     0.000 r  
    E3                                                0.000     0.000 r  clk (IN)
                         net (fo=0)                   0.000     0.000    clk
    E3                   IBUF (Prop_ibuf_I_O)         0.438     0.438 r  clk_IBUF_inst/O
                         net (fo=1, routed)           0.480     0.918    clk_IBUF
    MMCME2_ADV_X1Y2      MMCME2_ADV (Prop_mmcme2_adv_CLKIN1_CLKOUT0)
                                                     -3.163    -2.245 r  u_mmcm/CLKOUT0
                         net (fo=1, routed)           0.544    -1.702    core_clk_raw
    BUFGCTRL_X0Y16       BUFG (Prop_bufg_I_O)         0.029    -1.673 r  u_core_clk_buf/O
                         net (fo=11093, routed)       0.832    -0.841    u_aes_gcm/u_core/u_desc_fifo/mem_reg_0_1_0_5/WCLK
    SLICE_X66Y139        RAMD32                                       r  u_aes_gcm/u_core/u_desc_fifo/mem_reg_0_1_0_5/RAMA/CLK
                         clock pessimism              0.253    -0.588    
    SLICE_X66Y139        RAMD32 (Hold_ramd32_CLK_WADR0)
                                                      0.310    -0.278    u_aes_gcm/u_core/u_desc_fifo/mem_reg_0_1_0_5/RAMA
  -------------------------------------------------------------------
                         required time                          0.278    
                         arrival time                          -0.199    
  -------------------------------------------------------------------
                         slack                                  0.079    

Slack (MET) :             0.079ns  (arrival time - required time)
  Source:                 u_aes_gcm/u_core/u_desc_fifo/wr_ptr_reg[0]/C
                            (rising edge-triggered cell FDRE clocked by core_clk_raw  {rise@0.000ns fall@2.857ns period=5.714ns})
  Destination:            u_aes_gcm/u_core/u_desc_fifo/mem_reg_0_1_0_5/RAMA_D1/WADR0
                            (rising edge-triggered cell RAMD32 clocked by core_clk_raw  {rise@0.000ns fall@2.857ns period=5.714ns})
  Path Group:             core_clk_raw
  Path Type:              Hold (Min at Fast Process Corner)
  Requirement:            0.000ns  (core_clk_raw rise@0.000ns - core_clk_raw rise@0.000ns)
  Data Path Delay:        0.405ns  (logic 0.141ns (34.795%)  route 0.264ns (65.205%))
  Logic Levels:           0  
  Clock Path Skew:        0.016ns (DCD - SCD - CPR)
    Destination Clock Delay (DCD):    -0.841ns
    Source Clock Delay      (SCD):    -0.604ns
    Clock Pessimism Removal (CPR):    -0.253ns

    Location             Delay type                Incr(ns)  Path(ns)    Netlist Resource(s)
  -------------------------------------------------------------------    -------------------
                         (clock core_clk_raw rise edge)
                                                      0.000     0.000 r  
    E3                                                0.000     0.000 r  clk (IN)
                         net (fo=0)                   0.000     0.000    clk
    E3                   IBUF (Prop_ibuf_I_O)         0.250     0.250 r  clk_IBUF_inst/O
                         net (fo=1, routed)           0.440     0.690    clk_IBUF
    MMCME2_ADV_X1Y2      MMCME2_ADV (Prop_mmcme2_adv_CLKIN1_CLKOUT0)
                                                     -2.379    -1.689 r  u_mmcm/CLKOUT0
                         net (fo=1, routed)           0.499    -1.190    core_clk_raw
    BUFGCTRL_X0Y16       BUFG (Prop_bufg_I_O)         0.026    -1.164 r  u_core_clk_buf/O
                         net (fo=11093, routed)       0.560    -0.604    u_aes_gcm/u_core/u_desc_fifo/core_clk
    SLICE_X64Y139        FDRE                                         r  u_aes_gcm/u_core/u_desc_fifo/wr_ptr_reg[0]/C
  -------------------------------------------------------------------    -------------------
    SLICE_X64Y139        FDRE (Prop_fdre_C_Q)         0.141    -0.463 r  u_aes_gcm/u_core/u_desc_fifo/wr_ptr_reg[0]/Q
                         net (fo=57, routed)          0.264    -0.199    u_aes_gcm/u_core/u_desc_fifo/mem_reg_0_1_0_5/ADDRD0
    SLICE_X66Y139        RAMD32                                       r  u_aes_gcm/u_core/u_desc_fifo/mem_reg_0_1_0_5/RAMA_D1/WADR0
  -------------------------------------------------------------------    -------------------

                         (clock core_clk_raw rise edge)
                                                      0.000     0.000 r  
    E3                                                0.000     0.000 r  clk (IN)
                         net (fo=0)                   0.000     0.000    clk
    E3                   IBUF (Prop_ibuf_I_O)         0.438     0.438 r  clk_IBUF_inst/O
                         net (fo=1, routed)           0.480     0.918    clk_IBUF
    MMCME2_ADV_X1Y2      MMCME2_ADV (Prop_mmcme2_adv_CLKIN1_CLKOUT0)
                                                     -3.163    -2.245 r  u_mmcm/CLKOUT0
                         net (fo=1, routed)           0.544    -1.702    core_clk_raw
    BUFGCTRL_X0Y16       BUFG (Prop_bufg_I_O)         0.029    -1.673 r  u_core_clk_buf/O
                         net (fo=11093, routed)       0.832    -0.841    u_aes_gcm/u_core/u_desc_fifo/mem_reg_0_1_0_5/WCLK
    SLICE_X66Y139        RAMD32                                       r  u_aes_gcm/u_core/u_desc_fifo/mem_reg_0_1_0_5/RAMA_D1/CLK
                         clock pessimism              0.253    -0.588    
    SLICE_X66Y139        RAMD32 (Hold_ramd32_CLK_WADR0)
                                                      0.310    -0.278    u_aes_gcm/u_core/u_desc_fifo/mem_reg_0_1_0_5/RAMA_D1
  -------------------------------------------------------------------
                         required time                          0.278    
                         arrival time                          -0.199    
  -------------------------------------------------------------------
                         slack                                  0.079    

Slack (MET) :             0.079ns  (arrival time - required time)
  Source:                 u_aes_gcm/u_core/u_desc_fifo/wr_ptr_reg[0]/C
                            (rising edge-triggered cell FDRE clocked by core_clk_raw  {rise@0.000ns fall@2.857ns period=5.714ns})
  Destination:            u_aes_gcm/u_core/u_desc_fifo/mem_reg_0_1_0_5/RAMB/WADR0
                            (rising edge-triggered cell RAMD32 clocked by core_clk_raw  {rise@0.000ns fall@2.857ns period=5.714ns})
  Path Group:             core_clk_raw
  Path Type:              Hold (Min at Fast Process Corner)
  Requirement:            0.000ns  (core_clk_raw rise@0.000ns - core_clk_raw rise@0.000ns)
  Data Path Delay:        0.405ns  (logic 0.141ns (34.795%)  route 0.264ns (65.205%))
  Logic Levels:           0  
  Clock Path Skew:        0.016ns (DCD - SCD - CPR)
    Destination Clock Delay (DCD):    -0.841ns
    Source Clock Delay      (SCD):    -0.604ns
    Clock Pessimism Removal (CPR):    -0.253ns

    Location             Delay type                Incr(ns)  Path(ns)    Netlist Resource(s)
  -------------------------------------------------------------------    -------------------
                         (clock core_clk_raw rise edge)
                                                      0.000     0.000 r  
    E3                                                0.000     0.000 r  clk (IN)
                         net (fo=0)                   0.000     0.000    clk
    E3                   IBUF (Prop_ibuf_I_O)         0.250     0.250 r  clk_IBUF_inst/O
                         net (fo=1, routed)           0.440     0.690    clk_IBUF
    MMCME2_ADV_X1Y2      MMCME2_ADV (Prop_mmcme2_adv_CLKIN1_CLKOUT0)
                                                     -2.379    -1.689 r  u_mmcm/CLKOUT0
                         net (fo=1, routed)           0.499    -1.190    core_clk_raw
    BUFGCTRL_X0Y16       BUFG (Prop_bufg_I_O)         0.026    -1.164 r  u_core_clk_buf/O
                         net (fo=11093, routed)       0.560    -0.604    u_aes_gcm/u_core/u_desc_fifo/core_clk
    SLICE_X64Y139        FDRE                                         r  u_aes_gcm/u_core/u_desc_fifo/wr_ptr_reg[0]/C
  -------------------------------------------------------------------    -------------------
    SLICE_X64Y139        FDRE (Prop_fdre_C_Q)         0.141    -0.463 r  u_aes_gcm/u_core/u_desc_fifo/wr_ptr_reg[0]/Q
                         net (fo=57, routed)          0.264    -0.199    u_aes_gcm/u_core/u_desc_fifo/mem_reg_0_1_0_5/ADDRD0
    SLICE_X66Y139        RAMD32                                       r  u_aes_gcm/u_core/u_desc_fifo/mem_reg_0_1_0_5/RAMB/WADR0
  -------------------------------------------------------------------    -------------------

                         (clock core_clk_raw rise edge)
                                                      0.000     0.000 r  
    E3                                                0.000     0.000 r  clk (IN)
                         net (fo=0)                   0.000     0.000    clk
    E3                   IBUF (Prop_ibuf_I_O)         0.438     0.438 r  clk_IBUF_inst/O
                         net (fo=1, routed)           0.480     0.918    clk_IBUF
    MMCME2_ADV_X1Y2      MMCME2_ADV (Prop_mmcme2_adv_CLKIN1_CLKOUT0)
                                                     -3.163    -2.245 r  u_mmcm/CLKOUT0
                         net (fo=1, routed)           0.544    -1.702    core_clk_raw
    BUFGCTRL_X0Y16       BUFG (Prop_bufg_I_O)         0.029    -1.673 r  u_core_clk_buf/O
                         net (fo=11093, routed)       0.832    -0.841    u_aes_gcm/u_core/u_desc_fifo/mem_reg_0_1_0_5/WCLK
    SLICE_X66Y139        RAMD32                                       r  u_aes_gcm/u_core/u_desc_fifo/mem_reg_0_1_0_5/RAMB/CLK
                         clock pessimism              0.253    -0.588    
    SLICE_X66Y139        RAMD32 (Hold_ramd32_CLK_WADR0)
                                                      0.310    -0.278    u_aes_gcm/u_core/u_desc_fifo/mem_reg_0_1_0_5/RAMB
  -------------------------------------------------------------------
                         required time                          0.278    
                         arrival time                          -0.199    
  -------------------------------------------------------------------
                         slack                                  0.079    

Slack (MET) :             0.079ns  (arrival time - required time)
  Source:                 u_aes_gcm/u_core/u_desc_fifo/wr_ptr_reg[0]/C
                            (rising edge-triggered cell FDRE clocked by core_clk_raw  {rise@0.000ns fall@2.857ns period=5.714ns})
  Destination:            u_aes_gcm/u_core/u_desc_fifo/mem_reg_0_1_0_5/RAMB_D1/WADR0
                            (rising edge-triggered cell RAMD32 clocked by core_clk_raw  {rise@0.000ns fall@2.857ns period=5.714ns})
  Path Group:             core_clk_raw
  Path Type:              Hold (Min at Fast Process Corner)
  Requirement:            0.000ns  (core_clk_raw rise@0.000ns - core_clk_raw rise@0.000ns)
  Data Path Delay:        0.405ns  (logic 0.141ns (34.795%)  route 0.264ns (65.205%))
  Logic Levels:           0  
  Clock Path Skew:        0.016ns (DCD - SCD - CPR)
    Destination Clock Delay (DCD):    -0.841ns
    Source Clock Delay      (SCD):    -0.604ns
    Clock Pessimism Removal (CPR):    -0.253ns

    Location             Delay type                Incr(ns)  Path(ns)    Netlist Resource(s)
  -------------------------------------------------------------------    -------------------
                         (clock core_clk_raw rise edge)
                                                      0.000     0.000 r  
    E3                                                0.000     0.000 r  clk (IN)
                         net (fo=0)                   0.000     0.000    clk
    E3                   IBUF (Prop_ibuf_I_O)         0.250     0.250 r  clk_IBUF_inst/O
                         net (fo=1, routed)           0.440     0.690    clk_IBUF
    MMCME2_ADV_X1Y2      MMCME2_ADV (Prop_mmcme2_adv_CLKIN1_CLKOUT0)
                                                     -2.379    -1.689 r  u_mmcm/CLKOUT0
                         net (fo=1, routed)           0.499    -1.190    core_clk_raw
    BUFGCTRL_X0Y16       BUFG (Prop_bufg_I_O)         0.026    -1.164 r  u_core_clk_buf/O
                         net (fo=11093, routed)       0.560    -0.604    u_aes_gcm/u_core/u_desc_fifo/core_clk
    SLICE_X64Y139        FDRE                                         r  u_aes_gcm/u_core/u_desc_fifo/wr_ptr_reg[0]/C
  -------------------------------------------------------------------    -------------------
    SLICE_X64Y139        FDRE (Prop_fdre_C_Q)         0.141    -0.463 r  u_aes_gcm/u_core/u_desc_fifo/wr_ptr_reg[0]/Q
                         net (fo=57, routed)          0.264    -0.199    u_aes_gcm/u_core/u_desc_fifo/mem_reg_0_1_0_5/ADDRD0
    SLICE_X66Y139        RAMD32                                       r  u_aes_gcm/u_core/u_desc_fifo/mem_reg_0_1_0_5/RAMB_D1/WADR0
  -------------------------------------------------------------------    -------------------

                         (clock core_clk_raw rise edge)
                                                      0.000     0.000 r  
    E3                                                0.000     0.000 r  clk (IN)
                         net (fo=0)                   0.000     0.000    clk
    E3                   IBUF (Prop_ibuf_I_O)         0.438     0.438 r  clk_IBUF_inst/O
                         net (fo=1, routed)           0.480     0.918    clk_IBUF
    MMCME2_ADV_X1Y2      MMCME2_ADV (Prop_mmcme2_adv_CLKIN1_CLKOUT0)
                                                     -3.163    -2.245 r  u_mmcm/CLKOUT0
                         net (fo=1, routed)           0.544    -1.702    core_clk_raw
    BUFGCTRL_X0Y16       BUFG (Prop_bufg_I_O)         0.029    -1.673 r  u_core_clk_buf/O
                         net (fo=11093, routed)       0.832    -0.841    u_aes_gcm/u_core/u_desc_fifo/mem_reg_0_1_0_5/WCLK
    SLICE_X66Y139        RAMD32                                       r  u_aes_gcm/u_core/u_desc_fifo/mem_reg_0_1_0_5/RAMB_D1/CLK
                         clock pessimism              0.253    -0.588    
    SLICE_X66Y139        RAMD32 (Hold_ramd32_CLK_WADR0)
                                                      0.310    -0.278    u_aes_gcm/u_core/u_desc_fifo/mem_reg_0_1_0_5/RAMB_D1
  -------------------------------------------------------------------
                         required time                          0.278    
                         arrival time                          -0.199    
  -------------------------------------------------------------------
                         slack                                  0.079    

Slack (MET) :             0.079ns  (arrival time - required time)
  Source:                 u_aes_gcm/u_core/u_desc_fifo/wr_ptr_reg[0]/C
                            (rising edge-triggered cell FDRE clocked by core_clk_raw  {rise@0.000ns fall@2.857ns period=5.714ns})
  Destination:            u_aes_gcm/u_core/u_desc_fifo/mem_reg_0_1_0_5/RAMC/WADR0
                            (rising edge-triggered cell RAMD32 clocked by core_clk_raw  {rise@0.000ns fall@2.857ns period=5.714ns})
  Path Group:             core_clk_raw
  Path Type:              Hold (Min at Fast Process Corner)
  Requirement:            0.000ns  (core_clk_raw rise@0.000ns - core_clk_raw rise@0.000ns)
  Data Path Delay:        0.405ns  (logic 0.141ns (34.795%)  route 0.264ns (65.205%))
  Logic Levels:           0  
  Clock Path Skew:        0.016ns (DCD - SCD - CPR)
    Destination Clock Delay (DCD):    -0.841ns
    Source Clock Delay      (SCD):    -0.604ns
    Clock Pessimism Removal (CPR):    -0.253ns

    Location             Delay type                Incr(ns)  Path(ns)    Netlist Resource(s)
  -------------------------------------------------------------------    -------------------
                         (clock core_clk_raw rise edge)
                                                      0.000     0.000 r  
    E3                                                0.000     0.000 r  clk (IN)
                         net (fo=0)                   0.000     0.000    clk
    E3                   IBUF (Prop_ibuf_I_O)         0.250     0.250 r  clk_IBUF_inst/O
                         net (fo=1, routed)           0.440     0.690    clk_IBUF
    MMCME2_ADV_X1Y2      MMCME2_ADV (Prop_mmcme2_adv_CLKIN1_CLKOUT0)
                                                     -2.379    -1.689 r  u_mmcm/CLKOUT0
                         net (fo=1, routed)           0.499    -1.190    core_clk_raw
    BUFGCTRL_X0Y16       BUFG (Prop_bufg_I_O)         0.026    -1.164 r  u_core_clk_buf/O
                         net (fo=11093, routed)       0.560    -0.604    u_aes_gcm/u_core/u_desc_fifo/core_clk
    SLICE_X64Y139        FDRE                                         r  u_aes_gcm/u_core/u_desc_fifo/wr_ptr_reg[0]/C
  -------------------------------------------------------------------    -------------------
    SLICE_X64Y139        FDRE (Prop_fdre_C_Q)         0.141    -0.463 r  u_aes_gcm/u_core/u_desc_fifo/wr_ptr_reg[0]/Q
                         net (fo=57, routed)          0.264    -0.199    u_aes_gcm/u_core/u_desc_fifo/mem_reg_0_1_0_5/ADDRD0
    SLICE_X66Y139        RAMD32                                       r  u_aes_gcm/u_core/u_desc_fifo/mem_reg_0_1_0_5/RAMC/WADR0
  -------------------------------------------------------------------    -------------------

                         (clock core_clk_raw rise edge)
                                                      0.000     0.000 r  
    E3                                                0.000     0.000 r  clk (IN)
                         net (fo=0)                   0.000     0.000    clk
    E3                   IBUF (Prop_ibuf_I_O)         0.438     0.438 r  clk_IBUF_inst/O
                         net (fo=1, routed)           0.480     0.918    clk_IBUF
    MMCME2_ADV_X1Y2      MMCME2_ADV (Prop_mmcme2_adv_CLKIN1_CLKOUT0)
                                                     -3.163    -2.245 r  u_mmcm/CLKOUT0
                         net (fo=1, routed)           0.544    -1.702    core_clk_raw
    BUFGCTRL_X0Y16       BUFG (Prop_bufg_I_O)         0.029    -1.673 r  u_core_clk_buf/O
                         net (fo=11093, routed)       0.832    -0.841    u_aes_gcm/u_core/u_desc_fifo/mem_reg_0_1_0_5/WCLK
    SLICE_X66Y139        RAMD32                                       r  u_aes_gcm/u_core/u_desc_fifo/mem_reg_0_1_0_5/RAMC/CLK
                         clock pessimism              0.253    -0.588    
    SLICE_X66Y139        RAMD32 (Hold_ramd32_CLK_WADR0)
                                                      0.310    -0.278    u_aes_gcm/u_core/u_desc_fifo/mem_reg_0_1_0_5/RAMC
  -------------------------------------------------------------------
                         required time                          0.278    
                         arrival time                          -0.199    
  -------------------------------------------------------------------
                         slack                                  0.079    

Slack (MET) :             0.079ns  (arrival time - required time)
  Source:                 u_aes_gcm/u_core/u_desc_fifo/wr_ptr_reg[0]/C
                            (rising edge-triggered cell FDRE clocked by core_clk_raw  {rise@0.000ns fall@2.857ns period=5.714ns})
  Destination:            u_aes_gcm/u_core/u_desc_fifo/mem_reg_0_1_0_5/RAMC_D1/WADR0
                            (rising edge-triggered cell RAMD32 clocked by core_clk_raw  {rise@0.000ns fall@2.857ns period=5.714ns})
  Path Group:             core_clk_raw
  Path Type:              Hold (Min at Fast Process Corner)
  Requirement:            0.000ns  (core_clk_raw rise@0.000ns - core_clk_raw rise@0.000ns)
  Data Path Delay:        0.405ns  (logic 0.141ns (34.795%)  route 0.264ns (65.205%))
  Logic Levels:           0  
  Clock Path Skew:        0.016ns (DCD - SCD - CPR)
    Destination Clock Delay (DCD):    -0.841ns
    Source Clock Delay      (SCD):    -0.604ns
    Clock Pessimism Removal (CPR):    -0.253ns

    Location             Delay type                Incr(ns)  Path(ns)    Netlist Resource(s)
  -------------------------------------------------------------------    -------------------
                         (clock core_clk_raw rise edge)
                                                      0.000     0.000 r  
    E3                                                0.000     0.000 r  clk (IN)
                         net (fo=0)                   0.000     0.000    clk
    E3                   IBUF (Prop_ibuf_I_O)         0.250     0.250 r  clk_IBUF_inst/O
                         net (fo=1, routed)           0.440     0.690    clk_IBUF
    MMCME2_ADV_X1Y2      MMCME2_ADV (Prop_mmcme2_adv_CLKIN1_CLKOUT0)
                                                     -2.379    -1.689 r  u_mmcm/CLKOUT0
                         net (fo=1, routed)           0.499    -1.190    core_clk_raw
    BUFGCTRL_X0Y16       BUFG (Prop_bufg_I_O)         0.026    -1.164 r  u_core_clk_buf/O
                         net (fo=11093, routed)       0.560    -0.604    u_aes_gcm/u_core/u_desc_fifo/core_clk
    SLICE_X64Y139        FDRE                                         r  u_aes_gcm/u_core/u_desc_fifo/wr_ptr_reg[0]/C
  -------------------------------------------------------------------    -------------------
    SLICE_X64Y139        FDRE (Prop_fdre_C_Q)         0.141    -0.463 r  u_aes_gcm/u_core/u_desc_fifo/wr_ptr_reg[0]/Q
                         net (fo=57, routed)          0.264    -0.199    u_aes_gcm/u_core/u_desc_fifo/mem_reg_0_1_0_5/ADDRD0
    SLICE_X66Y139        RAMD32                                       r  u_aes_gcm/u_core/u_desc_fifo/mem_reg_0_1_0_5/RAMC_D1/WADR0
  -------------------------------------------------------------------    -------------------

                         (clock core_clk_raw rise edge)
                                                      0.000     0.000 r  
    E3                                                0.000     0.000 r  clk (IN)
                         net (fo=0)                   0.000     0.000    clk
    E3                   IBUF (Prop_ibuf_I_O)         0.438     0.438 r  clk_IBUF_inst/O
                         net (fo=1, routed)           0.480     0.918    clk_IBUF
    MMCME2_ADV_X1Y2      MMCME2_ADV (Prop_mmcme2_adv_CLKIN1_CLKOUT0)
                                                     -3.163    -2.245 r  u_mmcm/CLKOUT0
                         net (fo=1, routed)           0.544    -1.702    core_clk_raw
    BUFGCTRL_X0Y16       BUFG (Prop_bufg_I_O)         0.029    -1.673 r  u_core_clk_buf/O
                         net (fo=11093, routed)       0.832    -0.841    u_aes_gcm/u_core/u_desc_fifo/mem_reg_0_1_0_5/WCLK
    SLICE_X66Y139        RAMD32                                       r  u_aes_gcm/u_core/u_desc_fifo/mem_reg_0_1_0_5/RAMC_D1/CLK
                         clock pessimism              0.253    -0.588    
    SLICE_X66Y139        RAMD32 (Hold_ramd32_CLK_WADR0)
                                                      0.310    -0.278    u_aes_gcm/u_core/u_desc_fifo/mem_reg_0_1_0_5/RAMC_D1
  -------------------------------------------------------------------
                         required time                          0.278    
                         arrival time                          -0.199    
  -------------------------------------------------------------------
                         slack                                  0.079    

Slack (MET) :             0.079ns  (arrival time - required time)
  Source:                 u_aes_gcm/u_core/u_desc_fifo/wr_ptr_reg[0]/C
                            (rising edge-triggered cell FDRE clocked by core_clk_raw  {rise@0.000ns fall@2.857ns period=5.714ns})
  Destination:            u_aes_gcm/u_core/u_desc_fifo/mem_reg_0_1_0_5/RAMD/ADR0
                            (rising edge-triggered cell RAMS32 clocked by core_clk_raw  {rise@0.000ns fall@2.857ns period=5.714ns})
  Path Group:             core_clk_raw
  Path Type:              Hold (Min at Fast Process Corner)
  Requirement:            0.000ns  (core_clk_raw rise@0.000ns - core_clk_raw rise@0.000ns)
  Data Path Delay:        0.405ns  (logic 0.141ns (34.795%)  route 0.264ns (65.205%))
  Logic Levels:           0  
  Clock Path Skew:        0.016ns (DCD - SCD - CPR)
    Destination Clock Delay (DCD):    -0.841ns
    Source Clock Delay      (SCD):    -0.604ns
    Clock Pessimism Removal (CPR):    -0.253ns

    Location             Delay type                Incr(ns)  Path(ns)    Netlist Resource(s)
  -------------------------------------------------------------------    -------------------
                         (clock core_clk_raw rise edge)
                                                      0.000     0.000 r  
    E3                                                0.000     0.000 r  clk (IN)
                         net (fo=0)                   0.000     0.000    clk
    E3                   IBUF (Prop_ibuf_I_O)         0.250     0.250 r  clk_IBUF_inst/O
                         net (fo=1, routed)           0.440     0.690    clk_IBUF
    MMCME2_ADV_X1Y2      MMCME2_ADV (Prop_mmcme2_adv_CLKIN1_CLKOUT0)
                                                     -2.379    -1.689 r  u_mmcm/CLKOUT0
                         net (fo=1, routed)           0.499    -1.190    core_clk_raw
    BUFGCTRL_X0Y16       BUFG (Prop_bufg_I_O)         0.026    -1.164 r  u_core_clk_buf/O
                         net (fo=11093, routed)       0.560    -0.604    u_aes_gcm/u_core/u_desc_fifo/core_clk
    SLICE_X64Y139        FDRE                                         r  u_aes_gcm/u_core/u_desc_fifo/wr_ptr_reg[0]/C
  -------------------------------------------------------------------    -------------------
    SLICE_X64Y139        FDRE (Prop_fdre_C_Q)         0.141    -0.463 r  u_aes_gcm/u_core/u_desc_fifo/wr_ptr_reg[0]/Q
                         net (fo=57, routed)          0.264    -0.199    u_aes_gcm/u_core/u_desc_fifo/mem_reg_0_1_0_5/ADDRD0
    SLICE_X66Y139        RAMS32                                       r  u_aes_gcm/u_core/u_desc_fifo/mem_reg_0_1_0_5/RAMD/ADR0
  -------------------------------------------------------------------    -------------------

                         (clock core_clk_raw rise edge)
                                                      0.000     0.000 r  
    E3                                                0.000     0.000 r  clk (IN)
                         net (fo=0)                   0.000     0.000    clk
    E3                   IBUF (Prop_ibuf_I_O)         0.438     0.438 r  clk_IBUF_inst/O
                         net (fo=1, routed)           0.480     0.918    clk_IBUF
    MMCME2_ADV_X1Y2      MMCME2_ADV (Prop_mmcme2_adv_CLKIN1_CLKOUT0)
                                                     -3.163    -2.245 r  u_mmcm/CLKOUT0
                         net (fo=1, routed)           0.544    -1.702    core_clk_raw
    BUFGCTRL_X0Y16       BUFG (Prop_bufg_I_O)         0.029    -1.673 r  u_core_clk_buf/O
                         net (fo=11093, routed)       0.832    -0.841    u_aes_gcm/u_core/u_desc_fifo/mem_reg_0_1_0_5/WCLK
    SLICE_X66Y139        RAMS32                                       r  u_aes_gcm/u_core/u_desc_fifo/mem_reg_0_1_0_5/RAMD/CLK
                         clock pessimism              0.253    -0.588    
    SLICE_X66Y139        RAMS32 (Hold_rams32_CLK_ADR0)
                                                      0.310    -0.278    u_aes_gcm/u_core/u_desc_fifo/mem_reg_0_1_0_5/RAMD
  -------------------------------------------------------------------
                         required time                          0.278    
                         arrival time                          -0.199    
  -------------------------------------------------------------------
                         slack                                  0.079    

Slack (MET) :             0.079ns  (arrival time - required time)
  Source:                 u_aes_gcm/u_core/u_desc_fifo/wr_ptr_reg[0]/C
                            (rising edge-triggered cell FDRE clocked by core_clk_raw  {rise@0.000ns fall@2.857ns period=5.714ns})
  Destination:            u_aes_gcm/u_core/u_desc_fifo/mem_reg_0_1_0_5/RAMD_D1/ADR0
                            (rising edge-triggered cell RAMS32 clocked by core_clk_raw  {rise@0.000ns fall@2.857ns period=5.714ns})
  Path Group:             core_clk_raw
  Path Type:              Hold (Min at Fast Process Corner)
  Requirement:            0.000ns  (core_clk_raw rise@0.000ns - core_clk_raw rise@0.000ns)
  Data Path Delay:        0.405ns  (logic 0.141ns (34.795%)  route 0.264ns (65.205%))
  Logic Levels:           0  
  Clock Path Skew:        0.016ns (DCD - SCD - CPR)
    Destination Clock Delay (DCD):    -0.841ns
    Source Clock Delay      (SCD):    -0.604ns
    Clock Pessimism Removal (CPR):    -0.253ns

    Location             Delay type                Incr(ns)  Path(ns)    Netlist Resource(s)
  -------------------------------------------------------------------    -------------------
                         (clock core_clk_raw rise edge)
                                                      0.000     0.000 r  
    E3                                                0.000     0.000 r  clk (IN)
                         net (fo=0)                   0.000     0.000    clk
    E3                   IBUF (Prop_ibuf_I_O)         0.250     0.250 r  clk_IBUF_inst/O
                         net (fo=1, routed)           0.440     0.690    clk_IBUF
    MMCME2_ADV_X1Y2      MMCME2_ADV (Prop_mmcme2_adv_CLKIN1_CLKOUT0)
                                                     -2.379    -1.689 r  u_mmcm/CLKOUT0
                         net (fo=1, routed)           0.499    -1.190    core_clk_raw
    BUFGCTRL_X0Y16       BUFG (Prop_bufg_I_O)         0.026    -1.164 r  u_core_clk_buf/O
                         net (fo=11093, routed)       0.560    -0.604    u_aes_gcm/u_core/u_desc_fifo/core_clk
    SLICE_X64Y139        FDRE                                         r  u_aes_gcm/u_core/u_desc_fifo/wr_ptr_reg[0]/C
  -------------------------------------------------------------------    -------------------
    SLICE_X64Y139        FDRE (Prop_fdre_C_Q)         0.141    -0.463 r  u_aes_gcm/u_core/u_desc_fifo/wr_ptr_reg[0]/Q
                         net (fo=57, routed)          0.264    -0.199    u_aes_gcm/u_core/u_desc_fifo/mem_reg_0_1_0_5/ADDRD0
    SLICE_X66Y139        RAMS32                                       r  u_aes_gcm/u_core/u_desc_fifo/mem_reg_0_1_0_5/RAMD_D1/ADR0
  -------------------------------------------------------------------    -------------------

                         (clock core_clk_raw rise edge)
                                                      0.000     0.000 r  
    E3                                                0.000     0.000 r  clk (IN)
                         net (fo=0)                   0.000     0.000    clk
    E3                   IBUF (Prop_ibuf_I_O)         0.438     0.438 r  clk_IBUF_inst/O
                         net (fo=1, routed)           0.480     0.918    clk_IBUF
    MMCME2_ADV_X1Y2      MMCME2_ADV (Prop_mmcme2_adv_CLKIN1_CLKOUT0)
                                                     -3.163    -2.245 r  u_mmcm/CLKOUT0
                         net (fo=1, routed)           0.544    -1.702    core_clk_raw
    BUFGCTRL_X0Y16       BUFG (Prop_bufg_I_O)         0.029    -1.673 r  u_core_clk_buf/O
                         net (fo=11093, routed)       0.832    -0.841    u_aes_gcm/u_core/u_desc_fifo/mem_reg_0_1_0_5/WCLK
    SLICE_X66Y139        RAMS32                                       r  u_aes_gcm/u_core/u_desc_fifo/mem_reg_0_1_0_5/RAMD_D1/CLK
                         clock pessimism              0.253    -0.588    
    SLICE_X66Y139        RAMS32 (Hold_rams32_CLK_ADR0)
                                                      0.310    -0.278    u_aes_gcm/u_core/u_desc_fifo/mem_reg_0_1_0_5/RAMD_D1
  -------------------------------------------------------------------
                         required time                          0.278    
                         arrival time                          -0.199    
  -------------------------------------------------------------------
                         slack                                  0.079    

Slack (MET) :             0.081ns  (arrival time - required time)
  Source:                 u_aes_gcm/u_core/ct_prod_data_reg[63]/C
                            (rising edge-triggered cell FDRE clocked by core_clk_raw  {rise@0.000ns fall@2.857ns period=5.714ns})
  Destination:            u_aes_gcm/u_core/u_ciphertext_fifo/mem_reg_0_3_60_65/RAMB_D1/I
                            (rising edge-triggered cell RAMD32 clocked by core_clk_raw  {rise@0.000ns fall@2.857ns period=5.714ns})
  Path Group:             core_clk_raw
  Path Type:              Hold (Min at Fast Process Corner)
  Requirement:            0.000ns  (core_clk_raw rise@0.000ns - core_clk_raw rise@0.000ns)
  Data Path Delay:        0.464ns  (logic 0.164ns (35.353%)  route 0.300ns (64.647%))
  Logic Levels:           0  
  Clock Path Skew:        0.259ns (DCD - SCD - CPR)
    Destination Clock Delay (DCD):    -0.859ns
    Source Clock Delay      (SCD):    -0.614ns
    Clock Pessimism Removal (CPR):    -0.504ns

    Location             Delay type                Incr(ns)  Path(ns)    Netlist Resource(s)
  -------------------------------------------------------------------    -------------------
                         (clock core_clk_raw rise edge)
                                                      0.000     0.000 r  
    E3                                                0.000     0.000 r  clk (IN)
                         net (fo=0)                   0.000     0.000    clk
    E3                   IBUF (Prop_ibuf_I_O)         0.250     0.250 r  clk_IBUF_inst/O
                         net (fo=1, routed)           0.440     0.690    clk_IBUF
    MMCME2_ADV_X1Y2      MMCME2_ADV (Prop_mmcme2_adv_CLKIN1_CLKOUT0)
                                                     -2.379    -1.689 r  u_mmcm/CLKOUT0
                         net (fo=1, routed)           0.499    -1.190    core_clk_raw
    BUFGCTRL_X0Y16       BUFG (Prop_bufg_I_O)         0.026    -1.164 r  u_core_clk_buf/O
                         net (fo=11093, routed)       0.550    -0.614    u_aes_gcm/u_core/core_clk
    SLICE_X54Y130        FDRE                                         r  u_aes_gcm/u_core/ct_prod_data_reg[63]/C
  -------------------------------------------------------------------    -------------------
    SLICE_X54Y130        FDRE (Prop_fdre_C_Q)         0.164    -0.450 r  u_aes_gcm/u_core/ct_prod_data_reg[63]/Q
                         net (fo=3, routed)           0.300    -0.150    u_aes_gcm/u_core/u_ciphertext_fifo/mem_reg_0_3_60_65/DIB1
    SLICE_X50Y123        RAMD32                                       r  u_aes_gcm/u_core/u_ciphertext_fifo/mem_reg_0_3_60_65/RAMB_D1/I
  -------------------------------------------------------------------    -------------------

                         (clock core_clk_raw rise edge)
                                                      0.000     0.000 r  
    E3                                                0.000     0.000 r  clk (IN)
                         net (fo=0)                   0.000     0.000    clk
    E3                   IBUF (Prop_ibuf_I_O)         0.438     0.438 r  clk_IBUF_inst/O
                         net (fo=1, routed)           0.480     0.918    clk_IBUF
    MMCME2_ADV_X1Y2      MMCME2_ADV (Prop_mmcme2_adv_CLKIN1_CLKOUT0)
                                                     -3.163    -2.245 r  u_mmcm/CLKOUT0
                         net (fo=1, routed)           0.544    -1.702    core_clk_raw
    BUFGCTRL_X0Y16       BUFG (Prop_bufg_I_O)         0.029    -1.673 r  u_core_clk_buf/O
                         net (fo=11093, routed)       0.814    -0.859    u_aes_gcm/u_core/u_ciphertext_fifo/mem_reg_0_3_60_65/WCLK
    SLICE_X50Y123        RAMD32                                       r  u_aes_gcm/u_core/u_ciphertext_fifo/mem_reg_0_3_60_65/RAMB_D1/CLK
                         clock pessimism              0.504    -0.355    
    SLICE_X50Y123        RAMD32 (Hold_ramd32_CLK_I)
                                                      0.124    -0.231    u_aes_gcm/u_core/u_ciphertext_fifo/mem_reg_0_3_60_65/RAMB_D1
  -------------------------------------------------------------------
                         required time                          0.231    
                         arrival time                          -0.150    
  -------------------------------------------------------------------
                         slack                                  0.081    

Slack (MET) :             0.084ns  (arrival time - required time)
  Source:                 u_aes_gcm/u_core/dataq0_block_r_reg[117]/C
                            (rising edge-triggered cell FDRE clocked by core_clk_raw  {rise@0.000ns fall@2.857ns period=5.714ns})
  Destination:            u_aes_gcm/u_core/ct_prod_data_reg[123]/D
                            (rising edge-triggered cell FDRE clocked by core_clk_raw  {rise@0.000ns fall@2.857ns period=5.714ns})
  Path Group:             core_clk_raw
  Path Type:              Hold (Min at Fast Process Corner)
  Requirement:            0.000ns  (core_clk_raw rise@0.000ns - core_clk_raw rise@0.000ns)
  Data Path Delay:        0.437ns  (logic 0.186ns (42.548%)  route 0.251ns (57.452%))
  Logic Levels:           1  (LUT6=1)
  Clock Path Skew:        0.261ns (DCD - SCD - CPR)
    Destination Clock Delay (DCD):    -0.856ns
    Source Clock Delay      (SCD):    -0.613ns
    Clock Pessimism Removal (CPR):    -0.504ns

    Location             Delay type                Incr(ns)  Path(ns)    Netlist Resource(s)
  -------------------------------------------------------------------    -------------------
                         (clock core_clk_raw rise edge)
                                                      0.000     0.000 r  
    E3                                                0.000     0.000 r  clk (IN)
                         net (fo=0)                   0.000     0.000    clk
    E3                   IBUF (Prop_ibuf_I_O)         0.250     0.250 r  clk_IBUF_inst/O
                         net (fo=1, routed)           0.440     0.690    clk_IBUF
    MMCME2_ADV_X1Y2      MMCME2_ADV (Prop_mmcme2_adv_CLKIN1_CLKOUT0)
                                                     -2.379    -1.689 r  u_mmcm/CLKOUT0
                         net (fo=1, routed)           0.499    -1.190    core_clk_raw
    BUFGCTRL_X0Y16       BUFG (Prop_bufg_I_O)         0.026    -1.164 r  u_core_clk_buf/O
                         net (fo=11093, routed)       0.551    -0.613    u_aes_gcm/u_core/core_clk
    SLICE_X53Y118        FDRE                                         r  u_aes_gcm/u_core/dataq0_block_r_reg[117]/C
  -------------------------------------------------------------------    -------------------
    SLICE_X53Y118        FDRE (Prop_fdre_C_Q)         0.141    -0.472 r  u_aes_gcm/u_core/dataq0_block_r_reg[117]/Q
                         net (fo=2, routed)           0.251    -0.221    u_aes_gcm/u_core/u_keystream_fifo/ct_prod_data_reg[133][117]
    SLICE_X51Y121        LUT6 (Prop_lut6_I2_O)        0.045    -0.176 r  u_aes_gcm/u_core/u_keystream_fifo/ct_prod_data[123]_i_1/O
                         net (fo=2, routed)           0.000    -0.176    u_aes_gcm/u_core/data_result_w[117]
    SLICE_X51Y121        FDRE                                         r  u_aes_gcm/u_core/ct_prod_data_reg[123]/D
  -------------------------------------------------------------------    -------------------

                         (clock core_clk_raw rise edge)
                                                      0.000     0.000 r  
    E3                                                0.000     0.000 r  clk (IN)
                         net (fo=0)                   0.000     0.000    clk
    E3                   IBUF (Prop_ibuf_I_O)         0.438     0.438 r  clk_IBUF_inst/O
                         net (fo=1, routed)           0.480     0.918    clk_IBUF
    MMCME2_ADV_X1Y2      MMCME2_ADV (Prop_mmcme2_adv_CLKIN1_CLKOUT0)
                                                     -3.163    -2.245 r  u_mmcm/CLKOUT0
                         net (fo=1, routed)           0.544    -1.702    core_clk_raw
    BUFGCTRL_X0Y16       BUFG (Prop_bufg_I_O)         0.029    -1.673 r  u_core_clk_buf/O
                         net (fo=11093, routed)       0.817    -0.856    u_aes_gcm/u_core/core_clk
    SLICE_X51Y121        FDRE                                         r  u_aes_gcm/u_core/ct_prod_data_reg[123]/C
                         clock pessimism              0.504    -0.352    
    SLICE_X51Y121        FDRE (Hold_fdre_C_D)         0.092    -0.260    u_aes_gcm/u_core/ct_prod_data_reg[123]
  -------------------------------------------------------------------
                         required time                          0.260    
                         arrival time                          -0.176    
  -------------------------------------------------------------------
                         slack                                  0.084    

Slack (MET) :             0.085ns  (arrival time - required time)
  Source:                 u_aes_gcm/u_core/aes_meta_stage_data_r_reg[2]/C
                            (rising edge-triggered cell FDRE clocked by core_clk_raw  {rise@0.000ns fall@2.857ns period=5.714ns})
  Destination:            u_aes_gcm/u_core/u_aes_meta_fifo/mem_reg_0_3_0_5/RAMB/I
                            (rising edge-triggered cell RAMD32 clocked by core_clk_raw  {rise@0.000ns fall@2.857ns period=5.714ns})
  Path Group:             core_clk_raw
  Path Type:              Hold (Min at Fast Process Corner)
  Requirement:            0.000ns  (core_clk_raw rise@0.000ns - core_clk_raw rise@0.000ns)
  Data Path Delay:        0.266ns  (logic 0.141ns (53.030%)  route 0.125ns (46.970%))
  Logic Levels:           0  
  Clock Path Skew:        0.035ns (DCD - SCD - CPR)
    Destination Clock Delay (DCD):    -0.840ns
    Source Clock Delay      (SCD):    -0.600ns
    Clock Pessimism Removal (CPR):    -0.275ns

    Location             Delay type                Incr(ns)  Path(ns)    Netlist Resource(s)
  -------------------------------------------------------------------    -------------------
                         (clock core_clk_raw rise edge)
                                                      0.000     0.000 r  
    E3                                                0.000     0.000 r  clk (IN)
                         net (fo=0)                   0.000     0.000    clk
    E3                   IBUF (Prop_ibuf_I_O)         0.250     0.250 r  clk_IBUF_inst/O
                         net (fo=1, routed)           0.440     0.690    clk_IBUF
    MMCME2_ADV_X1Y2      MMCME2_ADV (Prop_mmcme2_adv_CLKIN1_CLKOUT0)
                                                     -2.379    -1.689 r  u_mmcm/CLKOUT0
                         net (fo=1, routed)           0.499    -1.190    core_clk_raw
    BUFGCTRL_X0Y16       BUFG (Prop_bufg_I_O)         0.026    -1.164 r  u_core_clk_buf/O
                         net (fo=11093, routed)       0.564    -0.600    u_aes_gcm/u_core/core_clk
    SLICE_X32Y140        FDRE                                         r  u_aes_gcm/u_core/aes_meta_stage_data_r_reg[2]/C
  -------------------------------------------------------------------    -------------------
    SLICE_X32Y140        FDRE (Prop_fdre_C_Q)         0.141    -0.459 r  u_aes_gcm/u_core/aes_meta_stage_data_r_reg[2]/Q
                         net (fo=2, routed)           0.125    -0.334    u_aes_gcm/u_core/u_aes_meta_fifo/mem_reg_0_3_0_5/DIB0
    SLICE_X34Y139        RAMD32                                       r  u_aes_gcm/u_core/u_aes_meta_fifo/mem_reg_0_3_0_5/RAMB/I
  -------------------------------------------------------------------    -------------------

                         (clock core_clk_raw rise edge)
                                                      0.000     0.000 r  
    E3                                                0.000     0.000 r  clk (IN)
                         net (fo=0)                   0.000     0.000    clk
    E3                   IBUF (Prop_ibuf_I_O)         0.438     0.438 r  clk_IBUF_inst/O
                         net (fo=1, routed)           0.480     0.918    clk_IBUF
    MMCME2_ADV_X1Y2      MMCME2_ADV (Prop_mmcme2_adv_CLKIN1_CLKOUT0)
                                                     -3.163    -2.245 r  u_mmcm/CLKOUT0
                         net (fo=1, routed)           0.544    -1.702    core_clk_raw
    BUFGCTRL_X0Y16       BUFG (Prop_bufg_I_O)         0.029    -1.673 r  u_core_clk_buf/O
                         net (fo=11093, routed)       0.833    -0.840    u_aes_gcm/u_core/u_aes_meta_fifo/mem_reg_0_3_0_5/WCLK
    SLICE_X34Y139        RAMD32                                       r  u_aes_gcm/u_core/u_aes_meta_fifo/mem_reg_0_3_0_5/RAMB/CLK
                         clock pessimism              0.275    -0.565    
    SLICE_X34Y139        RAMD32 (Hold_ramd32_CLK_I)
                                                      0.146    -0.419    u_aes_gcm/u_core/u_aes_meta_fifo/mem_reg_0_3_0_5/RAMB
  -------------------------------------------------------------------
                         required time                          0.419    
                         arrival time                          -0.334    
  -------------------------------------------------------------------
                         slack                                  0.085    

Slack (MET) :             0.085ns  (arrival time - required time)
  Source:                 u_aes_gcm/u_core/u_desc_fifo/wr_ptr_reg[0]/C
                            (rising edge-triggered cell FDRE clocked by core_clk_raw  {rise@0.000ns fall@2.857ns period=5.714ns})
  Destination:            u_aes_gcm/u_core/u_desc_fifo/mem_reg_0_1_24_29/RAMA/WADR0
                            (rising edge-triggered cell RAMD32 clocked by core_clk_raw  {rise@0.000ns fall@2.857ns period=5.714ns})
  Path Group:             core_clk_raw
  Path Type:              Hold (Min at Fast Process Corner)
  Requirement:            0.000ns  (core_clk_raw rise@0.000ns - core_clk_raw rise@0.000ns)
  Data Path Delay:        0.432ns  (logic 0.141ns (32.611%)  route 0.291ns (67.389%))
  Logic Levels:           0  
  Clock Path Skew:        0.037ns (DCD - SCD - CPR)
    Destination Clock Delay (DCD):    -0.842ns
    Source Clock Delay      (SCD):    -0.604ns
    Clock Pessimism Removal (CPR):    -0.275ns

    Location             Delay type                Incr(ns)  Path(ns)    Netlist Resource(s)
  -------------------------------------------------------------------    -------------------
                         (clock core_clk_raw rise edge)
                                                      0.000     0.000 r  
    E3                                                0.000     0.000 r  clk (IN)
                         net (fo=0)                   0.000     0.000    clk
    E3                   IBUF (Prop_ibuf_I_O)         0.250     0.250 r  clk_IBUF_inst/O
                         net (fo=1, routed)           0.440     0.690    clk_IBUF
    MMCME2_ADV_X1Y2      MMCME2_ADV (Prop_mmcme2_adv_CLKIN1_CLKOUT0)
                                                     -2.379    -1.689 r  u_mmcm/CLKOUT0
                         net (fo=1, routed)           0.499    -1.190    core_clk_raw
    BUFGCTRL_X0Y16       BUFG (Prop_bufg_I_O)         0.026    -1.164 r  u_core_clk_buf/O
                         net (fo=11093, routed)       0.560    -0.604    u_aes_gcm/u_core/u_desc_fifo/core_clk
    SLICE_X64Y139        FDRE                                         r  u_aes_gcm/u_core/u_desc_fifo/wr_ptr_reg[0]/C
  -------------------------------------------------------------------    -------------------
    SLICE_X64Y139        FDRE (Prop_fdre_C_Q)         0.141    -0.463 r  u_aes_gcm/u_core/u_desc_fifo/wr_ptr_reg[0]/Q
                         net (fo=57, routed)          0.291    -0.172    u_aes_gcm/u_core/u_desc_fifo/mem_reg_0_1_24_29/ADDRD0
    SLICE_X62Y139        RAMD32                                       r  u_aes_gcm/u_core/u_desc_fifo/mem_reg_0_1_24_29/RAMA/WADR0
  -------------------------------------------------------------------    -------------------

                         (clock core_clk_raw rise edge)
                                                      0.000     0.000 r  
    E3                                                0.000     0.000 r  clk (IN)
                         net (fo=0)                   0.000     0.000    clk
    E3                   IBUF (Prop_ibuf_I_O)         0.438     0.438 r  clk_IBUF_inst/O
                         net (fo=1, routed)           0.480     0.918    clk_IBUF
    MMCME2_ADV_X1Y2      MMCME2_ADV (Prop_mmcme2_adv_CLKIN1_CLKOUT0)
                                                     -3.163    -2.245 r  u_mmcm/CLKOUT0
                         net (fo=1, routed)           0.544    -1.702    core_clk_raw
    BUFGCTRL_X0Y16       BUFG (Prop_bufg_I_O)         0.029    -1.673 r  u_core_clk_buf/O
                         net (fo=11093, routed)       0.831    -0.842    u_aes_gcm/u_core/u_desc_fifo/mem_reg_0_1_24_29/WCLK
    SLICE_X62Y139        RAMD32                                       r  u_aes_gcm/u_core/u_desc_fifo/mem_reg_0_1_24_29/RAMA/CLK
                         clock pessimism              0.275    -0.567    
    SLICE_X62Y139        RAMD32 (Hold_ramd32_CLK_WADR0)
                                                      0.310    -0.257    u_aes_gcm/u_core/u_desc_fifo/mem_reg_0_1_24_29/RAMA
  -------------------------------------------------------------------
                         required time                          0.257    
                         arrival time                          -0.172    
  -------------------------------------------------------------------
                         slack                                  0.085    

Slack (MET) :             0.085ns  (arrival time - required time)
  Source:                 u_aes_gcm/u_core/u_desc_fifo/wr_ptr_reg[0]/C
                            (rising edge-triggered cell FDRE clocked by core_clk_raw  {rise@0.000ns fall@2.857ns period=5.714ns})
  Destination:            u_aes_gcm/u_core/u_desc_fifo/mem_reg_0_1_24_29/RAMA_D1/WADR0
                            (rising edge-triggered cell RAMD32 clocked by core_clk_raw  {rise@0.000ns fall@2.857ns period=5.714ns})
  Path Group:             core_clk_raw
  Path Type:              Hold (Min at Fast Process Corner)
  Requirement:            0.000ns  (core_clk_raw rise@0.000ns - core_clk_raw rise@0.000ns)
  Data Path Delay:        0.432ns  (logic 0.141ns (32.611%)  route 0.291ns (67.389%))
  Logic Levels:           0  
  Clock Path Skew:        0.037ns (DCD - SCD - CPR)
    Destination Clock Delay (DCD):    -0.842ns
    Source Clock Delay      (SCD):    -0.604ns
    Clock Pessimism Removal (CPR):    -0.275ns

    Location             Delay type                Incr(ns)  Path(ns)    Netlist Resource(s)
  -------------------------------------------------------------------    -------------------
                         (clock core_clk_raw rise edge)
                                                      0.000     0.000 r  
    E3                                                0.000     0.000 r  clk (IN)
                         net (fo=0)                   0.000     0.000    clk
    E3                   IBUF (Prop_ibuf_I_O)         0.250     0.250 r  clk_IBUF_inst/O
                         net (fo=1, routed)           0.440     0.690    clk_IBUF
    MMCME2_ADV_X1Y2      MMCME2_ADV (Prop_mmcme2_adv_CLKIN1_CLKOUT0)
                                                     -2.379    -1.689 r  u_mmcm/CLKOUT0
                         net (fo=1, routed)           0.499    -1.190    core_clk_raw
    BUFGCTRL_X0Y16       BUFG (Prop_bufg_I_O)         0.026    -1.164 r  u_core_clk_buf/O
                         net (fo=11093, routed)       0.560    -0.604    u_aes_gcm/u_core/u_desc_fifo/core_clk
    SLICE_X64Y139        FDRE                                         r  u_aes_gcm/u_core/u_desc_fifo/wr_ptr_reg[0]/C
  -------------------------------------------------------------------    -------------------
    SLICE_X64Y139        FDRE (Prop_fdre_C_Q)         0.141    -0.463 r  u_aes_gcm/u_core/u_desc_fifo/wr_ptr_reg[0]/Q
                         net (fo=57, routed)          0.291    -0.172    u_aes_gcm/u_core/u_desc_fifo/mem_reg_0_1_24_29/ADDRD0
    SLICE_X62Y139        RAMD32                                       r  u_aes_gcm/u_core/u_desc_fifo/mem_reg_0_1_24_29/RAMA_D1/WADR0
  -------------------------------------------------------------------    -------------------

                         (clock core_clk_raw rise edge)
                                                      0.000     0.000 r  
    E3                                                0.000     0.000 r  clk (IN)
                         net (fo=0)                   0.000     0.000    clk
    E3                   IBUF (Prop_ibuf_I_O)         0.438     0.438 r  clk_IBUF_inst/O
                         net (fo=1, routed)           0.480     0.918    clk_IBUF
    MMCME2_ADV_X1Y2      MMCME2_ADV (Prop_mmcme2_adv_CLKIN1_CLKOUT0)
                                                     -3.163    -2.245 r  u_mmcm/CLKOUT0
                         net (fo=1, routed)           0.544    -1.702    core_clk_raw
    BUFGCTRL_X0Y16       BUFG (Prop_bufg_I_O)         0.029    -1.673 r  u_core_clk_buf/O
                         net (fo=11093, routed)       0.831    -0.842    u_aes_gcm/u_core/u_desc_fifo/mem_reg_0_1_24_29/WCLK
    SLICE_X62Y139        RAMD32                                       r  u_aes_gcm/u_core/u_desc_fifo/mem_reg_0_1_24_29/RAMA_D1/CLK
                         clock pessimism              0.275    -0.567    
    SLICE_X62Y139        RAMD32 (Hold_ramd32_CLK_WADR0)
                                                      0.310    -0.257    u_aes_gcm/u_core/u_desc_fifo/mem_reg_0_1_24_29/RAMA_D1
  -------------------------------------------------------------------
                         required time                          0.257    
                         arrival time                          -0.172    
  -------------------------------------------------------------------
                         slack                                  0.085    

Slack (MET) :             0.085ns  (arrival time - required time)
  Source:                 u_aes_gcm/u_core/u_desc_fifo/wr_ptr_reg[0]/C
                            (rising edge-triggered cell FDRE clocked by core_clk_raw  {rise@0.000ns fall@2.857ns period=5.714ns})
  Destination:            u_aes_gcm/u_core/u_desc_fifo/mem_reg_0_1_24_29/RAMB/WADR0
                            (rising edge-triggered cell RAMD32 clocked by core_clk_raw  {rise@0.000ns fall@2.857ns period=5.714ns})
  Path Group:             core_clk_raw
  Path Type:              Hold (Min at Fast Process Corner)
  Requirement:            0.000ns  (core_clk_raw rise@0.000ns - core_clk_raw rise@0.000ns)
  Data Path Delay:        0.432ns  (logic 0.141ns (32.611%)  route 0.291ns (67.389%))
  Logic Levels:           0  
  Clock Path Skew:        0.037ns (DCD - SCD - CPR)
    Destination Clock Delay (DCD):    -0.842ns
    Source Clock Delay      (SCD):    -0.604ns
    Clock Pessimism Removal (CPR):    -0.275ns

    Location             Delay type                Incr(ns)  Path(ns)    Netlist Resource(s)
  -------------------------------------------------------------------    -------------------
                         (clock core_clk_raw rise edge)
                                                      0.000     0.000 r  
    E3                                                0.000     0.000 r  clk (IN)
                         net (fo=0)                   0.000     0.000    clk
    E3                   IBUF (Prop_ibuf_I_O)         0.250     0.250 r  clk_IBUF_inst/O
                         net (fo=1, routed)           0.440     0.690    clk_IBUF
    MMCME2_ADV_X1Y2      MMCME2_ADV (Prop_mmcme2_adv_CLKIN1_CLKOUT0)
                                                     -2.379    -1.689 r  u_mmcm/CLKOUT0
                         net (fo=1, routed)           0.499    -1.190    core_clk_raw
    BUFGCTRL_X0Y16       BUFG (Prop_bufg_I_O)         0.026    -1.164 r  u_core_clk_buf/O
                         net (fo=11093, routed)       0.560    -0.604    u_aes_gcm/u_core/u_desc_fifo/core_clk
    SLICE_X64Y139        FDRE                                         r  u_aes_gcm/u_core/u_desc_fifo/wr_ptr_reg[0]/C
  -------------------------------------------------------------------    -------------------
    SLICE_X64Y139        FDRE (Prop_fdre_C_Q)         0.141    -0.463 r  u_aes_gcm/u_core/u_desc_fifo/wr_ptr_reg[0]/Q
                         net (fo=57, routed)          0.291    -0.172    u_aes_gcm/u_core/u_desc_fifo/mem_reg_0_1_24_29/ADDRD0
    SLICE_X62Y139        RAMD32                                       r  u_aes_gcm/u_core/u_desc_fifo/mem_reg_0_1_24_29/RAMB/WADR0
  -------------------------------------------------------------------    -------------------

                         (clock core_clk_raw rise edge)
                                                      0.000     0.000 r  
    E3                                                0.000     0.000 r  clk (IN)
                         net (fo=0)                   0.000     0.000    clk
    E3                   IBUF (Prop_ibuf_I_O)         0.438     0.438 r  clk_IBUF_inst/O
                         net (fo=1, routed)           0.480     0.918    clk_IBUF
    MMCME2_ADV_X1Y2      MMCME2_ADV (Prop_mmcme2_adv_CLKIN1_CLKOUT0)
                                                     -3.163    -2.245 r  u_mmcm/CLKOUT0
                         net (fo=1, routed)           0.544    -1.702    core_clk_raw
    BUFGCTRL_X0Y16       BUFG (Prop_bufg_I_O)         0.029    -1.673 r  u_core_clk_buf/O
                         net (fo=11093, routed)       0.831    -0.842    u_aes_gcm/u_core/u_desc_fifo/mem_reg_0_1_24_29/WCLK
    SLICE_X62Y139        RAMD32                                       r  u_aes_gcm/u_core/u_desc_fifo/mem_reg_0_1_24_29/RAMB/CLK
                         clock pessimism              0.275    -0.567    
    SLICE_X62Y139        RAMD32 (Hold_ramd32_CLK_WADR0)
                                                      0.310    -0.257    u_aes_gcm/u_core/u_desc_fifo/mem_reg_0_1_24_29/RAMB
  -------------------------------------------------------------------
                         required time                          0.257    
                         arrival time                          -0.172    
  -------------------------------------------------------------------
                         slack                                  0.085    

Slack (MET) :             0.085ns  (arrival time - required time)
  Source:                 u_aes_gcm/u_core/u_desc_fifo/wr_ptr_reg[0]/C
                            (rising edge-triggered cell FDRE clocked by core_clk_raw  {rise@0.000ns fall@2.857ns period=5.714ns})
  Destination:            u_aes_gcm/u_core/u_desc_fifo/mem_reg_0_1_24_29/RAMB_D1/WADR0
                            (rising edge-triggered cell RAMD32 clocked by core_clk_raw  {rise@0.000ns fall@2.857ns period=5.714ns})
  Path Group:             core_clk_raw
  Path Type:              Hold (Min at Fast Process Corner)
  Requirement:            0.000ns  (core_clk_raw rise@0.000ns - core_clk_raw rise@0.000ns)
  Data Path Delay:        0.432ns  (logic 0.141ns (32.611%)  route 0.291ns (67.389%))
  Logic Levels:           0  
  Clock Path Skew:        0.037ns (DCD - SCD - CPR)
    Destination Clock Delay (DCD):    -0.842ns
    Source Clock Delay      (SCD):    -0.604ns
    Clock Pessimism Removal (CPR):    -0.275ns

    Location             Delay type                Incr(ns)  Path(ns)    Netlist Resource(s)
  -------------------------------------------------------------------    -------------------
                         (clock core_clk_raw rise edge)
                                                      0.000     0.000 r  
    E3                                                0.000     0.000 r  clk (IN)
                         net (fo=0)                   0.000     0.000    clk
    E3                   IBUF (Prop_ibuf_I_O)         0.250     0.250 r  clk_IBUF_inst/O
                         net (fo=1, routed)           0.440     0.690    clk_IBUF
    MMCME2_ADV_X1Y2      MMCME2_ADV (Prop_mmcme2_adv_CLKIN1_CLKOUT0)
                                                     -2.379    -1.689 r  u_mmcm/CLKOUT0
                         net (fo=1, routed)           0.499    -1.190    core_clk_raw
    BUFGCTRL_X0Y16       BUFG (Prop_bufg_I_O)         0.026    -1.164 r  u_core_clk_buf/O
                         net (fo=11093, routed)       0.560    -0.604    u_aes_gcm/u_core/u_desc_fifo/core_clk
    SLICE_X64Y139        FDRE                                         r  u_aes_gcm/u_core/u_desc_fifo/wr_ptr_reg[0]/C
  -------------------------------------------------------------------    -------------------
    SLICE_X64Y139        FDRE (Prop_fdre_C_Q)         0.141    -0.463 r  u_aes_gcm/u_core/u_desc_fifo/wr_ptr_reg[0]/Q
                         net (fo=57, routed)          0.291    -0.172    u_aes_gcm/u_core/u_desc_fifo/mem_reg_0_1_24_29/ADDRD0
    SLICE_X62Y139        RAMD32                                       r  u_aes_gcm/u_core/u_desc_fifo/mem_reg_0_1_24_29/RAMB_D1/WADR0
  -------------------------------------------------------------------    -------------------

                         (clock core_clk_raw rise edge)
                                                      0.000     0.000 r  
    E3                                                0.000     0.000 r  clk (IN)
                         net (fo=0)                   0.000     0.000    clk
    E3                   IBUF (Prop_ibuf_I_O)         0.438     0.438 r  clk_IBUF_inst/O
                         net (fo=1, routed)           0.480     0.918    clk_IBUF
    MMCME2_ADV_X1Y2      MMCME2_ADV (Prop_mmcme2_adv_CLKIN1_CLKOUT0)
                                                     -3.163    -2.245 r  u_mmcm/CLKOUT0
                         net (fo=1, routed)           0.544    -1.702    core_clk_raw
    BUFGCTRL_X0Y16       BUFG (Prop_bufg_I_O)         0.029    -1.673 r  u_core_clk_buf/O
                         net (fo=11093, routed)       0.831    -0.842    u_aes_gcm/u_core/u_desc_fifo/mem_reg_0_1_24_29/WCLK
    SLICE_X62Y139        RAMD32                                       r  u_aes_gcm/u_core/u_desc_fifo/mem_reg_0_1_24_29/RAMB_D1/CLK
                         clock pessimism              0.275    -0.567    
    SLICE_X62Y139        RAMD32 (Hold_ramd32_CLK_WADR0)
                                                      0.310    -0.257    u_aes_gcm/u_core/u_desc_fifo/mem_reg_0_1_24_29/RAMB_D1
  -------------------------------------------------------------------
                         required time                          0.257    
                         arrival time                          -0.172    
  -------------------------------------------------------------------
                         slack                                  0.085    

Slack (MET) :             0.085ns  (arrival time - required time)
  Source:                 u_aes_gcm/u_core/u_desc_fifo/wr_ptr_reg[0]/C
                            (rising edge-triggered cell FDRE clocked by core_clk_raw  {rise@0.000ns fall@2.857ns period=5.714ns})
  Destination:            u_aes_gcm/u_core/u_desc_fifo/mem_reg_0_1_24_29/RAMC/WADR0
                            (rising edge-triggered cell RAMD32 clocked by core_clk_raw  {rise@0.000ns fall@2.857ns period=5.714ns})
  Path Group:             core_clk_raw
  Path Type:              Hold (Min at Fast Process Corner)
  Requirement:            0.000ns  (core_clk_raw rise@0.000ns - core_clk_raw rise@0.000ns)
  Data Path Delay:        0.432ns  (logic 0.141ns (32.611%)  route 0.291ns (67.389%))
  Logic Levels:           0  
  Clock Path Skew:        0.037ns (DCD - SCD - CPR)
    Destination Clock Delay (DCD):    -0.842ns
    Source Clock Delay      (SCD):    -0.604ns
    Clock Pessimism Removal (CPR):    -0.275ns

    Location             Delay type                Incr(ns)  Path(ns)    Netlist Resource(s)
  -------------------------------------------------------------------    -------------------
                         (clock core_clk_raw rise edge)
                                                      0.000     0.000 r  
    E3                                                0.000     0.000 r  clk (IN)
                         net (fo=0)                   0.000     0.000    clk
    E3                   IBUF (Prop_ibuf_I_O)         0.250     0.250 r  clk_IBUF_inst/O
                         net (fo=1, routed)           0.440     0.690    clk_IBUF
    MMCME2_ADV_X1Y2      MMCME2_ADV (Prop_mmcme2_adv_CLKIN1_CLKOUT0)
                                                     -2.379    -1.689 r  u_mmcm/CLKOUT0
                         net (fo=1, routed)           0.499    -1.190    core_clk_raw
    BUFGCTRL_X0Y16       BUFG (Prop_bufg_I_O)         0.026    -1.164 r  u_core_clk_buf/O
                         net (fo=11093, routed)       0.560    -0.604    u_aes_gcm/u_core/u_desc_fifo/core_clk
    SLICE_X64Y139        FDRE                                         r  u_aes_gcm/u_core/u_desc_fifo/wr_ptr_reg[0]/C
  -------------------------------------------------------------------    -------------------
    SLICE_X64Y139        FDRE (Prop_fdre_C_Q)         0.141    -0.463 r  u_aes_gcm/u_core/u_desc_fifo/wr_ptr_reg[0]/Q
                         net (fo=57, routed)          0.291    -0.172    u_aes_gcm/u_core/u_desc_fifo/mem_reg_0_1_24_29/ADDRD0
    SLICE_X62Y139        RAMD32                                       r  u_aes_gcm/u_core/u_desc_fifo/mem_reg_0_1_24_29/RAMC/WADR0
  -------------------------------------------------------------------    -------------------

                         (clock core_clk_raw rise edge)
                                                      0.000     0.000 r  
    E3                                                0.000     0.000 r  clk (IN)
                         net (fo=0)                   0.000     0.000    clk
    E3                   IBUF (Prop_ibuf_I_O)         0.438     0.438 r  clk_IBUF_inst/O
                         net (fo=1, routed)           0.480     0.918    clk_IBUF
    MMCME2_ADV_X1Y2      MMCME2_ADV (Prop_mmcme2_adv_CLKIN1_CLKOUT0)
                                                     -3.163    -2.245 r  u_mmcm/CLKOUT0
                         net (fo=1, routed)           0.544    -1.702    core_clk_raw
    BUFGCTRL_X0Y16       BUFG (Prop_bufg_I_O)         0.029    -1.673 r  u_core_clk_buf/O
                         net (fo=11093, routed)       0.831    -0.842    u_aes_gcm/u_core/u_desc_fifo/mem_reg_0_1_24_29/WCLK
    SLICE_X62Y139        RAMD32                                       r  u_aes_gcm/u_core/u_desc_fifo/mem_reg_0_1_24_29/RAMC/CLK
                         clock pessimism              0.275    -0.567    
    SLICE_X62Y139        RAMD32 (Hold_ramd32_CLK_WADR0)
                                                      0.310    -0.257    u_aes_gcm/u_core/u_desc_fifo/mem_reg_0_1_24_29/RAMC
  -------------------------------------------------------------------
                         required time                          0.257    
                         arrival time                          -0.172    
  -------------------------------------------------------------------
                         slack                                  0.085    

Slack (MET) :             0.085ns  (arrival time - required time)
  Source:                 u_aes_gcm/u_core/u_desc_fifo/wr_ptr_reg[0]/C
                            (rising edge-triggered cell FDRE clocked by core_clk_raw  {rise@0.000ns fall@2.857ns period=5.714ns})
  Destination:            u_aes_gcm/u_core/u_desc_fifo/mem_reg_0_1_24_29/RAMC_D1/WADR0
                            (rising edge-triggered cell RAMD32 clocked by core_clk_raw  {rise@0.000ns fall@2.857ns period=5.714ns})
  Path Group:             core_clk_raw
  Path Type:              Hold (Min at Fast Process Corner)
  Requirement:            0.000ns  (core_clk_raw rise@0.000ns - core_clk_raw rise@0.000ns)
  Data Path Delay:        0.432ns  (logic 0.141ns (32.611%)  route 0.291ns (67.389%))
  Logic Levels:           0  
  Clock Path Skew:        0.037ns (DCD - SCD - CPR)
    Destination Clock Delay (DCD):    -0.842ns
    Source Clock Delay      (SCD):    -0.604ns
    Clock Pessimism Removal (CPR):    -0.275ns

    Location             Delay type                Incr(ns)  Path(ns)    Netlist Resource(s)
  -------------------------------------------------------------------    -------------------
                         (clock core_clk_raw rise edge)
                                                      0.000     0.000 r  
    E3                                                0.000     0.000 r  clk (IN)
                         net (fo=0)                   0.000     0.000    clk
    E3                   IBUF (Prop_ibuf_I_O)         0.250     0.250 r  clk_IBUF_inst/O
                         net (fo=1, routed)           0.440     0.690    clk_IBUF
    MMCME2_ADV_X1Y2      MMCME2_ADV (Prop_mmcme2_adv_CLKIN1_CLKOUT0)
                                                     -2.379    -1.689 r  u_mmcm/CLKOUT0
                         net (fo=1, routed)           0.499    -1.190    core_clk_raw
    BUFGCTRL_X0Y16       BUFG (Prop_bufg_I_O)         0.026    -1.164 r  u_core_clk_buf/O
                         net (fo=11093, routed)       0.560    -0.604    u_aes_gcm/u_core/u_desc_fifo/core_clk
    SLICE_X64Y139        FDRE                                         r  u_aes_gcm/u_core/u_desc_fifo/wr_ptr_reg[0]/C
  -------------------------------------------------------------------    -------------------
    SLICE_X64Y139        FDRE (Prop_fdre_C_Q)         0.141    -0.463 r  u_aes_gcm/u_core/u_desc_fifo/wr_ptr_reg[0]/Q
                         net (fo=57, routed)          0.291    -0.172    u_aes_gcm/u_core/u_desc_fifo/mem_reg_0_1_24_29/ADDRD0
    SLICE_X62Y139        RAMD32                                       r  u_aes_gcm/u_core/u_desc_fifo/mem_reg_0_1_24_29/RAMC_D1/WADR0
  -------------------------------------------------------------------    -------------------

                         (clock core_clk_raw rise edge)
                                                      0.000     0.000 r  
    E3                                                0.000     0.000 r  clk (IN)
                         net (fo=0)                   0.000     0.000    clk
    E3                   IBUF (Prop_ibuf_I_O)         0.438     0.438 r  clk_IBUF_inst/O
                         net (fo=1, routed)           0.480     0.918    clk_IBUF
    MMCME2_ADV_X1Y2      MMCME2_ADV (Prop_mmcme2_adv_CLKIN1_CLKOUT0)
                                                     -3.163    -2.245 r  u_mmcm/CLKOUT0
                         net (fo=1, routed)           0.544    -1.702    core_clk_raw
    BUFGCTRL_X0Y16       BUFG (Prop_bufg_I_O)         0.029    -1.673 r  u_core_clk_buf/O
                         net (fo=11093, routed)       0.831    -0.842    u_aes_gcm/u_core/u_desc_fifo/mem_reg_0_1_24_29/WCLK
    SLICE_X62Y139        RAMD32                                       r  u_aes_gcm/u_core/u_desc_fifo/mem_reg_0_1_24_29/RAMC_D1/CLK
                         clock pessimism              0.275    -0.567    
    SLICE_X62Y139        RAMD32 (Hold_ramd32_CLK_WADR0)
                                                      0.310    -0.257    u_aes_gcm/u_core/u_desc_fifo/mem_reg_0_1_24_29/RAMC_D1
  -------------------------------------------------------------------
                         required time                          0.257    
                         arrival time                          -0.172    
  -------------------------------------------------------------------
                         slack                                  0.085    

Slack (MET) :             0.085ns  (arrival time - required time)
  Source:                 u_aes_gcm/u_core/u_desc_fifo/wr_ptr_reg[0]/C
                            (rising edge-triggered cell FDRE clocked by core_clk_raw  {rise@0.000ns fall@2.857ns period=5.714ns})
  Destination:            u_aes_gcm/u_core/u_desc_fifo/mem_reg_0_1_24_29/RAMD/ADR0
                            (rising edge-triggered cell RAMS32 clocked by core_clk_raw  {rise@0.000ns fall@2.857ns period=5.714ns})
  Path Group:             core_clk_raw
  Path Type:              Hold (Min at Fast Process Corner)
  Requirement:            0.000ns  (core_clk_raw rise@0.000ns - core_clk_raw rise@0.000ns)
  Data Path Delay:        0.432ns  (logic 0.141ns (32.611%)  route 0.291ns (67.389%))
  Logic Levels:           0  
  Clock Path Skew:        0.037ns (DCD - SCD - CPR)
    Destination Clock Delay (DCD):    -0.842ns
    Source Clock Delay      (SCD):    -0.604ns
    Clock Pessimism Removal (CPR):    -0.275ns

    Location             Delay type                Incr(ns)  Path(ns)    Netlist Resource(s)
  -------------------------------------------------------------------    -------------------
                         (clock core_clk_raw rise edge)
                                                      0.000     0.000 r  
    E3                                                0.000     0.000 r  clk (IN)
                         net (fo=0)                   0.000     0.000    clk
    E3                   IBUF (Prop_ibuf_I_O)         0.250     0.250 r  clk_IBUF_inst/O
                         net (fo=1, routed)           0.440     0.690    clk_IBUF
    MMCME2_ADV_X1Y2      MMCME2_ADV (Prop_mmcme2_adv_CLKIN1_CLKOUT0)
                                                     -2.379    -1.689 r  u_mmcm/CLKOUT0
                         net (fo=1, routed)           0.499    -1.190    core_clk_raw
    BUFGCTRL_X0Y16       BUFG (Prop_bufg_I_O)         0.026    -1.164 r  u_core_clk_buf/O
                         net (fo=11093, routed)       0.560    -0.604    u_aes_gcm/u_core/u_desc_fifo/core_clk
    SLICE_X64Y139        FDRE                                         r  u_aes_gcm/u_core/u_desc_fifo/wr_ptr_reg[0]/C
  -------------------------------------------------------------------    -------------------
    SLICE_X64Y139        FDRE (Prop_fdre_C_Q)         0.141    -0.463 r  u_aes_gcm/u_core/u_desc_fifo/wr_ptr_reg[0]/Q
                         net (fo=57, routed)          0.291    -0.172    u_aes_gcm/u_core/u_desc_fifo/mem_reg_0_1_24_29/ADDRD0
    SLICE_X62Y139        RAMS32                                       r  u_aes_gcm/u_core/u_desc_fifo/mem_reg_0_1_24_29/RAMD/ADR0
  -------------------------------------------------------------------    -------------------

                         (clock core_clk_raw rise edge)
                                                      0.000     0.000 r  
    E3                                                0.000     0.000 r  clk (IN)
                         net (fo=0)                   0.000     0.000    clk
    E3                   IBUF (Prop_ibuf_I_O)         0.438     0.438 r  clk_IBUF_inst/O
                         net (fo=1, routed)           0.480     0.918    clk_IBUF
    MMCME2_ADV_X1Y2      MMCME2_ADV (Prop_mmcme2_adv_CLKIN1_CLKOUT0)
                                                     -3.163    -2.245 r  u_mmcm/CLKOUT0
                         net (fo=1, routed)           0.544    -1.702    core_clk_raw
    BUFGCTRL_X0Y16       BUFG (Prop_bufg_I_O)         0.029    -1.673 r  u_core_clk_buf/O
                         net (fo=11093, routed)       0.831    -0.842    u_aes_gcm/u_core/u_desc_fifo/mem_reg_0_1_24_29/WCLK
    SLICE_X62Y139        RAMS32                                       r  u_aes_gcm/u_core/u_desc_fifo/mem_reg_0_1_24_29/RAMD/CLK
                         clock pessimism              0.275    -0.567    
    SLICE_X62Y139        RAMS32 (Hold_rams32_CLK_ADR0)
                                                      0.310    -0.257    u_aes_gcm/u_core/u_desc_fifo/mem_reg_0_1_24_29/RAMD
  -------------------------------------------------------------------
                         required time                          0.257    
                         arrival time                          -0.172    
  -------------------------------------------------------------------
                         slack                                  0.085    

Slack (MET) :             0.085ns  (arrival time - required time)
  Source:                 u_aes_gcm/u_core/u_desc_fifo/wr_ptr_reg[0]/C
                            (rising edge-triggered cell FDRE clocked by core_clk_raw  {rise@0.000ns fall@2.857ns period=5.714ns})
  Destination:            u_aes_gcm/u_core/u_desc_fifo/mem_reg_0_1_24_29/RAMD_D1/ADR0
                            (rising edge-triggered cell RAMS32 clocked by core_clk_raw  {rise@0.000ns fall@2.857ns period=5.714ns})
  Path Group:             core_clk_raw
  Path Type:              Hold (Min at Fast Process Corner)
  Requirement:            0.000ns  (core_clk_raw rise@0.000ns - core_clk_raw rise@0.000ns)
  Data Path Delay:        0.432ns  (logic 0.141ns (32.611%)  route 0.291ns (67.389%))
  Logic Levels:           0  
  Clock Path Skew:        0.037ns (DCD - SCD - CPR)
    Destination Clock Delay (DCD):    -0.842ns
    Source Clock Delay      (SCD):    -0.604ns
    Clock Pessimism Removal (CPR):    -0.275ns

    Location             Delay type                Incr(ns)  Path(ns)    Netlist Resource(s)
  -------------------------------------------------------------------    -------------------
                         (clock core_clk_raw rise edge)
                                                      0.000     0.000 r  
    E3                                                0.000     0.000 r  clk (IN)
                         net (fo=0)                   0.000     0.000    clk
    E3                   IBUF (Prop_ibuf_I_O)         0.250     0.250 r  clk_IBUF_inst/O
                         net (fo=1, routed)           0.440     0.690    clk_IBUF
    MMCME2_ADV_X1Y2      MMCME2_ADV (Prop_mmcme2_adv_CLKIN1_CLKOUT0)
                                                     -2.379    -1.689 r  u_mmcm/CLKOUT0
                         net (fo=1, routed)           0.499    -1.190    core_clk_raw
    BUFGCTRL_X0Y16       BUFG (Prop_bufg_I_O)         0.026    -1.164 r  u_core_clk_buf/O
                         net (fo=11093, routed)       0.560    -0.604    u_aes_gcm/u_core/u_desc_fifo/core_clk
    SLICE_X64Y139        FDRE                                         r  u_aes_gcm/u_core/u_desc_fifo/wr_ptr_reg[0]/C
  -------------------------------------------------------------------    -------------------
    SLICE_X64Y139        FDRE (Prop_fdre_C_Q)         0.141    -0.463 r  u_aes_gcm/u_core/u_desc_fifo/wr_ptr_reg[0]/Q
                         net (fo=57, routed)          0.291    -0.172    u_aes_gcm/u_core/u_desc_fifo/mem_reg_0_1_24_29/ADDRD0
    SLICE_X62Y139        RAMS32                                       r  u_aes_gcm/u_core/u_desc_fifo/mem_reg_0_1_24_29/RAMD_D1/ADR0
  -------------------------------------------------------------------    -------------------

                         (clock core_clk_raw rise edge)
                                                      0.000     0.000 r  
    E3                                                0.000     0.000 r  clk (IN)
                         net (fo=0)                   0.000     0.000    clk
    E3                   IBUF (Prop_ibuf_I_O)         0.438     0.438 r  clk_IBUF_inst/O
                         net (fo=1, routed)           0.480     0.918    clk_IBUF
    MMCME2_ADV_X1Y2      MMCME2_ADV (Prop_mmcme2_adv_CLKIN1_CLKOUT0)
                                                     -3.163    -2.245 r  u_mmcm/CLKOUT0
                         net (fo=1, routed)           0.544    -1.702    core_clk_raw
    BUFGCTRL_X0Y16       BUFG (Prop_bufg_I_O)         0.029    -1.673 r  u_core_clk_buf/O
                         net (fo=11093, routed)       0.831    -0.842    u_aes_gcm/u_core/u_desc_fifo/mem_reg_0_1_24_29/WCLK
    SLICE_X62Y139        RAMS32                                       r  u_aes_gcm/u_core/u_desc_fifo/mem_reg_0_1_24_29/RAMD_D1/CLK
                         clock pessimism              0.275    -0.567    
    SLICE_X62Y139        RAMS32 (Hold_rams32_CLK_ADR0)
                                                      0.310    -0.257    u_aes_gcm/u_core/u_desc_fifo/mem_reg_0_1_24_29/RAMD_D1
  -------------------------------------------------------------------
                         required time                          0.257    
                         arrival time                          -0.172    
  -------------------------------------------------------------------
                         slack                                  0.085    

Slack (MET) :             0.086ns  (arrival time - required time)
  Source:                 u_aes_gcm/u_core/tag_prod_data_reg[10]/C
                            (rising edge-triggered cell FDRE clocked by core_clk_raw  {rise@0.000ns fall@2.857ns period=5.714ns})
  Destination:            u_aes_gcm/u_core/u_tag_packet_fifo/mem_reg_0_1_6_11/RAMC/I
                            (rising edge-triggered cell RAMD32 clocked by core_clk_raw  {rise@0.000ns fall@2.857ns period=5.714ns})
  Path Group:             core_clk_raw
  Path Type:              Hold (Min at Fast Process Corner)
  Requirement:            0.000ns  (core_clk_raw rise@0.000ns - core_clk_raw rise@0.000ns)
  Data Path Delay:        0.244ns  (logic 0.141ns (57.827%)  route 0.103ns (42.173%))
  Logic Levels:           0  
  Clock Path Skew:        0.014ns (DCD - SCD - CPR)
    Destination Clock Delay (DCD):    -0.848ns
    Source Clock Delay      (SCD):    -0.608ns
    Clock Pessimism Removal (CPR):    -0.254ns

    Location             Delay type                Incr(ns)  Path(ns)    Netlist Resource(s)
  -------------------------------------------------------------------    -------------------
                         (clock core_clk_raw rise edge)
                                                      0.000     0.000 r  
    E3                                                0.000     0.000 r  clk (IN)
                         net (fo=0)                   0.000     0.000    clk
    E3                   IBUF (Prop_ibuf_I_O)         0.250     0.250 r  clk_IBUF_inst/O
                         net (fo=1, routed)           0.440     0.690    clk_IBUF
    MMCME2_ADV_X1Y2      MMCME2_ADV (Prop_mmcme2_adv_CLKIN1_CLKOUT0)
                                                     -2.379    -1.689 r  u_mmcm/CLKOUT0
                         net (fo=1, routed)           0.499    -1.190    core_clk_raw
    BUFGCTRL_X0Y16       BUFG (Prop_bufg_I_O)         0.026    -1.164 r  u_core_clk_buf/O
                         net (fo=11093, routed)       0.556    -0.608    u_aes_gcm/u_core/core_clk
    SLICE_X36Y130        FDRE                                         r  u_aes_gcm/u_core/tag_prod_data_reg[10]/C
  -------------------------------------------------------------------    -------------------
    SLICE_X36Y130        FDRE (Prop_fdre_C_Q)         0.141    -0.467 r  u_aes_gcm/u_core/tag_prod_data_reg[10]/Q
                         net (fo=2, routed)           0.103    -0.364    u_aes_gcm/u_core/u_tag_packet_fifo/mem_reg_0_1_6_11/DIC0
    SLICE_X34Y130        RAMD32                                       r  u_aes_gcm/u_core/u_tag_packet_fifo/mem_reg_0_1_6_11/RAMC/I
  -------------------------------------------------------------------    -------------------

                         (clock core_clk_raw rise edge)
                                                      0.000     0.000 r  
    E3                                                0.000     0.000 r  clk (IN)
                         net (fo=0)                   0.000     0.000    clk
    E3                   IBUF (Prop_ibuf_I_O)         0.438     0.438 r  clk_IBUF_inst/O
                         net (fo=1, routed)           0.480     0.918    clk_IBUF
    MMCME2_ADV_X1Y2      MMCME2_ADV (Prop_mmcme2_adv_CLKIN1_CLKOUT0)
                                                     -3.163    -2.245 r  u_mmcm/CLKOUT0
                         net (fo=1, routed)           0.544    -1.702    core_clk_raw
    BUFGCTRL_X0Y16       BUFG (Prop_bufg_I_O)         0.029    -1.673 r  u_core_clk_buf/O
                         net (fo=11093, routed)       0.825    -0.848    u_aes_gcm/u_core/u_tag_packet_fifo/mem_reg_0_1_6_11/WCLK
    SLICE_X34Y130        RAMD32                                       r  u_aes_gcm/u_core/u_tag_packet_fifo/mem_reg_0_1_6_11/RAMC/CLK
                         clock pessimism              0.254    -0.594    
    SLICE_X34Y130        RAMD32 (Hold_ramd32_CLK_I)
                                                      0.144    -0.450    u_aes_gcm/u_core/u_tag_packet_fifo/mem_reg_0_1_6_11/RAMC
  -------------------------------------------------------------------
                         required time                          0.450    
                         arrival time                          -0.364    
  -------------------------------------------------------------------
                         slack                                  0.086    

Slack (MET) :             0.086ns  (arrival time - required time)
  Source:                 u_aes_gcm/u_core/u_ghash_request_fifo/wr_ptr_reg[0]/C
                            (rising edge-triggered cell FDRE clocked by core_clk_raw  {rise@0.000ns fall@2.857ns period=5.714ns})
  Destination:            u_aes_gcm/u_core/u_ghash_request_fifo/mem_reg_0_3_126_131/RAMA/WADR0
                            (rising edge-triggered cell RAMD32 clocked by core_clk_raw  {rise@0.000ns fall@2.857ns period=5.714ns})
  Path Group:             core_clk_raw
  Path Type:              Hold (Min at Fast Process Corner)
  Requirement:            0.000ns  (core_clk_raw rise@0.000ns - core_clk_raw rise@0.000ns)
  Data Path Delay:        0.430ns  (logic 0.141ns (32.797%)  route 0.289ns (67.203%))
  Logic Levels:           0  
  Clock Path Skew:        0.034ns (DCD - SCD - CPR)
    Destination Clock Delay (DCD):    -0.847ns
    Source Clock Delay      (SCD):    -0.606ns
    Clock Pessimism Removal (CPR):    -0.275ns

    Location             Delay type                Incr(ns)  Path(ns)    Netlist Resource(s)
  -------------------------------------------------------------------    -------------------
                         (clock core_clk_raw rise edge)
                                                      0.000     0.000 r  
    E3                                                0.000     0.000 r  clk (IN)
                         net (fo=0)                   0.000     0.000    clk
    E3                   IBUF (Prop_ibuf_I_O)         0.250     0.250 r  clk_IBUF_inst/O
                         net (fo=1, routed)           0.440     0.690    clk_IBUF
    MMCME2_ADV_X1Y2      MMCME2_ADV (Prop_mmcme2_adv_CLKIN1_CLKOUT0)
                                                     -2.379    -1.689 r  u_mmcm/CLKOUT0
                         net (fo=1, routed)           0.499    -1.190    core_clk_raw
    BUFGCTRL_X0Y16       BUFG (Prop_bufg_I_O)         0.026    -1.164 r  u_core_clk_buf/O
                         net (fo=11093, routed)       0.558    -0.606    u_aes_gcm/u_core/u_ghash_request_fifo/core_clk
    SLICE_X41Y114        FDRE                                         r  u_aes_gcm/u_core/u_ghash_request_fifo/wr_ptr_reg[0]/C
  -------------------------------------------------------------------    -------------------
    SLICE_X41Y114        FDRE (Prop_fdre_C_Q)         0.141    -0.465 r  u_aes_gcm/u_core/u_ghash_request_fifo/wr_ptr_reg[0]/Q
                         net (fo=178, routed)         0.289    -0.176    u_aes_gcm/u_core/u_ghash_request_fifo/mem_reg_0_3_126_131/ADDRD0
    SLICE_X42Y115        RAMD32                                       r  u_aes_gcm/u_core/u_ghash_request_fifo/mem_reg_0_3_126_131/RAMA/WADR0
  -------------------------------------------------------------------    -------------------

                         (clock core_clk_raw rise edge)
                                                      0.000     0.000 r  
    E3                                                0.000     0.000 r  clk (IN)
                         net (fo=0)                   0.000     0.000    clk
    E3                   IBUF (Prop_ibuf_I_O)         0.438     0.438 r  clk_IBUF_inst/O
                         net (fo=1, routed)           0.480     0.918    clk_IBUF
    MMCME2_ADV_X1Y2      MMCME2_ADV (Prop_mmcme2_adv_CLKIN1_CLKOUT0)
                                                     -3.163    -2.245 r  u_mmcm/CLKOUT0
                         net (fo=1, routed)           0.544    -1.702    core_clk_raw
    BUFGCTRL_X0Y16       BUFG (Prop_bufg_I_O)         0.029    -1.673 r  u_core_clk_buf/O
                         net (fo=11093, routed)       0.826    -0.847    u_aes_gcm/u_core/u_ghash_request_fifo/mem_reg_0_3_126_131/WCLK
    SLICE_X42Y115        RAMD32                                       r  u_aes_gcm/u_core/u_ghash_request_fifo/mem_reg_0_3_126_131/RAMA/CLK
                         clock pessimism              0.275    -0.572    
    SLICE_X42Y115        RAMD32 (Hold_ramd32_CLK_WADR0)
                                                      0.310    -0.262    u_aes_gcm/u_core/u_ghash_request_fifo/mem_reg_0_3_126_131/RAMA
  -------------------------------------------------------------------
                         required time                          0.262    
                         arrival time                          -0.176    
  -------------------------------------------------------------------
                         slack                                  0.086    

Slack (MET) :             0.086ns  (arrival time - required time)
  Source:                 u_aes_gcm/u_core/u_ghash_request_fifo/wr_ptr_reg[0]/C
                            (rising edge-triggered cell FDRE clocked by core_clk_raw  {rise@0.000ns fall@2.857ns period=5.714ns})
  Destination:            u_aes_gcm/u_core/u_ghash_request_fifo/mem_reg_0_3_126_131/RAMA_D1/WADR0
                            (rising edge-triggered cell RAMD32 clocked by core_clk_raw  {rise@0.000ns fall@2.857ns period=5.714ns})
  Path Group:             core_clk_raw
  Path Type:              Hold (Min at Fast Process Corner)
  Requirement:            0.000ns  (core_clk_raw rise@0.000ns - core_clk_raw rise@0.000ns)
  Data Path Delay:        0.430ns  (logic 0.141ns (32.797%)  route 0.289ns (67.203%))
  Logic Levels:           0  
  Clock Path Skew:        0.034ns (DCD - SCD - CPR)
    Destination Clock Delay (DCD):    -0.847ns
    Source Clock Delay      (SCD):    -0.606ns
    Clock Pessimism Removal (CPR):    -0.275ns

    Location             Delay type                Incr(ns)  Path(ns)    Netlist Resource(s)
  -------------------------------------------------------------------    -------------------
                         (clock core_clk_raw rise edge)
                                                      0.000     0.000 r  
    E3                                                0.000     0.000 r  clk (IN)
                         net (fo=0)                   0.000     0.000    clk
    E3                   IBUF (Prop_ibuf_I_O)         0.250     0.250 r  clk_IBUF_inst/O
                         net (fo=1, routed)           0.440     0.690    clk_IBUF
    MMCME2_ADV_X1Y2      MMCME2_ADV (Prop_mmcme2_adv_CLKIN1_CLKOUT0)
                                                     -2.379    -1.689 r  u_mmcm/CLKOUT0
                         net (fo=1, routed)           0.499    -1.190    core_clk_raw
    BUFGCTRL_X0Y16       BUFG (Prop_bufg_I_O)         0.026    -1.164 r  u_core_clk_buf/O
                         net (fo=11093, routed)       0.558    -0.606    u_aes_gcm/u_core/u_ghash_request_fifo/core_clk
    SLICE_X41Y114        FDRE                                         r  u_aes_gcm/u_core/u_ghash_request_fifo/wr_ptr_reg[0]/C
  -------------------------------------------------------------------    -------------------
    SLICE_X41Y114        FDRE (Prop_fdre_C_Q)         0.141    -0.465 r  u_aes_gcm/u_core/u_ghash_request_fifo/wr_ptr_reg[0]/Q
                         net (fo=178, routed)         0.289    -0.176    u_aes_gcm/u_core/u_ghash_request_fifo/mem_reg_0_3_126_131/ADDRD0
    SLICE_X42Y115        RAMD32                                       r  u_aes_gcm/u_core/u_ghash_request_fifo/mem_reg_0_3_126_131/RAMA_D1/WADR0
  -------------------------------------------------------------------    -------------------

                         (clock core_clk_raw rise edge)
                                                      0.000     0.000 r  
    E3                                                0.000     0.000 r  clk (IN)
                         net (fo=0)                   0.000     0.000    clk
    E3                   IBUF (Prop_ibuf_I_O)         0.438     0.438 r  clk_IBUF_inst/O
                         net (fo=1, routed)           0.480     0.918    clk_IBUF
    MMCME2_ADV_X1Y2      MMCME2_ADV (Prop_mmcme2_adv_CLKIN1_CLKOUT0)
                                                     -3.163    -2.245 r  u_mmcm/CLKOUT0
                         net (fo=1, routed)           0.544    -1.702    core_clk_raw
    BUFGCTRL_X0Y16       BUFG (Prop_bufg_I_O)         0.029    -1.673 r  u_core_clk_buf/O
                         net (fo=11093, routed)       0.826    -0.847    u_aes_gcm/u_core/u_ghash_request_fifo/mem_reg_0_3_126_131/WCLK
    SLICE_X42Y115        RAMD32                                       r  u_aes_gcm/u_core/u_ghash_request_fifo/mem_reg_0_3_126_131/RAMA_D1/CLK
                         clock pessimism              0.275    -0.572    
    SLICE_X42Y115        RAMD32 (Hold_ramd32_CLK_WADR0)
                                                      0.310    -0.262    u_aes_gcm/u_core/u_ghash_request_fifo/mem_reg_0_3_126_131/RAMA_D1
  -------------------------------------------------------------------
                         required time                          0.262    
                         arrival time                          -0.176    
  -------------------------------------------------------------------
                         slack                                  0.086    

Slack (MET) :             0.086ns  (arrival time - required time)
  Source:                 u_aes_gcm/u_core/u_ghash_request_fifo/wr_ptr_reg[0]/C
                            (rising edge-triggered cell FDRE clocked by core_clk_raw  {rise@0.000ns fall@2.857ns period=5.714ns})
  Destination:            u_aes_gcm/u_core/u_ghash_request_fifo/mem_reg_0_3_126_131/RAMB/WADR0
                            (rising edge-triggered cell RAMD32 clocked by core_clk_raw  {rise@0.000ns fall@2.857ns period=5.714ns})
  Path Group:             core_clk_raw
  Path Type:              Hold (Min at Fast Process Corner)
  Requirement:            0.000ns  (core_clk_raw rise@0.000ns - core_clk_raw rise@0.000ns)
  Data Path Delay:        0.430ns  (logic 0.141ns (32.797%)  route 0.289ns (67.203%))
  Logic Levels:           0  
  Clock Path Skew:        0.034ns (DCD - SCD - CPR)
    Destination Clock Delay (DCD):    -0.847ns
    Source Clock Delay      (SCD):    -0.606ns
    Clock Pessimism Removal (CPR):    -0.275ns

    Location             Delay type                Incr(ns)  Path(ns)    Netlist Resource(s)
  -------------------------------------------------------------------    -------------------
                         (clock core_clk_raw rise edge)
                                                      0.000     0.000 r  
    E3                                                0.000     0.000 r  clk (IN)
                         net (fo=0)                   0.000     0.000    clk
    E3                   IBUF (Prop_ibuf_I_O)         0.250     0.250 r  clk_IBUF_inst/O
                         net (fo=1, routed)           0.440     0.690    clk_IBUF
    MMCME2_ADV_X1Y2      MMCME2_ADV (Prop_mmcme2_adv_CLKIN1_CLKOUT0)
                                                     -2.379    -1.689 r  u_mmcm/CLKOUT0
                         net (fo=1, routed)           0.499    -1.190    core_clk_raw
    BUFGCTRL_X0Y16       BUFG (Prop_bufg_I_O)         0.026    -1.164 r  u_core_clk_buf/O
                         net (fo=11093, routed)       0.558    -0.606    u_aes_gcm/u_core/u_ghash_request_fifo/core_clk
    SLICE_X41Y114        FDRE                                         r  u_aes_gcm/u_core/u_ghash_request_fifo/wr_ptr_reg[0]/C
  -------------------------------------------------------------------    -------------------
    SLICE_X41Y114        FDRE (Prop_fdre_C_Q)         0.141    -0.465 r  u_aes_gcm/u_core/u_ghash_request_fifo/wr_ptr_reg[0]/Q
                         net (fo=178, routed)         0.289    -0.176    u_aes_gcm/u_core/u_ghash_request_fifo/mem_reg_0_3_126_131/ADDRD0
    SLICE_X42Y115        RAMD32                                       r  u_aes_gcm/u_core/u_ghash_request_fifo/mem_reg_0_3_126_131/RAMB/WADR0
  -------------------------------------------------------------------    -------------------

                         (clock core_clk_raw rise edge)
                                                      0.000     0.000 r  
    E3                                                0.000     0.000 r  clk (IN)
                         net (fo=0)                   0.000     0.000    clk
    E3                   IBUF (Prop_ibuf_I_O)         0.438     0.438 r  clk_IBUF_inst/O
                         net (fo=1, routed)           0.480     0.918    clk_IBUF
    MMCME2_ADV_X1Y2      MMCME2_ADV (Prop_mmcme2_adv_CLKIN1_CLKOUT0)
                                                     -3.163    -2.245 r  u_mmcm/CLKOUT0
                         net (fo=1, routed)           0.544    -1.702    core_clk_raw
    BUFGCTRL_X0Y16       BUFG (Prop_bufg_I_O)         0.029    -1.673 r  u_core_clk_buf/O
                         net (fo=11093, routed)       0.826    -0.847    u_aes_gcm/u_core/u_ghash_request_fifo/mem_reg_0_3_126_131/WCLK
    SLICE_X42Y115        RAMD32                                       r  u_aes_gcm/u_core/u_ghash_request_fifo/mem_reg_0_3_126_131/RAMB/CLK
                         clock pessimism              0.275    -0.572    
    SLICE_X42Y115        RAMD32 (Hold_ramd32_CLK_WADR0)
                                                      0.310    -0.262    u_aes_gcm/u_core/u_ghash_request_fifo/mem_reg_0_3_126_131/RAMB
  -------------------------------------------------------------------
                         required time                          0.262    
                         arrival time                          -0.176    
  -------------------------------------------------------------------
                         slack                                  0.086    

Slack (MET) :             0.086ns  (arrival time - required time)
  Source:                 u_aes_gcm/u_core/u_ghash_request_fifo/wr_ptr_reg[0]/C
                            (rising edge-triggered cell FDRE clocked by core_clk_raw  {rise@0.000ns fall@2.857ns period=5.714ns})
  Destination:            u_aes_gcm/u_core/u_ghash_request_fifo/mem_reg_0_3_126_131/RAMB_D1/WADR0
                            (rising edge-triggered cell RAMD32 clocked by core_clk_raw  {rise@0.000ns fall@2.857ns period=5.714ns})
  Path Group:             core_clk_raw
  Path Type:              Hold (Min at Fast Process Corner)
  Requirement:            0.000ns  (core_clk_raw rise@0.000ns - core_clk_raw rise@0.000ns)
  Data Path Delay:        0.430ns  (logic 0.141ns (32.797%)  route 0.289ns (67.203%))
  Logic Levels:           0  
  Clock Path Skew:        0.034ns (DCD - SCD - CPR)
    Destination Clock Delay (DCD):    -0.847ns
    Source Clock Delay      (SCD):    -0.606ns
    Clock Pessimism Removal (CPR):    -0.275ns

    Location             Delay type                Incr(ns)  Path(ns)    Netlist Resource(s)
  -------------------------------------------------------------------    -------------------
                         (clock core_clk_raw rise edge)
                                                      0.000     0.000 r  
    E3                                                0.000     0.000 r  clk (IN)
                         net (fo=0)                   0.000     0.000    clk
    E3                   IBUF (Prop_ibuf_I_O)         0.250     0.250 r  clk_IBUF_inst/O
                         net (fo=1, routed)           0.440     0.690    clk_IBUF
    MMCME2_ADV_X1Y2      MMCME2_ADV (Prop_mmcme2_adv_CLKIN1_CLKOUT0)
                                                     -2.379    -1.689 r  u_mmcm/CLKOUT0
                         net (fo=1, routed)           0.499    -1.190    core_clk_raw
    BUFGCTRL_X0Y16       BUFG (Prop_bufg_I_O)         0.026    -1.164 r  u_core_clk_buf/O
                         net (fo=11093, routed)       0.558    -0.606    u_aes_gcm/u_core/u_ghash_request_fifo/core_clk
    SLICE_X41Y114        FDRE                                         r  u_aes_gcm/u_core/u_ghash_request_fifo/wr_ptr_reg[0]/C
  -------------------------------------------------------------------    -------------------
    SLICE_X41Y114        FDRE (Prop_fdre_C_Q)         0.141    -0.465 r  u_aes_gcm/u_core/u_ghash_request_fifo/wr_ptr_reg[0]/Q
                         net (fo=178, routed)         0.289    -0.176    u_aes_gcm/u_core/u_ghash_request_fifo/mem_reg_0_3_126_131/ADDRD0
    SLICE_X42Y115        RAMD32                                       r  u_aes_gcm/u_core/u_ghash_request_fifo/mem_reg_0_3_126_131/RAMB_D1/WADR0
  -------------------------------------------------------------------    -------------------

                         (clock core_clk_raw rise edge)
                                                      0.000     0.000 r  
    E3                                                0.000     0.000 r  clk (IN)
                         net (fo=0)                   0.000     0.000    clk
    E3                   IBUF (Prop_ibuf_I_O)         0.438     0.438 r  clk_IBUF_inst/O
                         net (fo=1, routed)           0.480     0.918    clk_IBUF
    MMCME2_ADV_X1Y2      MMCME2_ADV (Prop_mmcme2_adv_CLKIN1_CLKOUT0)
                                                     -3.163    -2.245 r  u_mmcm/CLKOUT0
                         net (fo=1, routed)           0.544    -1.702    core_clk_raw
    BUFGCTRL_X0Y16       BUFG (Prop_bufg_I_O)         0.029    -1.673 r  u_core_clk_buf/O
                         net (fo=11093, routed)       0.826    -0.847    u_aes_gcm/u_core/u_ghash_request_fifo/mem_reg_0_3_126_131/WCLK
    SLICE_X42Y115        RAMD32                                       r  u_aes_gcm/u_core/u_ghash_request_fifo/mem_reg_0_3_126_131/RAMB_D1/CLK
                         clock pessimism              0.275    -0.572    
    SLICE_X42Y115        RAMD32 (Hold_ramd32_CLK_WADR0)
                                                      0.310    -0.262    u_aes_gcm/u_core/u_ghash_request_fifo/mem_reg_0_3_126_131/RAMB_D1
  -------------------------------------------------------------------
                         required time                          0.262    
                         arrival time                          -0.176    
  -------------------------------------------------------------------
                         slack                                  0.086    

Slack (MET) :             0.086ns  (arrival time - required time)
  Source:                 u_aes_gcm/u_core/u_ghash_request_fifo/wr_ptr_reg[0]/C
                            (rising edge-triggered cell FDRE clocked by core_clk_raw  {rise@0.000ns fall@2.857ns period=5.714ns})
  Destination:            u_aes_gcm/u_core/u_ghash_request_fifo/mem_reg_0_3_126_131/RAMC/WADR0
                            (rising edge-triggered cell RAMD32 clocked by core_clk_raw  {rise@0.000ns fall@2.857ns period=5.714ns})
  Path Group:             core_clk_raw
  Path Type:              Hold (Min at Fast Process Corner)
  Requirement:            0.000ns  (core_clk_raw rise@0.000ns - core_clk_raw rise@0.000ns)
  Data Path Delay:        0.430ns  (logic 0.141ns (32.797%)  route 0.289ns (67.203%))
  Logic Levels:           0  
  Clock Path Skew:        0.034ns (DCD - SCD - CPR)
    Destination Clock Delay (DCD):    -0.847ns
    Source Clock Delay      (SCD):    -0.606ns
    Clock Pessimism Removal (CPR):    -0.275ns

    Location             Delay type                Incr(ns)  Path(ns)    Netlist Resource(s)
  -------------------------------------------------------------------    -------------------
                         (clock core_clk_raw rise edge)
                                                      0.000     0.000 r  
    E3                                                0.000     0.000 r  clk (IN)
                         net (fo=0)                   0.000     0.000    clk
    E3                   IBUF (Prop_ibuf_I_O)         0.250     0.250 r  clk_IBUF_inst/O
                         net (fo=1, routed)           0.440     0.690    clk_IBUF
    MMCME2_ADV_X1Y2      MMCME2_ADV (Prop_mmcme2_adv_CLKIN1_CLKOUT0)
                                                     -2.379    -1.689 r  u_mmcm/CLKOUT0
                         net (fo=1, routed)           0.499    -1.190    core_clk_raw
    BUFGCTRL_X0Y16       BUFG (Prop_bufg_I_O)         0.026    -1.164 r  u_core_clk_buf/O
                         net (fo=11093, routed)       0.558    -0.606    u_aes_gcm/u_core/u_ghash_request_fifo/core_clk
    SLICE_X41Y114        FDRE                                         r  u_aes_gcm/u_core/u_ghash_request_fifo/wr_ptr_reg[0]/C
  -------------------------------------------------------------------    -------------------
    SLICE_X41Y114        FDRE (Prop_fdre_C_Q)         0.141    -0.465 r  u_aes_gcm/u_core/u_ghash_request_fifo/wr_ptr_reg[0]/Q
                         net (fo=178, routed)         0.289    -0.176    u_aes_gcm/u_core/u_ghash_request_fifo/mem_reg_0_3_126_131/ADDRD0
    SLICE_X42Y115        RAMD32                                       r  u_aes_gcm/u_core/u_ghash_request_fifo/mem_reg_0_3_126_131/RAMC/WADR0
  -------------------------------------------------------------------    -------------------

                         (clock core_clk_raw rise edge)
                                                      0.000     0.000 r  
    E3                                                0.000     0.000 r  clk (IN)
                         net (fo=0)                   0.000     0.000    clk
    E3                   IBUF (Prop_ibuf_I_O)         0.438     0.438 r  clk_IBUF_inst/O
                         net (fo=1, routed)           0.480     0.918    clk_IBUF
    MMCME2_ADV_X1Y2      MMCME2_ADV (Prop_mmcme2_adv_CLKIN1_CLKOUT0)
                                                     -3.163    -2.245 r  u_mmcm/CLKOUT0
                         net (fo=1, routed)           0.544    -1.702    core_clk_raw
    BUFGCTRL_X0Y16       BUFG (Prop_bufg_I_O)         0.029    -1.673 r  u_core_clk_buf/O
                         net (fo=11093, routed)       0.826    -0.847    u_aes_gcm/u_core/u_ghash_request_fifo/mem_reg_0_3_126_131/WCLK
    SLICE_X42Y115        RAMD32                                       r  u_aes_gcm/u_core/u_ghash_request_fifo/mem_reg_0_3_126_131/RAMC/CLK
                         clock pessimism              0.275    -0.572    
    SLICE_X42Y115        RAMD32 (Hold_ramd32_CLK_WADR0)
                                                      0.310    -0.262    u_aes_gcm/u_core/u_ghash_request_fifo/mem_reg_0_3_126_131/RAMC
  -------------------------------------------------------------------
                         required time                          0.262    
                         arrival time                          -0.176    
  -------------------------------------------------------------------
                         slack                                  0.086    

Slack (MET) :             0.086ns  (arrival time - required time)
  Source:                 u_aes_gcm/u_core/u_ghash_request_fifo/wr_ptr_reg[0]/C
                            (rising edge-triggered cell FDRE clocked by core_clk_raw  {rise@0.000ns fall@2.857ns period=5.714ns})
  Destination:            u_aes_gcm/u_core/u_ghash_request_fifo/mem_reg_0_3_126_131/RAMC_D1/WADR0
                            (rising edge-triggered cell RAMD32 clocked by core_clk_raw  {rise@0.000ns fall@2.857ns period=5.714ns})
  Path Group:             core_clk_raw
  Path Type:              Hold (Min at Fast Process Corner)
  Requirement:            0.000ns  (core_clk_raw rise@0.000ns - core_clk_raw rise@0.000ns)
  Data Path Delay:        0.430ns  (logic 0.141ns (32.797%)  route 0.289ns (67.203%))
  Logic Levels:           0  
  Clock Path Skew:        0.034ns (DCD - SCD - CPR)
    Destination Clock Delay (DCD):    -0.847ns
    Source Clock Delay      (SCD):    -0.606ns
    Clock Pessimism Removal (CPR):    -0.275ns

    Location             Delay type                Incr(ns)  Path(ns)    Netlist Resource(s)
  -------------------------------------------------------------------    -------------------
                         (clock core_clk_raw rise edge)
                                                      0.000     0.000 r  
    E3                                                0.000     0.000 r  clk (IN)
                         net (fo=0)                   0.000     0.000    clk
    E3                   IBUF (Prop_ibuf_I_O)         0.250     0.250 r  clk_IBUF_inst/O
                         net (fo=1, routed)           0.440     0.690    clk_IBUF
    MMCME2_ADV_X1Y2      MMCME2_ADV (Prop_mmcme2_adv_CLKIN1_CLKOUT0)
                                                     -2.379    -1.689 r  u_mmcm/CLKOUT0
                         net (fo=1, routed)           0.499    -1.190    core_clk_raw
    BUFGCTRL_X0Y16       BUFG (Prop_bufg_I_O)         0.026    -1.164 r  u_core_clk_buf/O
                         net (fo=11093, routed)       0.558    -0.606    u_aes_gcm/u_core/u_ghash_request_fifo/core_clk
    SLICE_X41Y114        FDRE                                         r  u_aes_gcm/u_core/u_ghash_request_fifo/wr_ptr_reg[0]/C
  -------------------------------------------------------------------    -------------------
    SLICE_X41Y114        FDRE (Prop_fdre_C_Q)         0.141    -0.465 r  u_aes_gcm/u_core/u_ghash_request_fifo/wr_ptr_reg[0]/Q
                         net (fo=178, routed)         0.289    -0.176    u_aes_gcm/u_core/u_ghash_request_fifo/mem_reg_0_3_126_131/ADDRD0
    SLICE_X42Y115        RAMD32                                       r  u_aes_gcm/u_core/u_ghash_request_fifo/mem_reg_0_3_126_131/RAMC_D1/WADR0
  -------------------------------------------------------------------    -------------------

                         (clock core_clk_raw rise edge)
                                                      0.000     0.000 r  
    E3                                                0.000     0.000 r  clk (IN)
                         net (fo=0)                   0.000     0.000    clk
    E3                   IBUF (Prop_ibuf_I_O)         0.438     0.438 r  clk_IBUF_inst/O
                         net (fo=1, routed)           0.480     0.918    clk_IBUF
    MMCME2_ADV_X1Y2      MMCME2_ADV (Prop_mmcme2_adv_CLKIN1_CLKOUT0)
                                                     -3.163    -2.245 r  u_mmcm/CLKOUT0
                         net (fo=1, routed)           0.544    -1.702    core_clk_raw
    BUFGCTRL_X0Y16       BUFG (Prop_bufg_I_O)         0.029    -1.673 r  u_core_clk_buf/O
                         net (fo=11093, routed)       0.826    -0.847    u_aes_gcm/u_core/u_ghash_request_fifo/mem_reg_0_3_126_131/WCLK
    SLICE_X42Y115        RAMD32                                       r  u_aes_gcm/u_core/u_ghash_request_fifo/mem_reg_0_3_126_131/RAMC_D1/CLK
                         clock pessimism              0.275    -0.572    
    SLICE_X42Y115        RAMD32 (Hold_ramd32_CLK_WADR0)
                                                      0.310    -0.262    u_aes_gcm/u_core/u_ghash_request_fifo/mem_reg_0_3_126_131/RAMC_D1
  -------------------------------------------------------------------
                         required time                          0.262    
                         arrival time                          -0.176    
  -------------------------------------------------------------------
                         slack                                  0.086    

Slack (MET) :             0.086ns  (arrival time - required time)
  Source:                 u_aes_gcm/u_core/u_ghash_request_fifo/wr_ptr_reg[0]/C
                            (rising edge-triggered cell FDRE clocked by core_clk_raw  {rise@0.000ns fall@2.857ns period=5.714ns})
  Destination:            u_aes_gcm/u_core/u_ghash_request_fifo/mem_reg_0_3_126_131/RAMD/ADR0
                            (rising edge-triggered cell RAMS32 clocked by core_clk_raw  {rise@0.000ns fall@2.857ns period=5.714ns})
  Path Group:             core_clk_raw
  Path Type:              Hold (Min at Fast Process Corner)
  Requirement:            0.000ns  (core_clk_raw rise@0.000ns - core_clk_raw rise@0.000ns)
  Data Path Delay:        0.430ns  (logic 0.141ns (32.797%)  route 0.289ns (67.203%))
  Logic Levels:           0  
  Clock Path Skew:        0.034ns (DCD - SCD - CPR)
    Destination Clock Delay (DCD):    -0.847ns
    Source Clock Delay      (SCD):    -0.606ns
    Clock Pessimism Removal (CPR):    -0.275ns

    Location             Delay type                Incr(ns)  Path(ns)    Netlist Resource(s)
  -------------------------------------------------------------------    -------------------
                         (clock core_clk_raw rise edge)
                                                      0.000     0.000 r  
    E3                                                0.000     0.000 r  clk (IN)
                         net (fo=0)                   0.000     0.000    clk
    E3                   IBUF (Prop_ibuf_I_O)         0.250     0.250 r  clk_IBUF_inst/O
                         net (fo=1, routed)           0.440     0.690    clk_IBUF
    MMCME2_ADV_X1Y2      MMCME2_ADV (Prop_mmcme2_adv_CLKIN1_CLKOUT0)
                                                     -2.379    -1.689 r  u_mmcm/CLKOUT0
                         net (fo=1, routed)           0.499    -1.190    core_clk_raw
    BUFGCTRL_X0Y16       BUFG (Prop_bufg_I_O)         0.026    -1.164 r  u_core_clk_buf/O
                         net (fo=11093, routed)       0.558    -0.606    u_aes_gcm/u_core/u_ghash_request_fifo/core_clk
    SLICE_X41Y114        FDRE                                         r  u_aes_gcm/u_core/u_ghash_request_fifo/wr_ptr_reg[0]/C
  -------------------------------------------------------------------    -------------------
    SLICE_X41Y114        FDRE (Prop_fdre_C_Q)         0.141    -0.465 r  u_aes_gcm/u_core/u_ghash_request_fifo/wr_ptr_reg[0]/Q
                         net (fo=178, routed)         0.289    -0.176    u_aes_gcm/u_core/u_ghash_request_fifo/mem_reg_0_3_126_131/ADDRD0
    SLICE_X42Y115        RAMS32                                       r  u_aes_gcm/u_core/u_ghash_request_fifo/mem_reg_0_3_126_131/RAMD/ADR0
  -------------------------------------------------------------------    -------------------

                         (clock core_clk_raw rise edge)
                                                      0.000     0.000 r  
    E3                                                0.000     0.000 r  clk (IN)
                         net (fo=0)                   0.000     0.000    clk
    E3                   IBUF (Prop_ibuf_I_O)         0.438     0.438 r  clk_IBUF_inst/O
                         net (fo=1, routed)           0.480     0.918    clk_IBUF
    MMCME2_ADV_X1Y2      MMCME2_ADV (Prop_mmcme2_adv_CLKIN1_CLKOUT0)
                                                     -3.163    -2.245 r  u_mmcm/CLKOUT0
                         net (fo=1, routed)           0.544    -1.702    core_clk_raw
    BUFGCTRL_X0Y16       BUFG (Prop_bufg_I_O)         0.029    -1.673 r  u_core_clk_buf/O
                         net (fo=11093, routed)       0.826    -0.847    u_aes_gcm/u_core/u_ghash_request_fifo/mem_reg_0_3_126_131/WCLK
    SLICE_X42Y115        RAMS32                                       r  u_aes_gcm/u_core/u_ghash_request_fifo/mem_reg_0_3_126_131/RAMD/CLK
                         clock pessimism              0.275    -0.572    
    SLICE_X42Y115        RAMS32 (Hold_rams32_CLK_ADR0)
                                                      0.310    -0.262    u_aes_gcm/u_core/u_ghash_request_fifo/mem_reg_0_3_126_131/RAMD
  -------------------------------------------------------------------
                         required time                          0.262    
                         arrival time                          -0.176    
  -------------------------------------------------------------------
                         slack                                  0.086    

Slack (MET) :             0.086ns  (arrival time - required time)
  Source:                 u_aes_gcm/u_core/u_ghash_request_fifo/wr_ptr_reg[0]/C
                            (rising edge-triggered cell FDRE clocked by core_clk_raw  {rise@0.000ns fall@2.857ns period=5.714ns})
  Destination:            u_aes_gcm/u_core/u_ghash_request_fifo/mem_reg_0_3_126_131/RAMD_D1/ADR0
                            (rising edge-triggered cell RAMS32 clocked by core_clk_raw  {rise@0.000ns fall@2.857ns period=5.714ns})
  Path Group:             core_clk_raw
  Path Type:              Hold (Min at Fast Process Corner)
  Requirement:            0.000ns  (core_clk_raw rise@0.000ns - core_clk_raw rise@0.000ns)
  Data Path Delay:        0.430ns  (logic 0.141ns (32.797%)  route 0.289ns (67.203%))
  Logic Levels:           0  
  Clock Path Skew:        0.034ns (DCD - SCD - CPR)
    Destination Clock Delay (DCD):    -0.847ns
    Source Clock Delay      (SCD):    -0.606ns
    Clock Pessimism Removal (CPR):    -0.275ns

    Location             Delay type                Incr(ns)  Path(ns)    Netlist Resource(s)
  -------------------------------------------------------------------    -------------------
                         (clock core_clk_raw rise edge)
                                                      0.000     0.000 r  
    E3                                                0.000     0.000 r  clk (IN)
                         net (fo=0)                   0.000     0.000    clk
    E3                   IBUF (Prop_ibuf_I_O)         0.250     0.250 r  clk_IBUF_inst/O
                         net (fo=1, routed)           0.440     0.690    clk_IBUF
    MMCME2_ADV_X1Y2      MMCME2_ADV (Prop_mmcme2_adv_CLKIN1_CLKOUT0)
                                                     -2.379    -1.689 r  u_mmcm/CLKOUT0
                         net (fo=1, routed)           0.499    -1.190    core_clk_raw
    BUFGCTRL_X0Y16       BUFG (Prop_bufg_I_O)         0.026    -1.164 r  u_core_clk_buf/O
                         net (fo=11093, routed)       0.558    -0.606    u_aes_gcm/u_core/u_ghash_request_fifo/core_clk
    SLICE_X41Y114        FDRE                                         r  u_aes_gcm/u_core/u_ghash_request_fifo/wr_ptr_reg[0]/C
  -------------------------------------------------------------------    -------------------
    SLICE_X41Y114        FDRE (Prop_fdre_C_Q)         0.141    -0.465 r  u_aes_gcm/u_core/u_ghash_request_fifo/wr_ptr_reg[0]/Q
                         net (fo=178, routed)         0.289    -0.176    u_aes_gcm/u_core/u_ghash_request_fifo/mem_reg_0_3_126_131/ADDRD0
    SLICE_X42Y115        RAMS32                                       r  u_aes_gcm/u_core/u_ghash_request_fifo/mem_reg_0_3_126_131/RAMD_D1/ADR0
  -------------------------------------------------------------------    -------------------

                         (clock core_clk_raw rise edge)
                                                      0.000     0.000 r  
    E3                                                0.000     0.000 r  clk (IN)
                         net (fo=0)                   0.000     0.000    clk
    E3                   IBUF (Prop_ibuf_I_O)         0.438     0.438 r  clk_IBUF_inst/O
                         net (fo=1, routed)           0.480     0.918    clk_IBUF
    MMCME2_ADV_X1Y2      MMCME2_ADV (Prop_mmcme2_adv_CLKIN1_CLKOUT0)
                                                     -3.163    -2.245 r  u_mmcm/CLKOUT0
                         net (fo=1, routed)           0.544    -1.702    core_clk_raw
    BUFGCTRL_X0Y16       BUFG (Prop_bufg_I_O)         0.029    -1.673 r  u_core_clk_buf/O
                         net (fo=11093, routed)       0.826    -0.847    u_aes_gcm/u_core/u_ghash_request_fifo/mem_reg_0_3_126_131/WCLK
    SLICE_X42Y115        RAMS32                                       r  u_aes_gcm/u_core/u_ghash_request_fifo/mem_reg_0_3_126_131/RAMD_D1/CLK
                         clock pessimism              0.275    -0.572    
    SLICE_X42Y115        RAMS32 (Hold_rams32_CLK_ADR0)
                                                      0.310    -0.262    u_aes_gcm/u_core/u_ghash_request_fifo/mem_reg_0_3_126_131/RAMD_D1
  -------------------------------------------------------------------
                         required time                          0.262    
                         arrival time                          -0.176    
  -------------------------------------------------------------------
                         slack                                  0.086    

Slack (MET) :             0.088ns  (arrival time - required time)
  Source:                 u_aes_gcm/u_core/u_aes_first_engine/block_out_r_reg[37]/C
                            (rising edge-triggered cell FDRE clocked by core_clk_raw  {rise@0.000ns fall@2.857ns period=5.714ns})
  Destination:            u_aes_gcm/u_core/aes_first_result_block_r_reg[37]/D
                            (rising edge-triggered cell FDRE clocked by core_clk_raw  {rise@0.000ns fall@2.857ns period=5.714ns})
  Path Group:             core_clk_raw
  Path Type:              Hold (Min at Fast Process Corner)
  Requirement:            0.000ns  (core_clk_raw rise@0.000ns - core_clk_raw rise@0.000ns)
  Data Path Delay:        0.340ns  (logic 0.141ns (41.440%)  route 0.199ns (58.560%))
  Logic Levels:           0  
  Clock Path Skew:        0.180ns (DCD - SCD - CPR)
    Destination Clock Delay (DCD):    -0.845ns
    Source Clock Delay      (SCD):    -0.522ns
    Clock Pessimism Removal (CPR):    -0.504ns

    Location             Delay type                Incr(ns)  Path(ns)    Netlist Resource(s)
  -------------------------------------------------------------------    -------------------
                         (clock core_clk_raw rise edge)
                                                      0.000     0.000 r  
    E3                                                0.000     0.000 r  clk (IN)
                         net (fo=0)                   0.000     0.000    clk
    E3                   IBUF (Prop_ibuf_I_O)         0.250     0.250 r  clk_IBUF_inst/O
                         net (fo=1, routed)           0.440     0.690    clk_IBUF
    MMCME2_ADV_X1Y2      MMCME2_ADV (Prop_mmcme2_adv_CLKIN1_CLKOUT0)
                                                     -2.379    -1.689 r  u_mmcm/CLKOUT0
                         net (fo=1, routed)           0.499    -1.190    core_clk_raw
    BUFGCTRL_X0Y16       BUFG (Prop_bufg_I_O)         0.026    -1.164 r  u_core_clk_buf/O
                         net (fo=11093, routed)       0.642    -0.522    u_aes_gcm/u_core/u_aes_first_engine/core_clk
    SLICE_X51Y151        FDRE                                         r  u_aes_gcm/u_core/u_aes_first_engine/block_out_r_reg[37]/C
  -------------------------------------------------------------------    -------------------
    SLICE_X51Y151        FDRE (Prop_fdre_C_Q)         0.141    -0.381 r  u_aes_gcm/u_core/u_aes_first_engine/block_out_r_reg[37]/Q
                         net (fo=1, routed)           0.199    -0.182    u_aes_gcm/u_core/aes_first_out[37]
    SLICE_X53Y145        FDRE                                         r  u_aes_gcm/u_core/aes_first_result_block_r_reg[37]/D
  -------------------------------------------------------------------    -------------------

                         (clock core_clk_raw rise edge)
                                                      0.000     0.000 r  
    E3                                                0.000     0.000 r  clk (IN)
                         net (fo=0)                   0.000     0.000    clk
    E3                   IBUF (Prop_ibuf_I_O)         0.438     0.438 r  clk_IBUF_inst/O
                         net (fo=1, routed)           0.480     0.918    clk_IBUF
    MMCME2_ADV_X1Y2      MMCME2_ADV (Prop_mmcme2_adv_CLKIN1_CLKOUT0)
                                                     -3.163    -2.245 r  u_mmcm/CLKOUT0
                         net (fo=1, routed)           0.544    -1.702    core_clk_raw
    BUFGCTRL_X0Y16       BUFG (Prop_bufg_I_O)         0.029    -1.673 r  u_core_clk_buf/O
                         net (fo=11093, routed)       0.827    -0.845    u_aes_gcm/u_core/core_clk
    SLICE_X53Y145        FDRE                                         r  u_aes_gcm/u_core/aes_first_result_block_r_reg[37]/C
                         clock pessimism              0.504    -0.341    
    SLICE_X53Y145        FDRE (Hold_fdre_C_D)         0.072    -0.269    u_aes_gcm/u_core/aes_first_result_block_r_reg[37]
  -------------------------------------------------------------------
                         required time                          0.269    
                         arrival time                          -0.182    
  -------------------------------------------------------------------
                         slack                                  0.088    

Slack (MET) :             0.088ns  (arrival time - required time)
  Source:                 u_aes_gcm/u_core/u_aes_first_engine/block_out_r_reg[45]/C
                            (rising edge-triggered cell FDRE clocked by core_clk_raw  {rise@0.000ns fall@2.857ns period=5.714ns})
  Destination:            u_aes_gcm/u_core/aes_first_result_block_r_reg[45]/D
                            (rising edge-triggered cell FDRE clocked by core_clk_raw  {rise@0.000ns fall@2.857ns period=5.714ns})
  Path Group:             core_clk_raw
  Path Type:              Hold (Min at Fast Process Corner)
  Requirement:            0.000ns  (core_clk_raw rise@0.000ns - core_clk_raw rise@0.000ns)
  Data Path Delay:        0.413ns  (logic 0.164ns (39.735%)  route 0.249ns (60.265%))
  Logic Levels:           0  
  Clock Path Skew:        0.262ns (DCD - SCD - CPR)
    Destination Clock Delay (DCD):    -0.846ns
    Source Clock Delay      (SCD):    -0.604ns
    Clock Pessimism Removal (CPR):    -0.504ns

    Location             Delay type                Incr(ns)  Path(ns)    Netlist Resource(s)
  -------------------------------------------------------------------    -------------------
                         (clock core_clk_raw rise edge)
                                                      0.000     0.000 r  
    E3                                                0.000     0.000 r  clk (IN)
                         net (fo=0)                   0.000     0.000    clk
    E3                   IBUF (Prop_ibuf_I_O)         0.250     0.250 r  clk_IBUF_inst/O
                         net (fo=1, routed)           0.440     0.690    clk_IBUF
    MMCME2_ADV_X1Y2      MMCME2_ADV (Prop_mmcme2_adv_CLKIN1_CLKOUT0)
                                                     -2.379    -1.689 r  u_mmcm/CLKOUT0
                         net (fo=1, routed)           0.499    -1.190    core_clk_raw
    BUFGCTRL_X0Y16       BUFG (Prop_bufg_I_O)         0.026    -1.164 r  u_core_clk_buf/O
                         net (fo=11093, routed)       0.560    -0.604    u_aes_gcm/u_core/u_aes_first_engine/core_clk
    SLICE_X50Y148        FDRE                                         r  u_aes_gcm/u_core/u_aes_first_engine/block_out_r_reg[45]/C
  -------------------------------------------------------------------    -------------------
    SLICE_X50Y148        FDRE (Prop_fdre_C_Q)         0.164    -0.440 r  u_aes_gcm/u_core/u_aes_first_engine/block_out_r_reg[45]/Q
                         net (fo=1, routed)           0.249    -0.191    u_aes_gcm/u_core/aes_first_out[45]
    SLICE_X54Y141        FDRE                                         r  u_aes_gcm/u_core/aes_first_result_block_r_reg[45]/D
  -------------------------------------------------------------------    -------------------

                         (clock core_clk_raw rise edge)
                                                      0.000     0.000 r  
    E3                                                0.000     0.000 r  clk (IN)
                         net (fo=0)                   0.000     0.000    clk
    E3                   IBUF (Prop_ibuf_I_O)         0.438     0.438 r  clk_IBUF_inst/O
                         net (fo=1, routed)           0.480     0.918    clk_IBUF
    MMCME2_ADV_X1Y2      MMCME2_ADV (Prop_mmcme2_adv_CLKIN1_CLKOUT0)
                                                     -3.163    -2.245 r  u_mmcm/CLKOUT0
                         net (fo=1, routed)           0.544    -1.702    core_clk_raw
    BUFGCTRL_X0Y16       BUFG (Prop_bufg_I_O)         0.029    -1.673 r  u_core_clk_buf/O
                         net (fo=11093, routed)       0.826    -0.846    u_aes_gcm/u_core/core_clk
    SLICE_X54Y141        FDRE                                         r  u_aes_gcm/u_core/aes_first_result_block_r_reg[45]/C
                         clock pessimism              0.504    -0.342    
    SLICE_X54Y141        FDRE (Hold_fdre_C_D)         0.063    -0.279    u_aes_gcm/u_core/aes_first_result_block_r_reg[45]
  -------------------------------------------------------------------
                         required time                          0.279    
                         arrival time                          -0.191    
  -------------------------------------------------------------------
                         slack                                  0.088    

Slack (MET) :             0.090ns  (arrival time - required time)
  Source:                 u_aes_gcm/u_core/u_aes_first_engine/block_out_r_reg[88]/C
                            (rising edge-triggered cell FDRE clocked by core_clk_raw  {rise@0.000ns fall@2.857ns period=5.714ns})
  Destination:            u_aes_gcm/u_core/aes_first_result_block_r_reg[88]/D
                            (rising edge-triggered cell FDRE clocked by core_clk_raw  {rise@0.000ns fall@2.857ns period=5.714ns})
  Path Group:             core_clk_raw
  Path Type:              Hold (Min at Fast Process Corner)
  Requirement:            0.000ns  (core_clk_raw rise@0.000ns - core_clk_raw rise@0.000ns)
  Data Path Delay:        0.344ns  (logic 0.141ns (40.940%)  route 0.203ns (59.060%))
  Logic Levels:           0  
  Clock Path Skew:        0.182ns (DCD - SCD - CPR)
    Destination Clock Delay (DCD):    -0.837ns
    Source Clock Delay      (SCD):    -0.516ns
    Clock Pessimism Removal (CPR):    -0.504ns

    Location             Delay type                Incr(ns)  Path(ns)    Netlist Resource(s)
  -------------------------------------------------------------------    -------------------
                         (clock core_clk_raw rise edge)
                                                      0.000     0.000 r  
    E3                                                0.000     0.000 r  clk (IN)
                         net (fo=0)                   0.000     0.000    clk
    E3                   IBUF (Prop_ibuf_I_O)         0.250     0.250 r  clk_IBUF_inst/O
                         net (fo=1, routed)           0.440     0.690    clk_IBUF
    MMCME2_ADV_X1Y2      MMCME2_ADV (Prop_mmcme2_adv_CLKIN1_CLKOUT0)
                                                     -2.379    -1.689 r  u_mmcm/CLKOUT0
                         net (fo=1, routed)           0.499    -1.190    core_clk_raw
    BUFGCTRL_X0Y16       BUFG (Prop_bufg_I_O)         0.026    -1.164 r  u_core_clk_buf/O
                         net (fo=11093, routed)       0.648    -0.516    u_aes_gcm/u_core/u_aes_first_engine/core_clk
    SLICE_X35Y150        FDRE                                         r  u_aes_gcm/u_core/u_aes_first_engine/block_out_r_reg[88]/C
  -------------------------------------------------------------------    -------------------
    SLICE_X35Y150        FDRE (Prop_fdre_C_Q)         0.141    -0.375 r  u_aes_gcm/u_core/u_aes_first_engine/block_out_r_reg[88]/Q
                         net (fo=1, routed)           0.203    -0.171    u_aes_gcm/u_core/aes_first_out[88]
    SLICE_X33Y143        FDRE                                         r  u_aes_gcm/u_core/aes_first_result_block_r_reg[88]/D
  -------------------------------------------------------------------    -------------------

                         (clock core_clk_raw rise edge)
                                                      0.000     0.000 r  
    E3                                                0.000     0.000 r  clk (IN)
                         net (fo=0)                   0.000     0.000    clk
    E3                   IBUF (Prop_ibuf_I_O)         0.438     0.438 r  clk_IBUF_inst/O
                         net (fo=1, routed)           0.480     0.918    clk_IBUF
    MMCME2_ADV_X1Y2      MMCME2_ADV (Prop_mmcme2_adv_CLKIN1_CLKOUT0)
                                                     -3.163    -2.245 r  u_mmcm/CLKOUT0
                         net (fo=1, routed)           0.544    -1.702    core_clk_raw
    BUFGCTRL_X0Y16       BUFG (Prop_bufg_I_O)         0.029    -1.673 r  u_core_clk_buf/O
                         net (fo=11093, routed)       0.836    -0.837    u_aes_gcm/u_core/core_clk
    SLICE_X33Y143        FDRE                                         r  u_aes_gcm/u_core/aes_first_result_block_r_reg[88]/C
                         clock pessimism              0.504    -0.333    
    SLICE_X33Y143        FDRE (Hold_fdre_C_D)         0.072    -0.261    u_aes_gcm/u_core/aes_first_result_block_r_reg[88]
  -------------------------------------------------------------------
                         required time                          0.261    
                         arrival time                          -0.171    
  -------------------------------------------------------------------
                         slack                                  0.090    

Slack (MET) :             0.090ns  (arrival time - required time)
  Source:                 u_aes_gcm/u_core/rec_data_bits_reg[3]/C
                            (rising edge-triggered cell FDRE clocked by core_clk_raw  {rise@0.000ns fall@2.857ns period=5.714ns})
  Destination:            u_aes_gcm/u_core/gh_ctrl_data_reg[3]/D
                            (rising edge-triggered cell FDRE clocked by core_clk_raw  {rise@0.000ns fall@2.857ns period=5.714ns})
  Path Group:             core_clk_raw
  Path Type:              Hold (Min at Fast Process Corner)
  Requirement:            0.000ns  (core_clk_raw rise@0.000ns - core_clk_raw rise@0.000ns)
  Data Path Delay:        0.447ns  (logic 0.209ns (46.764%)  route 0.238ns (53.236%))
  Logic Levels:           1  (LUT6=1)
  Clock Path Skew:        0.265ns (DCD - SCD - CPR)
    Destination Clock Delay (DCD):    -0.852ns
    Source Clock Delay      (SCD):    -0.613ns
    Clock Pessimism Removal (CPR):    -0.504ns

    Location             Delay type                Incr(ns)  Path(ns)    Netlist Resource(s)
  -------------------------------------------------------------------    -------------------
                         (clock core_clk_raw rise edge)
                                                      0.000     0.000 r  
    E3                                                0.000     0.000 r  clk (IN)
                         net (fo=0)                   0.000     0.000    clk
    E3                   IBUF (Prop_ibuf_I_O)         0.250     0.250 r  clk_IBUF_inst/O
                         net (fo=1, routed)           0.440     0.690    clk_IBUF
    MMCME2_ADV_X1Y2      MMCME2_ADV (Prop_mmcme2_adv_CLKIN1_CLKOUT0)
                                                     -2.379    -1.689 r  u_mmcm/CLKOUT0
                         net (fo=1, routed)           0.499    -1.190    core_clk_raw
    BUFGCTRL_X0Y16       BUFG (Prop_bufg_I_O)         0.026    -1.164 r  u_core_clk_buf/O
                         net (fo=11093, routed)       0.551    -0.613    u_aes_gcm/u_core/core_clk
    SLICE_X50Y130        FDRE                                         r  u_aes_gcm/u_core/rec_data_bits_reg[3]/C
  -------------------------------------------------------------------    -------------------
    SLICE_X50Y130        FDRE (Prop_fdre_C_Q)         0.164    -0.449 r  u_aes_gcm/u_core/rec_data_bits_reg[3]/Q
                         net (fo=11, routed)          0.238    -0.211    u_aes_gcm/u_core/bits[3]
    SLICE_X55Y133        LUT6 (Prop_lut6_I0_O)        0.045    -0.166 r  u_aes_gcm/u_core/gh_ctrl_data[3]_i_1/O
                         net (fo=1, routed)           0.000    -0.166    u_aes_gcm/u_core/gh_ctrl_data[3]_i_1_n_0
    SLICE_X55Y133        FDRE                                         r  u_aes_gcm/u_core/gh_ctrl_data_reg[3]/D
  -------------------------------------------------------------------    -------------------

                         (clock core_clk_raw rise edge)
                                                      0.000     0.000 r  
    E3                                                0.000     0.000 r  clk (IN)
                         net (fo=0)                   0.000     0.000    clk
    E3                   IBUF (Prop_ibuf_I_O)         0.438     0.438 r  clk_IBUF_inst/O
                         net (fo=1, routed)           0.480     0.918    clk_IBUF
    MMCME2_ADV_X1Y2      MMCME2_ADV (Prop_mmcme2_adv_CLKIN1_CLKOUT0)
                                                     -3.163    -2.245 r  u_mmcm/CLKOUT0
                         net (fo=1, routed)           0.544    -1.702    core_clk_raw
    BUFGCTRL_X0Y16       BUFG (Prop_bufg_I_O)         0.029    -1.673 r  u_core_clk_buf/O
                         net (fo=11093, routed)       0.821    -0.852    u_aes_gcm/u_core/core_clk
    SLICE_X55Y133        FDRE                                         r  u_aes_gcm/u_core/gh_ctrl_data_reg[3]/C
                         clock pessimism              0.504    -0.348    
    SLICE_X55Y133        FDRE (Hold_fdre_C_D)         0.092    -0.256    u_aes_gcm/u_core/gh_ctrl_data_reg[3]
  -------------------------------------------------------------------
                         required time                          0.256    
                         arrival time                          -0.166    
  -------------------------------------------------------------------
                         slack                                  0.090    

Slack (MET) :             0.091ns  (arrival time - required time)
  Source:                 u_aes_gcm/u_registers/key_staging_o_reg[129]/C
                            (rising edge-triggered cell FDRE clocked by core_clk_raw  {rise@0.000ns fall@2.857ns period=5.714ns})
  Destination:            u_aes_gcm/u_core/u_key_context/round_keys_r_reg[1]/D
                            (rising edge-triggered cell FDRE clocked by core_clk_raw  {rise@0.000ns fall@2.857ns period=5.714ns})
  Path Group:             core_clk_raw
  Path Type:              Hold (Min at Fast Process Corner)
  Requirement:            0.000ns  (core_clk_raw rise@0.000ns - core_clk_raw rise@0.000ns)
  Data Path Delay:        0.367ns  (logic 0.186ns (50.704%)  route 0.181ns (49.296%))
  Logic Levels:           1  (LUT6=1)
  Clock Path Skew:        0.183ns (DCD - SCD - CPR)
    Destination Clock Delay (DCD):    -0.832ns
    Source Clock Delay      (SCD):    -0.512ns
    Clock Pessimism Removal (CPR):    -0.504ns

    Location             Delay type                Incr(ns)  Path(ns)    Netlist Resource(s)
  -------------------------------------------------------------------    -------------------
                         (clock core_clk_raw rise edge)
                                                      0.000     0.000 r  
    E3                                                0.000     0.000 r  clk (IN)
                         net (fo=0)                   0.000     0.000    clk
    E3                   IBUF (Prop_ibuf_I_O)         0.250     0.250 r  clk_IBUF_inst/O
                         net (fo=1, routed)           0.440     0.690    clk_IBUF
    MMCME2_ADV_X1Y2      MMCME2_ADV (Prop_mmcme2_adv_CLKIN1_CLKOUT0)
                                                     -2.379    -1.689 r  u_mmcm/CLKOUT0
                         net (fo=1, routed)           0.499    -1.190    core_clk_raw
    BUFGCTRL_X0Y16       BUFG (Prop_bufg_I_O)         0.026    -1.164 r  u_core_clk_buf/O
                         net (fo=11093, routed)       0.652    -0.512    u_aes_gcm/u_registers/core_clk
    SLICE_X11Y151        FDRE                                         r  u_aes_gcm/u_registers/key_staging_o_reg[129]/C
  -------------------------------------------------------------------    -------------------
    SLICE_X11Y151        FDRE (Prop_fdre_C_Q)         0.141    -0.371 r  u_aes_gcm/u_registers/key_staging_o_reg[129]/Q
                         net (fo=2, routed)           0.181    -0.190    u_aes_gcm/u_core/u_key_context/round_keys_r_reg[127]_4[129]
    SLICE_X11Y149        LUT6 (Prop_lut6_I4_O)        0.045    -0.145 r  u_aes_gcm/u_core/u_key_context/round_keys_r[1]_i_1/O
                         net (fo=1, routed)           0.000    -0.145    u_aes_gcm/u_core/u_key_context/round_keys_r[1]_i_1_n_0
    SLICE_X11Y149        FDRE                                         r  u_aes_gcm/u_core/u_key_context/round_keys_r_reg[1]/D
  -------------------------------------------------------------------    -------------------

                         (clock core_clk_raw rise edge)
                                                      0.000     0.000 r  
    E3                                                0.000     0.000 r  clk (IN)
                         net (fo=0)                   0.000     0.000    clk
    E3                   IBUF (Prop_ibuf_I_O)         0.438     0.438 r  clk_IBUF_inst/O
                         net (fo=1, routed)           0.480     0.918    clk_IBUF
    MMCME2_ADV_X1Y2      MMCME2_ADV (Prop_mmcme2_adv_CLKIN1_CLKOUT0)
                                                     -3.163    -2.245 r  u_mmcm/CLKOUT0
                         net (fo=1, routed)           0.544    -1.702    core_clk_raw
    BUFGCTRL_X0Y16       BUFG (Prop_bufg_I_O)         0.029    -1.673 r  u_core_clk_buf/O
                         net (fo=11093, routed)       0.841    -0.832    u_aes_gcm/u_core/u_key_context/core_clk
    SLICE_X11Y149        FDRE                                         r  u_aes_gcm/u_core/u_key_context/round_keys_r_reg[1]/C
                         clock pessimism              0.504    -0.328    
    SLICE_X11Y149        FDRE (Hold_fdre_C_D)         0.092    -0.236    u_aes_gcm/u_core/u_key_context/round_keys_r_reg[1]
  -------------------------------------------------------------------
                         required time                          0.236    
                         arrival time                          -0.145    
  -------------------------------------------------------------------
                         slack                                  0.091    

Slack (MET) :             0.094ns  (arrival time - required time)
  Source:                 u_aes_gcm/u_core/ct_prod_data_reg[102]/C
                            (rising edge-triggered cell FDRE clocked by core_clk_raw  {rise@0.000ns fall@2.857ns period=5.714ns})
  Destination:            u_aes_gcm/u_core/u_ciphertext_fifo/mem_reg_0_3_102_107/RAMA/I
                            (rising edge-triggered cell RAMD32 clocked by core_clk_raw  {rise@0.000ns fall@2.857ns period=5.714ns})
  Path Group:             core_clk_raw
  Path Type:              Hold (Min at Fast Process Corner)
  Requirement:            0.000ns  (core_clk_raw rise@0.000ns - core_clk_raw rise@0.000ns)
  Data Path Delay:        0.255ns  (logic 0.141ns (55.401%)  route 0.114ns (44.599%))
  Logic Levels:           0  
  Clock Path Skew:        0.014ns (DCD - SCD - CPR)
    Destination Clock Delay (DCD):    -0.853ns
    Source Clock Delay      (SCD):    -0.613ns
    Clock Pessimism Removal (CPR):    -0.254ns

    Location             Delay type                Incr(ns)  Path(ns)    Netlist Resource(s)
  -------------------------------------------------------------------    -------------------
                         (clock core_clk_raw rise edge)
                                                      0.000     0.000 r  
    E3                                                0.000     0.000 r  clk (IN)
                         net (fo=0)                   0.000     0.000    clk
    E3                   IBUF (Prop_ibuf_I_O)         0.250     0.250 r  clk_IBUF_inst/O
                         net (fo=1, routed)           0.440     0.690    clk_IBUF
    MMCME2_ADV_X1Y2      MMCME2_ADV (Prop_mmcme2_adv_CLKIN1_CLKOUT0)
                                                     -2.379    -1.689 r  u_mmcm/CLKOUT0
                         net (fo=1, routed)           0.499    -1.190    core_clk_raw
    BUFGCTRL_X0Y16       BUFG (Prop_bufg_I_O)         0.026    -1.164 r  u_core_clk_buf/O
                         net (fo=11093, routed)       0.551    -0.613    u_aes_gcm/u_core/core_clk
    SLICE_X48Y120        FDRE                                         r  u_aes_gcm/u_core/ct_prod_data_reg[102]/C
  -------------------------------------------------------------------    -------------------
    SLICE_X48Y120        FDRE (Prop_fdre_C_Q)         0.141    -0.472 r  u_aes_gcm/u_core/ct_prod_data_reg[102]/Q
                         net (fo=3, routed)           0.114    -0.359    u_aes_gcm/u_core/u_ciphertext_fifo/mem_reg_0_3_102_107/DIA0
    SLICE_X46Y120        RAMD32                                       r  u_aes_gcm/u_core/u_ciphertext_fifo/mem_reg_0_3_102_107/RAMA/I
  -------------------------------------------------------------------    -------------------

                         (clock core_clk_raw rise edge)
                                                      0.000     0.000 r  
    E3                                                0.000     0.000 r  clk (IN)
                         net (fo=0)                   0.000     0.000    clk
    E3                   IBUF (Prop_ibuf_I_O)         0.438     0.438 r  clk_IBUF_inst/O
                         net (fo=1, routed)           0.480     0.918    clk_IBUF
    MMCME2_ADV_X1Y2      MMCME2_ADV (Prop_mmcme2_adv_CLKIN1_CLKOUT0)
                                                     -3.163    -2.245 r  u_mmcm/CLKOUT0
                         net (fo=1, routed)           0.544    -1.702    core_clk_raw
    BUFGCTRL_X0Y16       BUFG (Prop_bufg_I_O)         0.029    -1.673 r  u_core_clk_buf/O
                         net (fo=11093, routed)       0.820    -0.853    u_aes_gcm/u_core/u_ciphertext_fifo/mem_reg_0_3_102_107/WCLK
    SLICE_X46Y120        RAMD32                                       r  u_aes_gcm/u_core/u_ciphertext_fifo/mem_reg_0_3_102_107/RAMA/CLK
                         clock pessimism              0.254    -0.599    
    SLICE_X46Y120        RAMD32 (Hold_ramd32_CLK_I)
                                                      0.147    -0.452    u_aes_gcm/u_core/u_ciphertext_fifo/mem_reg_0_3_102_107/RAMA
  -------------------------------------------------------------------
                         required time                          0.452    
                         arrival time                          -0.359    
  -------------------------------------------------------------------
                         slack                                  0.094    

Slack (MET) :             0.094ns  (arrival time - required time)
  Source:                 u_bridge/tag_count_r_reg[2]/C
                            (rising edge-triggered cell FDRE clocked by core_clk_raw  {rise@0.000ns fall@2.857ns period=5.714ns})
  Destination:            u_bridge/tag_capture_mem_reg_0_15_6_7/DP/WADR2
                            (rising edge-triggered cell RAMD32 clocked by core_clk_raw  {rise@0.000ns fall@2.857ns period=5.714ns})
  Path Group:             core_clk_raw
  Path Type:              Hold (Min at Fast Process Corner)
  Requirement:            0.000ns  (core_clk_raw rise@0.000ns - core_clk_raw rise@0.000ns)
  Data Path Delay:        0.384ns  (logic 0.141ns (36.723%)  route 0.243ns (63.277%))
  Logic Levels:           0  
  Clock Path Skew:        0.036ns (DCD - SCD - CPR)
    Destination Clock Delay (DCD):    -0.751ns
    Source Clock Delay      (SCD):    -0.516ns
    Clock Pessimism Removal (CPR):    -0.271ns

    Location             Delay type                Incr(ns)  Path(ns)    Netlist Resource(s)
  -------------------------------------------------------------------    -------------------
                         (clock core_clk_raw rise edge)
                                                      0.000     0.000 r  
    E3                                                0.000     0.000 r  clk (IN)
                         net (fo=0)                   0.000     0.000    clk
    E3                   IBUF (Prop_ibuf_I_O)         0.250     0.250 r  clk_IBUF_inst/O
                         net (fo=1, routed)           0.440     0.690    clk_IBUF
    MMCME2_ADV_X1Y2      MMCME2_ADV (Prop_mmcme2_adv_CLKIN1_CLKOUT0)
                                                     -2.379    -1.689 r  u_mmcm/CLKOUT0
                         net (fo=1, routed)           0.499    -1.190    core_clk_raw
    BUFGCTRL_X0Y16       BUFG (Prop_bufg_I_O)         0.026    -1.164 r  u_core_clk_buf/O
                         net (fo=11093, routed)       0.648    -0.516    u_bridge/core_clk
    SLICE_X29Y156        FDRE                                         r  u_bridge/tag_count_r_reg[2]/C
  -------------------------------------------------------------------    -------------------
    SLICE_X29Y156        FDRE (Prop_fdre_C_Q)         0.141    -0.375 r  u_bridge/tag_count_r_reg[2]/Q
                         net (fo=19, routed)          0.243    -0.132    u_bridge/tag_capture_mem_reg_0_15_6_7/A2
    SLICE_X30Y156        RAMD32                                       r  u_bridge/tag_capture_mem_reg_0_15_6_7/DP/WADR2
  -------------------------------------------------------------------    -------------------

                         (clock core_clk_raw rise edge)
                                                      0.000     0.000 r  
    E3                                                0.000     0.000 r  clk (IN)
                         net (fo=0)                   0.000     0.000    clk
    E3                   IBUF (Prop_ibuf_I_O)         0.438     0.438 r  clk_IBUF_inst/O
                         net (fo=1, routed)           0.480     0.918    clk_IBUF
    MMCME2_ADV_X1Y2      MMCME2_ADV (Prop_mmcme2_adv_CLKIN1_CLKOUT0)
                                                     -3.163    -2.245 r  u_mmcm/CLKOUT0
                         net (fo=1, routed)           0.544    -1.702    core_clk_raw
    BUFGCTRL_X0Y16       BUFG (Prop_bufg_I_O)         0.029    -1.673 r  u_core_clk_buf/O
                         net (fo=11093, routed)       0.922    -0.751    u_bridge/tag_capture_mem_reg_0_15_6_7/WCLK
    SLICE_X30Y156        RAMD32                                       r  u_bridge/tag_capture_mem_reg_0_15_6_7/DP/CLK
                         clock pessimism              0.271    -0.480    
    SLICE_X30Y156        RAMD32 (Hold_ramd32_CLK_WADR2)
                                                      0.254    -0.226    u_bridge/tag_capture_mem_reg_0_15_6_7/DP
  -------------------------------------------------------------------
                         required time                          0.226    
                         arrival time                          -0.132    
  -------------------------------------------------------------------
                         slack                                  0.094    

Slack (MET) :             0.094ns  (arrival time - required time)
  Source:                 u_bridge/tag_count_r_reg[2]/C
                            (rising edge-triggered cell FDRE clocked by core_clk_raw  {rise@0.000ns fall@2.857ns period=5.714ns})
  Destination:            u_bridge/tag_capture_mem_reg_0_15_6_7/SP/WADR2
                            (rising edge-triggered cell RAMD32 clocked by core_clk_raw  {rise@0.000ns fall@2.857ns period=5.714ns})
  Path Group:             core_clk_raw
  Path Type:              Hold (Min at Fast Process Corner)
  Requirement:            0.000ns  (core_clk_raw rise@0.000ns - core_clk_raw rise@0.000ns)
  Data Path Delay:        0.384ns  (logic 0.141ns (36.723%)  route 0.243ns (63.277%))
  Logic Levels:           0  
  Clock Path Skew:        0.036ns (DCD - SCD - CPR)
    Destination Clock Delay (DCD):    -0.751ns
    Source Clock Delay      (SCD):    -0.516ns
    Clock Pessimism Removal (CPR):    -0.271ns

    Location             Delay type                Incr(ns)  Path(ns)    Netlist Resource(s)
  -------------------------------------------------------------------    -------------------
                         (clock core_clk_raw rise edge)
                                                      0.000     0.000 r  
    E3                                                0.000     0.000 r  clk (IN)
                         net (fo=0)                   0.000     0.000    clk
    E3                   IBUF (Prop_ibuf_I_O)         0.250     0.250 r  clk_IBUF_inst/O
                         net (fo=1, routed)           0.440     0.690    clk_IBUF
    MMCME2_ADV_X1Y2      MMCME2_ADV (Prop_mmcme2_adv_CLKIN1_CLKOUT0)
                                                     -2.379    -1.689 r  u_mmcm/CLKOUT0
                         net (fo=1, routed)           0.499    -1.190    core_clk_raw
    BUFGCTRL_X0Y16       BUFG (Prop_bufg_I_O)         0.026    -1.164 r  u_core_clk_buf/O
                         net (fo=11093, routed)       0.648    -0.516    u_bridge/core_clk
    SLICE_X29Y156        FDRE                                         r  u_bridge/tag_count_r_reg[2]/C
  -------------------------------------------------------------------    -------------------
    SLICE_X29Y156        FDRE (Prop_fdre_C_Q)         0.141    -0.375 r  u_bridge/tag_count_r_reg[2]/Q
                         net (fo=19, routed)          0.243    -0.132    u_bridge/tag_capture_mem_reg_0_15_6_7/A2
    SLICE_X30Y156        RAMD32                                       r  u_bridge/tag_capture_mem_reg_0_15_6_7/SP/WADR2
  -------------------------------------------------------------------    -------------------

                         (clock core_clk_raw rise edge)
                                                      0.000     0.000 r  
    E3                                                0.000     0.000 r  clk (IN)
                         net (fo=0)                   0.000     0.000    clk
    E3                   IBUF (Prop_ibuf_I_O)         0.438     0.438 r  clk_IBUF_inst/O
                         net (fo=1, routed)           0.480     0.918    clk_IBUF
    MMCME2_ADV_X1Y2      MMCME2_ADV (Prop_mmcme2_adv_CLKIN1_CLKOUT0)
                                                     -3.163    -2.245 r  u_mmcm/CLKOUT0
                         net (fo=1, routed)           0.544    -1.702    core_clk_raw
    BUFGCTRL_X0Y16       BUFG (Prop_bufg_I_O)         0.029    -1.673 r  u_core_clk_buf/O
                         net (fo=11093, routed)       0.922    -0.751    u_bridge/tag_capture_mem_reg_0_15_6_7/WCLK
    SLICE_X30Y156        RAMD32                                       r  u_bridge/tag_capture_mem_reg_0_15_6_7/SP/CLK
                         clock pessimism              0.271    -0.480    
    SLICE_X30Y156        RAMD32 (Hold_ramd32_CLK_WADR2)
                                                      0.254    -0.226    u_bridge/tag_capture_mem_reg_0_15_6_7/SP
  -------------------------------------------------------------------
                         required time                          0.226    
                         arrival time                          -0.132    
  -------------------------------------------------------------------
                         slack                                  0.094    

Slack (MET) :             0.094ns  (arrival time - required time)
  Source:                 u_bridge/tag_count_r_reg[2]/C
                            (rising edge-triggered cell FDRE clocked by core_clk_raw  {rise@0.000ns fall@2.857ns period=5.714ns})
  Destination:            u_bridge/tag_capture_mem_reg_0_15_6_7__0/DP/WADR2
                            (rising edge-triggered cell RAMD32 clocked by core_clk_raw  {rise@0.000ns fall@2.857ns period=5.714ns})
  Path Group:             core_clk_raw
  Path Type:              Hold (Min at Fast Process Corner)
  Requirement:            0.000ns  (core_clk_raw rise@0.000ns - core_clk_raw rise@0.000ns)
  Data Path Delay:        0.384ns  (logic 0.141ns (36.723%)  route 0.243ns (63.277%))
  Logic Levels:           0  
  Clock Path Skew:        0.036ns (DCD - SCD - CPR)
    Destination Clock Delay (DCD):    -0.751ns
    Source Clock Delay      (SCD):    -0.516ns
    Clock Pessimism Removal (CPR):    -0.271ns

    Location             Delay type                Incr(ns)  Path(ns)    Netlist Resource(s)
  -------------------------------------------------------------------    -------------------
                         (clock core_clk_raw rise edge)
                                                      0.000     0.000 r  
    E3                                                0.000     0.000 r  clk (IN)
                         net (fo=0)                   0.000     0.000    clk
    E3                   IBUF (Prop_ibuf_I_O)         0.250     0.250 r  clk_IBUF_inst/O
                         net (fo=1, routed)           0.440     0.690    clk_IBUF
    MMCME2_ADV_X1Y2      MMCME2_ADV (Prop_mmcme2_adv_CLKIN1_CLKOUT0)
                                                     -2.379    -1.689 r  u_mmcm/CLKOUT0
                         net (fo=1, routed)           0.499    -1.190    core_clk_raw
    BUFGCTRL_X0Y16       BUFG (Prop_bufg_I_O)         0.026    -1.164 r  u_core_clk_buf/O
                         net (fo=11093, routed)       0.648    -0.516    u_bridge/core_clk
    SLICE_X29Y156        FDRE                                         r  u_bridge/tag_count_r_reg[2]/C
  -------------------------------------------------------------------    -------------------
    SLICE_X29Y156        FDRE (Prop_fdre_C_Q)         0.141    -0.375 r  u_bridge/tag_count_r_reg[2]/Q
                         net (fo=19, routed)          0.243    -0.132    u_bridge/tag_capture_mem_reg_0_15_6_7__0/A2
    SLICE_X30Y156        RAMD32                                       r  u_bridge/tag_capture_mem_reg_0_15_6_7__0/DP/WADR2
  -------------------------------------------------------------------    -------------------

                         (clock core_clk_raw rise edge)
                                                      0.000     0.000 r  
    E3                                                0.000     0.000 r  clk (IN)
                         net (fo=0)                   0.000     0.000    clk
    E3                   IBUF (Prop_ibuf_I_O)         0.438     0.438 r  clk_IBUF_inst/O
                         net (fo=1, routed)           0.480     0.918    clk_IBUF
    MMCME2_ADV_X1Y2      MMCME2_ADV (Prop_mmcme2_adv_CLKIN1_CLKOUT0)
                                                     -3.163    -2.245 r  u_mmcm/CLKOUT0
                         net (fo=1, routed)           0.544    -1.702    core_clk_raw
    BUFGCTRL_X0Y16       BUFG (Prop_bufg_I_O)         0.029    -1.673 r  u_core_clk_buf/O
                         net (fo=11093, routed)       0.922    -0.751    u_bridge/tag_capture_mem_reg_0_15_6_7__0/WCLK
    SLICE_X30Y156        RAMD32                                       r  u_bridge/tag_capture_mem_reg_0_15_6_7__0/DP/CLK
                         clock pessimism              0.271    -0.480    
    SLICE_X30Y156        RAMD32 (Hold_ramd32_CLK_WADR2)
                                                      0.254    -0.226    u_bridge/tag_capture_mem_reg_0_15_6_7__0/DP
  -------------------------------------------------------------------
                         required time                          0.226    
                         arrival time                          -0.132    
  -------------------------------------------------------------------
                         slack                                  0.094    

Slack (MET) :             0.094ns  (arrival time - required time)
  Source:                 u_bridge/tag_count_r_reg[2]/C
                            (rising edge-triggered cell FDRE clocked by core_clk_raw  {rise@0.000ns fall@2.857ns period=5.714ns})
  Destination:            u_bridge/tag_capture_mem_reg_0_15_6_7__0/SP/WADR2
                            (rising edge-triggered cell RAMD32 clocked by core_clk_raw  {rise@0.000ns fall@2.857ns period=5.714ns})
  Path Group:             core_clk_raw
  Path Type:              Hold (Min at Fast Process Corner)
  Requirement:            0.000ns  (core_clk_raw rise@0.000ns - core_clk_raw rise@0.000ns)
  Data Path Delay:        0.384ns  (logic 0.141ns (36.723%)  route 0.243ns (63.277%))
  Logic Levels:           0  
  Clock Path Skew:        0.036ns (DCD - SCD - CPR)
    Destination Clock Delay (DCD):    -0.751ns
    Source Clock Delay      (SCD):    -0.516ns
    Clock Pessimism Removal (CPR):    -0.271ns

    Location             Delay type                Incr(ns)  Path(ns)    Netlist Resource(s)
  -------------------------------------------------------------------    -------------------
                         (clock core_clk_raw rise edge)
                                                      0.000     0.000 r  
    E3                                                0.000     0.000 r  clk (IN)
                         net (fo=0)                   0.000     0.000    clk
    E3                   IBUF (Prop_ibuf_I_O)         0.250     0.250 r  clk_IBUF_inst/O
                         net (fo=1, routed)           0.440     0.690    clk_IBUF
    MMCME2_ADV_X1Y2      MMCME2_ADV (Prop_mmcme2_adv_CLKIN1_CLKOUT0)
                                                     -2.379    -1.689 r  u_mmcm/CLKOUT0
                         net (fo=1, routed)           0.499    -1.190    core_clk_raw
    BUFGCTRL_X0Y16       BUFG (Prop_bufg_I_O)         0.026    -1.164 r  u_core_clk_buf/O
                         net (fo=11093, routed)       0.648    -0.516    u_bridge/core_clk
    SLICE_X29Y156        FDRE                                         r  u_bridge/tag_count_r_reg[2]/C
  -------------------------------------------------------------------    -------------------
    SLICE_X29Y156        FDRE (Prop_fdre_C_Q)         0.141    -0.375 r  u_bridge/tag_count_r_reg[2]/Q
                         net (fo=19, routed)          0.243    -0.132    u_bridge/tag_capture_mem_reg_0_15_6_7__0/A2
    SLICE_X30Y156        RAMD32                                       r  u_bridge/tag_capture_mem_reg_0_15_6_7__0/SP/WADR2
  -------------------------------------------------------------------    -------------------

                         (clock core_clk_raw rise edge)
                                                      0.000     0.000 r  
    E3                                                0.000     0.000 r  clk (IN)
                         net (fo=0)                   0.000     0.000    clk
    E3                   IBUF (Prop_ibuf_I_O)         0.438     0.438 r  clk_IBUF_inst/O
                         net (fo=1, routed)           0.480     0.918    clk_IBUF
    MMCME2_ADV_X1Y2      MMCME2_ADV (Prop_mmcme2_adv_CLKIN1_CLKOUT0)
                                                     -3.163    -2.245 r  u_mmcm/CLKOUT0
                         net (fo=1, routed)           0.544    -1.702    core_clk_raw
    BUFGCTRL_X0Y16       BUFG (Prop_bufg_I_O)         0.029    -1.673 r  u_core_clk_buf/O
                         net (fo=11093, routed)       0.922    -0.751    u_bridge/tag_capture_mem_reg_0_15_6_7__0/WCLK
    SLICE_X30Y156        RAMD32                                       r  u_bridge/tag_capture_mem_reg_0_15_6_7__0/SP/CLK
                         clock pessimism              0.271    -0.480    
    SLICE_X30Y156        RAMD32 (Hold_ramd32_CLK_WADR2)
                                                      0.254    -0.226    u_bridge/tag_capture_mem_reg_0_15_6_7__0/SP
  -------------------------------------------------------------------
                         required time                          0.226    
                         arrival time                          -0.132    
  -------------------------------------------------------------------
                         slack                                  0.094    

Slack (MET) :             0.095ns  (arrival time - required time)
  Source:                 u_aes_gcm/u_core/u_ghash_request_fifo/wr_ptr_reg[0]/C
                            (rising edge-triggered cell FDRE clocked by core_clk_raw  {rise@0.000ns fall@2.857ns period=5.714ns})
  Destination:            u_aes_gcm/u_core/u_ghash_request_fifo/mem_reg_0_3_114_119/RAMA/WADR0
                            (rising edge-triggered cell RAMD32 clocked by core_clk_raw  {rise@0.000ns fall@2.857ns period=5.714ns})
  Path Group:             core_clk_raw
  Path Type:              Hold (Min at Fast Process Corner)
  Requirement:            0.000ns  (core_clk_raw rise@0.000ns - core_clk_raw rise@0.000ns)
  Data Path Delay:        0.440ns  (logic 0.141ns (32.061%)  route 0.299ns (67.939%))
  Logic Levels:           0  
  Clock Path Skew:        0.035ns (DCD - SCD - CPR)
    Destination Clock Delay (DCD):    -0.846ns
    Source Clock Delay      (SCD):    -0.606ns
    Clock Pessimism Removal (CPR):    -0.275ns

    Location             Delay type                Incr(ns)  Path(ns)    Netlist Resource(s)
  -------------------------------------------------------------------    -------------------
                         (clock core_clk_raw rise edge)
                                                      0.000     0.000 r  
    E3                                                0.000     0.000 r  clk (IN)
                         net (fo=0)                   0.000     0.000    clk
    E3                   IBUF (Prop_ibuf_I_O)         0.250     0.250 r  clk_IBUF_inst/O
                         net (fo=1, routed)           0.440     0.690    clk_IBUF
    MMCME2_ADV_X1Y2      MMCME2_ADV (Prop_mmcme2_adv_CLKIN1_CLKOUT0)
                                                     -2.379    -1.689 r  u_mmcm/CLKOUT0
                         net (fo=1, routed)           0.499    -1.190    core_clk_raw
    BUFGCTRL_X0Y16       BUFG (Prop_bufg_I_O)         0.026    -1.164 r  u_core_clk_buf/O
                         net (fo=11093, routed)       0.558    -0.606    u_aes_gcm/u_core/u_ghash_request_fifo/core_clk
    SLICE_X41Y114        FDRE                                         r  u_aes_gcm/u_core/u_ghash_request_fifo/wr_ptr_reg[0]/C
  -------------------------------------------------------------------    -------------------
    SLICE_X41Y114        FDRE (Prop_fdre_C_Q)         0.141    -0.465 r  u_aes_gcm/u_core/u_ghash_request_fifo/wr_ptr_reg[0]/Q
                         net (fo=178, routed)         0.299    -0.166    u_aes_gcm/u_core/u_ghash_request_fifo/mem_reg_0_3_114_119/ADDRD0
    SLICE_X42Y113        RAMD32                                       r  u_aes_gcm/u_core/u_ghash_request_fifo/mem_reg_0_3_114_119/RAMA/WADR0
  -------------------------------------------------------------------    -------------------

                         (clock core_clk_raw rise edge)
                                                      0.000     0.000 r  
    E3                                                0.000     0.000 r  clk (IN)
                         net (fo=0)                   0.000     0.000    clk
    E3                   IBUF (Prop_ibuf_I_O)         0.438     0.438 r  clk_IBUF_inst/O
                         net (fo=1, routed)           0.480     0.918    clk_IBUF
    MMCME2_ADV_X1Y2      MMCME2_ADV (Prop_mmcme2_adv_CLKIN1_CLKOUT0)
                                                     -3.163    -2.245 r  u_mmcm/CLKOUT0
                         net (fo=1, routed)           0.544    -1.702    core_clk_raw
    BUFGCTRL_X0Y16       BUFG (Prop_bufg_I_O)         0.029    -1.673 r  u_core_clk_buf/O
                         net (fo=11093, routed)       0.826    -0.846    u_aes_gcm/u_core/u_ghash_request_fifo/mem_reg_0_3_114_119/WCLK
    SLICE_X42Y113        RAMD32                                       r  u_aes_gcm/u_core/u_ghash_request_fifo/mem_reg_0_3_114_119/RAMA/CLK
                         clock pessimism              0.275    -0.571    
    SLICE_X42Y113        RAMD32 (Hold_ramd32_CLK_WADR0)
                                                      0.310    -0.261    u_aes_gcm/u_core/u_ghash_request_fifo/mem_reg_0_3_114_119/RAMA
  -------------------------------------------------------------------
                         required time                          0.261    
                         arrival time                          -0.166    
  -------------------------------------------------------------------
                         slack                                  0.095    

Slack (MET) :             0.095ns  (arrival time - required time)
  Source:                 u_aes_gcm/u_core/u_ghash_request_fifo/wr_ptr_reg[0]/C
                            (rising edge-triggered cell FDRE clocked by core_clk_raw  {rise@0.000ns fall@2.857ns period=5.714ns})
  Destination:            u_aes_gcm/u_core/u_ghash_request_fifo/mem_reg_0_3_114_119/RAMA_D1/WADR0
                            (rising edge-triggered cell RAMD32 clocked by core_clk_raw  {rise@0.000ns fall@2.857ns period=5.714ns})
  Path Group:             core_clk_raw
  Path Type:              Hold (Min at Fast Process Corner)
  Requirement:            0.000ns  (core_clk_raw rise@0.000ns - core_clk_raw rise@0.000ns)
  Data Path Delay:        0.440ns  (logic 0.141ns (32.061%)  route 0.299ns (67.939%))
  Logic Levels:           0  
  Clock Path Skew:        0.035ns (DCD - SCD - CPR)
    Destination Clock Delay (DCD):    -0.846ns
    Source Clock Delay      (SCD):    -0.606ns
    Clock Pessimism Removal (CPR):    -0.275ns

    Location             Delay type                Incr(ns)  Path(ns)    Netlist Resource(s)
  -------------------------------------------------------------------    -------------------
                         (clock core_clk_raw rise edge)
                                                      0.000     0.000 r  
    E3                                                0.000     0.000 r  clk (IN)
                         net (fo=0)                   0.000     0.000    clk
    E3                   IBUF (Prop_ibuf_I_O)         0.250     0.250 r  clk_IBUF_inst/O
                         net (fo=1, routed)           0.440     0.690    clk_IBUF
    MMCME2_ADV_X1Y2      MMCME2_ADV (Prop_mmcme2_adv_CLKIN1_CLKOUT0)
                                                     -2.379    -1.689 r  u_mmcm/CLKOUT0
                         net (fo=1, routed)           0.499    -1.190    core_clk_raw
    BUFGCTRL_X0Y16       BUFG (Prop_bufg_I_O)         0.026    -1.164 r  u_core_clk_buf/O
                         net (fo=11093, routed)       0.558    -0.606    u_aes_gcm/u_core/u_ghash_request_fifo/core_clk
    SLICE_X41Y114        FDRE                                         r  u_aes_gcm/u_core/u_ghash_request_fifo/wr_ptr_reg[0]/C
  -------------------------------------------------------------------    -------------------
    SLICE_X41Y114        FDRE (Prop_fdre_C_Q)         0.141    -0.465 r  u_aes_gcm/u_core/u_ghash_request_fifo/wr_ptr_reg[0]/Q
                         net (fo=178, routed)         0.299    -0.166    u_aes_gcm/u_core/u_ghash_request_fifo/mem_reg_0_3_114_119/ADDRD0
    SLICE_X42Y113        RAMD32                                       r  u_aes_gcm/u_core/u_ghash_request_fifo/mem_reg_0_3_114_119/RAMA_D1/WADR0
  -------------------------------------------------------------------    -------------------

                         (clock core_clk_raw rise edge)
                                                      0.000     0.000 r  
    E3                                                0.000     0.000 r  clk (IN)
                         net (fo=0)                   0.000     0.000    clk
    E3                   IBUF (Prop_ibuf_I_O)         0.438     0.438 r  clk_IBUF_inst/O
                         net (fo=1, routed)           0.480     0.918    clk_IBUF
    MMCME2_ADV_X1Y2      MMCME2_ADV (Prop_mmcme2_adv_CLKIN1_CLKOUT0)
                                                     -3.163    -2.245 r  u_mmcm/CLKOUT0
                         net (fo=1, routed)           0.544    -1.702    core_clk_raw
    BUFGCTRL_X0Y16       BUFG (Prop_bufg_I_O)         0.029    -1.673 r  u_core_clk_buf/O
                         net (fo=11093, routed)       0.826    -0.846    u_aes_gcm/u_core/u_ghash_request_fifo/mem_reg_0_3_114_119/WCLK
    SLICE_X42Y113        RAMD32                                       r  u_aes_gcm/u_core/u_ghash_request_fifo/mem_reg_0_3_114_119/RAMA_D1/CLK
                         clock pessimism              0.275    -0.571    
    SLICE_X42Y113        RAMD32 (Hold_ramd32_CLK_WADR0)
                                                      0.310    -0.261    u_aes_gcm/u_core/u_ghash_request_fifo/mem_reg_0_3_114_119/RAMA_D1
  -------------------------------------------------------------------
                         required time                          0.261    
                         arrival time                          -0.166    
  -------------------------------------------------------------------
                         slack                                  0.095    

Slack (MET) :             0.095ns  (arrival time - required time)
  Source:                 u_aes_gcm/u_core/u_ghash_request_fifo/wr_ptr_reg[0]/C
                            (rising edge-triggered cell FDRE clocked by core_clk_raw  {rise@0.000ns fall@2.857ns period=5.714ns})
  Destination:            u_aes_gcm/u_core/u_ghash_request_fifo/mem_reg_0_3_114_119/RAMB/WADR0
                            (rising edge-triggered cell RAMD32 clocked by core_clk_raw  {rise@0.000ns fall@2.857ns period=5.714ns})
  Path Group:             core_clk_raw
  Path Type:              Hold (Min at Fast Process Corner)
  Requirement:            0.000ns  (core_clk_raw rise@0.000ns - core_clk_raw rise@0.000ns)
  Data Path Delay:        0.440ns  (logic 0.141ns (32.061%)  route 0.299ns (67.939%))
  Logic Levels:           0  
  Clock Path Skew:        0.035ns (DCD - SCD - CPR)
    Destination Clock Delay (DCD):    -0.846ns
    Source Clock Delay      (SCD):    -0.606ns
    Clock Pessimism Removal (CPR):    -0.275ns

    Location             Delay type                Incr(ns)  Path(ns)    Netlist Resource(s)
  -------------------------------------------------------------------    -------------------
                         (clock core_clk_raw rise edge)
                                                      0.000     0.000 r  
    E3                                                0.000     0.000 r  clk (IN)
                         net (fo=0)                   0.000     0.000    clk
    E3                   IBUF (Prop_ibuf_I_O)         0.250     0.250 r  clk_IBUF_inst/O
                         net (fo=1, routed)           0.440     0.690    clk_IBUF
    MMCME2_ADV_X1Y2      MMCME2_ADV (Prop_mmcme2_adv_CLKIN1_CLKOUT0)
                                                     -2.379    -1.689 r  u_mmcm/CLKOUT0
                         net (fo=1, routed)           0.499    -1.190    core_clk_raw
    BUFGCTRL_X0Y16       BUFG (Prop_bufg_I_O)         0.026    -1.164 r  u_core_clk_buf/O
                         net (fo=11093, routed)       0.558    -0.606    u_aes_gcm/u_core/u_ghash_request_fifo/core_clk
    SLICE_X41Y114        FDRE                                         r  u_aes_gcm/u_core/u_ghash_request_fifo/wr_ptr_reg[0]/C
  -------------------------------------------------------------------    -------------------
    SLICE_X41Y114        FDRE (Prop_fdre_C_Q)         0.141    -0.465 r  u_aes_gcm/u_core/u_ghash_request_fifo/wr_ptr_reg[0]/Q
                         net (fo=178, routed)         0.299    -0.166    u_aes_gcm/u_core/u_ghash_request_fifo/mem_reg_0_3_114_119/ADDRD0
    SLICE_X42Y113        RAMD32                                       r  u_aes_gcm/u_core/u_ghash_request_fifo/mem_reg_0_3_114_119/RAMB/WADR0
  -------------------------------------------------------------------    -------------------

                         (clock core_clk_raw rise edge)
                                                      0.000     0.000 r  
    E3                                                0.000     0.000 r  clk (IN)
                         net (fo=0)                   0.000     0.000    clk
    E3                   IBUF (Prop_ibuf_I_O)         0.438     0.438 r  clk_IBUF_inst/O
                         net (fo=1, routed)           0.480     0.918    clk_IBUF
    MMCME2_ADV_X1Y2      MMCME2_ADV (Prop_mmcme2_adv_CLKIN1_CLKOUT0)
                                                     -3.163    -2.245 r  u_mmcm/CLKOUT0
                         net (fo=1, routed)           0.544    -1.702    core_clk_raw
    BUFGCTRL_X0Y16       BUFG (Prop_bufg_I_O)         0.029    -1.673 r  u_core_clk_buf/O
                         net (fo=11093, routed)       0.826    -0.846    u_aes_gcm/u_core/u_ghash_request_fifo/mem_reg_0_3_114_119/WCLK
    SLICE_X42Y113        RAMD32                                       r  u_aes_gcm/u_core/u_ghash_request_fifo/mem_reg_0_3_114_119/RAMB/CLK
                         clock pessimism              0.275    -0.571    
    SLICE_X42Y113        RAMD32 (Hold_ramd32_CLK_WADR0)
                                                      0.310    -0.261    u_aes_gcm/u_core/u_ghash_request_fifo/mem_reg_0_3_114_119/RAMB
  -------------------------------------------------------------------
                         required time                          0.261    
                         arrival time                          -0.166    
  -------------------------------------------------------------------
                         slack                                  0.095    

Slack (MET) :             0.095ns  (arrival time - required time)
  Source:                 u_aes_gcm/u_core/u_ghash_request_fifo/wr_ptr_reg[0]/C
                            (rising edge-triggered cell FDRE clocked by core_clk_raw  {rise@0.000ns fall@2.857ns period=5.714ns})
  Destination:            u_aes_gcm/u_core/u_ghash_request_fifo/mem_reg_0_3_114_119/RAMB_D1/WADR0
                            (rising edge-triggered cell RAMD32 clocked by core_clk_raw  {rise@0.000ns fall@2.857ns period=5.714ns})
  Path Group:             core_clk_raw
  Path Type:              Hold (Min at Fast Process Corner)
  Requirement:            0.000ns  (core_clk_raw rise@0.000ns - core_clk_raw rise@0.000ns)
  Data Path Delay:        0.440ns  (logic 0.141ns (32.061%)  route 0.299ns (67.939%))
  Logic Levels:           0  
  Clock Path Skew:        0.035ns (DCD - SCD - CPR)
    Destination Clock Delay (DCD):    -0.846ns
    Source Clock Delay      (SCD):    -0.606ns
    Clock Pessimism Removal (CPR):    -0.275ns

    Location             Delay type                Incr(ns)  Path(ns)    Netlist Resource(s)
  -------------------------------------------------------------------    -------------------
                         (clock core_clk_raw rise edge)
                                                      0.000     0.000 r  
    E3                                                0.000     0.000 r  clk (IN)
                         net (fo=0)                   0.000     0.000    clk
    E3                   IBUF (Prop_ibuf_I_O)         0.250     0.250 r  clk_IBUF_inst/O
                         net (fo=1, routed)           0.440     0.690    clk_IBUF
    MMCME2_ADV_X1Y2      MMCME2_ADV (Prop_mmcme2_adv_CLKIN1_CLKOUT0)
                                                     -2.379    -1.689 r  u_mmcm/CLKOUT0
                         net (fo=1, routed)           0.499    -1.190    core_clk_raw
    BUFGCTRL_X0Y16       BUFG (Prop_bufg_I_O)         0.026    -1.164 r  u_core_clk_buf/O
                         net (fo=11093, routed)       0.558    -0.606    u_aes_gcm/u_core/u_ghash_request_fifo/core_clk
    SLICE_X41Y114        FDRE                                         r  u_aes_gcm/u_core/u_ghash_request_fifo/wr_ptr_reg[0]/C
  -------------------------------------------------------------------    -------------------
    SLICE_X41Y114        FDRE (Prop_fdre_C_Q)         0.141    -0.465 r  u_aes_gcm/u_core/u_ghash_request_fifo/wr_ptr_reg[0]/Q
                         net (fo=178, routed)         0.299    -0.166    u_aes_gcm/u_core/u_ghash_request_fifo/mem_reg_0_3_114_119/ADDRD0
    SLICE_X42Y113        RAMD32                                       r  u_aes_gcm/u_core/u_ghash_request_fifo/mem_reg_0_3_114_119/RAMB_D1/WADR0
  -------------------------------------------------------------------    -------------------

                         (clock core_clk_raw rise edge)
                                                      0.000     0.000 r  
    E3                                                0.000     0.000 r  clk (IN)
                         net (fo=0)                   0.000     0.000    clk
    E3                   IBUF (Prop_ibuf_I_O)         0.438     0.438 r  clk_IBUF_inst/O
                         net (fo=1, routed)           0.480     0.918    clk_IBUF
    MMCME2_ADV_X1Y2      MMCME2_ADV (Prop_mmcme2_adv_CLKIN1_CLKOUT0)
                                                     -3.163    -2.245 r  u_mmcm/CLKOUT0
                         net (fo=1, routed)           0.544    -1.702    core_clk_raw
    BUFGCTRL_X0Y16       BUFG (Prop_bufg_I_O)         0.029    -1.673 r  u_core_clk_buf/O
                         net (fo=11093, routed)       0.826    -0.846    u_aes_gcm/u_core/u_ghash_request_fifo/mem_reg_0_3_114_119/WCLK
    SLICE_X42Y113        RAMD32                                       r  u_aes_gcm/u_core/u_ghash_request_fifo/mem_reg_0_3_114_119/RAMB_D1/CLK
                         clock pessimism              0.275    -0.571    
    SLICE_X42Y113        RAMD32 (Hold_ramd32_CLK_WADR0)
                                                      0.310    -0.261    u_aes_gcm/u_core/u_ghash_request_fifo/mem_reg_0_3_114_119/RAMB_D1
  -------------------------------------------------------------------
                         required time                          0.261    
                         arrival time                          -0.166    
  -------------------------------------------------------------------
                         slack                                  0.095    

Slack (MET) :             0.095ns  (arrival time - required time)
  Source:                 u_aes_gcm/u_core/u_ghash_request_fifo/wr_ptr_reg[0]/C
                            (rising edge-triggered cell FDRE clocked by core_clk_raw  {rise@0.000ns fall@2.857ns period=5.714ns})
  Destination:            u_aes_gcm/u_core/u_ghash_request_fifo/mem_reg_0_3_114_119/RAMC/WADR0
                            (rising edge-triggered cell RAMD32 clocked by core_clk_raw  {rise@0.000ns fall@2.857ns period=5.714ns})
  Path Group:             core_clk_raw
  Path Type:              Hold (Min at Fast Process Corner)
  Requirement:            0.000ns  (core_clk_raw rise@0.000ns - core_clk_raw rise@0.000ns)
  Data Path Delay:        0.440ns  (logic 0.141ns (32.061%)  route 0.299ns (67.939%))
  Logic Levels:           0  
  Clock Path Skew:        0.035ns (DCD - SCD - CPR)
    Destination Clock Delay (DCD):    -0.846ns
    Source Clock Delay      (SCD):    -0.606ns
    Clock Pessimism Removal (CPR):    -0.275ns

    Location             Delay type                Incr(ns)  Path(ns)    Netlist Resource(s)
  -------------------------------------------------------------------    -------------------
                         (clock core_clk_raw rise edge)
                                                      0.000     0.000 r  
    E3                                                0.000     0.000 r  clk (IN)
                         net (fo=0)                   0.000     0.000    clk
    E3                   IBUF (Prop_ibuf_I_O)         0.250     0.250 r  clk_IBUF_inst/O
                         net (fo=1, routed)           0.440     0.690    clk_IBUF
    MMCME2_ADV_X1Y2      MMCME2_ADV (Prop_mmcme2_adv_CLKIN1_CLKOUT0)
                                                     -2.379    -1.689 r  u_mmcm/CLKOUT0
                         net (fo=1, routed)           0.499    -1.190    core_clk_raw
    BUFGCTRL_X0Y16       BUFG (Prop_bufg_I_O)         0.026    -1.164 r  u_core_clk_buf/O
                         net (fo=11093, routed)       0.558    -0.606    u_aes_gcm/u_core/u_ghash_request_fifo/core_clk
    SLICE_X41Y114        FDRE                                         r  u_aes_gcm/u_core/u_ghash_request_fifo/wr_ptr_reg[0]/C
  -------------------------------------------------------------------    -------------------
    SLICE_X41Y114        FDRE (Prop_fdre_C_Q)         0.141    -0.465 r  u_aes_gcm/u_core/u_ghash_request_fifo/wr_ptr_reg[0]/Q
                         net (fo=178, routed)         0.299    -0.166    u_aes_gcm/u_core/u_ghash_request_fifo/mem_reg_0_3_114_119/ADDRD0
    SLICE_X42Y113        RAMD32                                       r  u_aes_gcm/u_core/u_ghash_request_fifo/mem_reg_0_3_114_119/RAMC/WADR0
  -------------------------------------------------------------------    -------------------

                         (clock core_clk_raw rise edge)
                                                      0.000     0.000 r  
    E3                                                0.000     0.000 r  clk (IN)
                         net (fo=0)                   0.000     0.000    clk
    E3                   IBUF (Prop_ibuf_I_O)         0.438     0.438 r  clk_IBUF_inst/O
                         net (fo=1, routed)           0.480     0.918    clk_IBUF
    MMCME2_ADV_X1Y2      MMCME2_ADV (Prop_mmcme2_adv_CLKIN1_CLKOUT0)
                                                     -3.163    -2.245 r  u_mmcm/CLKOUT0
                         net (fo=1, routed)           0.544    -1.702    core_clk_raw
    BUFGCTRL_X0Y16       BUFG (Prop_bufg_I_O)         0.029    -1.673 r  u_core_clk_buf/O
                         net (fo=11093, routed)       0.826    -0.846    u_aes_gcm/u_core/u_ghash_request_fifo/mem_reg_0_3_114_119/WCLK
    SLICE_X42Y113        RAMD32                                       r  u_aes_gcm/u_core/u_ghash_request_fifo/mem_reg_0_3_114_119/RAMC/CLK
                         clock pessimism              0.275    -0.571    
    SLICE_X42Y113        RAMD32 (Hold_ramd32_CLK_WADR0)
                                                      0.310    -0.261    u_aes_gcm/u_core/u_ghash_request_fifo/mem_reg_0_3_114_119/RAMC
  -------------------------------------------------------------------
                         required time                          0.261    
                         arrival time                          -0.166    
  -------------------------------------------------------------------
                         slack                                  0.095    

Slack (MET) :             0.095ns  (arrival time - required time)
  Source:                 u_aes_gcm/u_core/u_ghash_request_fifo/wr_ptr_reg[0]/C
                            (rising edge-triggered cell FDRE clocked by core_clk_raw  {rise@0.000ns fall@2.857ns period=5.714ns})
  Destination:            u_aes_gcm/u_core/u_ghash_request_fifo/mem_reg_0_3_114_119/RAMC_D1/WADR0
                            (rising edge-triggered cell RAMD32 clocked by core_clk_raw  {rise@0.000ns fall@2.857ns period=5.714ns})
  Path Group:             core_clk_raw
  Path Type:              Hold (Min at Fast Process Corner)
  Requirement:            0.000ns  (core_clk_raw rise@0.000ns - core_clk_raw rise@0.000ns)
  Data Path Delay:        0.440ns  (logic 0.141ns (32.061%)  route 0.299ns (67.939%))
  Logic Levels:           0  
  Clock Path Skew:        0.035ns (DCD - SCD - CPR)
    Destination Clock Delay (DCD):    -0.846ns
    Source Clock Delay      (SCD):    -0.606ns
    Clock Pessimism Removal (CPR):    -0.275ns

    Location             Delay type                Incr(ns)  Path(ns)    Netlist Resource(s)
  -------------------------------------------------------------------    -------------------
                         (clock core_clk_raw rise edge)
                                                      0.000     0.000 r  
    E3                                                0.000     0.000 r  clk (IN)
                         net (fo=0)                   0.000     0.000    clk
    E3                   IBUF (Prop_ibuf_I_O)         0.250     0.250 r  clk_IBUF_inst/O
                         net (fo=1, routed)           0.440     0.690    clk_IBUF
    MMCME2_ADV_X1Y2      MMCME2_ADV (Prop_mmcme2_adv_CLKIN1_CLKOUT0)
                                                     -2.379    -1.689 r  u_mmcm/CLKOUT0
                         net (fo=1, routed)           0.499    -1.190    core_clk_raw
    BUFGCTRL_X0Y16       BUFG (Prop_bufg_I_O)         0.026    -1.164 r  u_core_clk_buf/O
                         net (fo=11093, routed)       0.558    -0.606    u_aes_gcm/u_core/u_ghash_request_fifo/core_clk
    SLICE_X41Y114        FDRE                                         r  u_aes_gcm/u_core/u_ghash_request_fifo/wr_ptr_reg[0]/C
  -------------------------------------------------------------------    -------------------
    SLICE_X41Y114        FDRE (Prop_fdre_C_Q)         0.141    -0.465 r  u_aes_gcm/u_core/u_ghash_request_fifo/wr_ptr_reg[0]/Q
                         net (fo=178, routed)         0.299    -0.166    u_aes_gcm/u_core/u_ghash_request_fifo/mem_reg_0_3_114_119/ADDRD0
    SLICE_X42Y113        RAMD32                                       r  u_aes_gcm/u_core/u_ghash_request_fifo/mem_reg_0_3_114_119/RAMC_D1/WADR0
  -------------------------------------------------------------------    -------------------

                         (clock core_clk_raw rise edge)
                                                      0.000     0.000 r  
    E3                                                0.000     0.000 r  clk (IN)
                         net (fo=0)                   0.000     0.000    clk
    E3                   IBUF (Prop_ibuf_I_O)         0.438     0.438 r  clk_IBUF_inst/O
                         net (fo=1, routed)           0.480     0.918    clk_IBUF
    MMCME2_ADV_X1Y2      MMCME2_ADV (Prop_mmcme2_adv_CLKIN1_CLKOUT0)
                                                     -3.163    -2.245 r  u_mmcm/CLKOUT0
                         net (fo=1, routed)           0.544    -1.702    core_clk_raw
    BUFGCTRL_X0Y16       BUFG (Prop_bufg_I_O)         0.029    -1.673 r  u_core_clk_buf/O
                         net (fo=11093, routed)       0.826    -0.846    u_aes_gcm/u_core/u_ghash_request_fifo/mem_reg_0_3_114_119/WCLK
    SLICE_X42Y113        RAMD32                                       r  u_aes_gcm/u_core/u_ghash_request_fifo/mem_reg_0_3_114_119/RAMC_D1/CLK
                         clock pessimism              0.275    -0.571    
    SLICE_X42Y113        RAMD32 (Hold_ramd32_CLK_WADR0)
                                                      0.310    -0.261    u_aes_gcm/u_core/u_ghash_request_fifo/mem_reg_0_3_114_119/RAMC_D1
  -------------------------------------------------------------------
                         required time                          0.261    
                         arrival time                          -0.166    
  -------------------------------------------------------------------
                         slack                                  0.095    

Slack (MET) :             0.095ns  (arrival time - required time)
  Source:                 u_aes_gcm/u_core/u_ghash_request_fifo/wr_ptr_reg[0]/C
                            (rising edge-triggered cell FDRE clocked by core_clk_raw  {rise@0.000ns fall@2.857ns period=5.714ns})
  Destination:            u_aes_gcm/u_core/u_ghash_request_fifo/mem_reg_0_3_114_119/RAMD/ADR0
                            (rising edge-triggered cell RAMS32 clocked by core_clk_raw  {rise@0.000ns fall@2.857ns period=5.714ns})
  Path Group:             core_clk_raw
  Path Type:              Hold (Min at Fast Process Corner)
  Requirement:            0.000ns  (core_clk_raw rise@0.000ns - core_clk_raw rise@0.000ns)
  Data Path Delay:        0.440ns  (logic 0.141ns (32.061%)  route 0.299ns (67.939%))
  Logic Levels:           0  
  Clock Path Skew:        0.035ns (DCD - SCD - CPR)
    Destination Clock Delay (DCD):    -0.846ns
    Source Clock Delay      (SCD):    -0.606ns
    Clock Pessimism Removal (CPR):    -0.275ns

    Location             Delay type                Incr(ns)  Path(ns)    Netlist Resource(s)
  -------------------------------------------------------------------    -------------------
                         (clock core_clk_raw rise edge)
                                                      0.000     0.000 r  
    E3                                                0.000     0.000 r  clk (IN)
                         net (fo=0)                   0.000     0.000    clk
    E3                   IBUF (Prop_ibuf_I_O)         0.250     0.250 r  clk_IBUF_inst/O
                         net (fo=1, routed)           0.440     0.690    clk_IBUF
    MMCME2_ADV_X1Y2      MMCME2_ADV (Prop_mmcme2_adv_CLKIN1_CLKOUT0)
                                                     -2.379    -1.689 r  u_mmcm/CLKOUT0
                         net (fo=1, routed)           0.499    -1.190    core_clk_raw
    BUFGCTRL_X0Y16       BUFG (Prop_bufg_I_O)         0.026    -1.164 r  u_core_clk_buf/O
                         net (fo=11093, routed)       0.558    -0.606    u_aes_gcm/u_core/u_ghash_request_fifo/core_clk
    SLICE_X41Y114        FDRE                                         r  u_aes_gcm/u_core/u_ghash_request_fifo/wr_ptr_reg[0]/C
  -------------------------------------------------------------------    -------------------
    SLICE_X41Y114        FDRE (Prop_fdre_C_Q)         0.141    -0.465 r  u_aes_gcm/u_core/u_ghash_request_fifo/wr_ptr_reg[0]/Q
                         net (fo=178, routed)         0.299    -0.166    u_aes_gcm/u_core/u_ghash_request_fifo/mem_reg_0_3_114_119/ADDRD0
    SLICE_X42Y113        RAMS32                                       r  u_aes_gcm/u_core/u_ghash_request_fifo/mem_reg_0_3_114_119/RAMD/ADR0
  -------------------------------------------------------------------    -------------------

                         (clock core_clk_raw rise edge)
                                                      0.000     0.000 r  
    E3                                                0.000     0.000 r  clk (IN)
                         net (fo=0)                   0.000     0.000    clk
    E3                   IBUF (Prop_ibuf_I_O)         0.438     0.438 r  clk_IBUF_inst/O
                         net (fo=1, routed)           0.480     0.918    clk_IBUF
    MMCME2_ADV_X1Y2      MMCME2_ADV (Prop_mmcme2_adv_CLKIN1_CLKOUT0)
                                                     -3.163    -2.245 r  u_mmcm/CLKOUT0
                         net (fo=1, routed)           0.544    -1.702    core_clk_raw
    BUFGCTRL_X0Y16       BUFG (Prop_bufg_I_O)         0.029    -1.673 r  u_core_clk_buf/O
                         net (fo=11093, routed)       0.826    -0.846    u_aes_gcm/u_core/u_ghash_request_fifo/mem_reg_0_3_114_119/WCLK
    SLICE_X42Y113        RAMS32                                       r  u_aes_gcm/u_core/u_ghash_request_fifo/mem_reg_0_3_114_119/RAMD/CLK
                         clock pessimism              0.275    -0.571    
    SLICE_X42Y113        RAMS32 (Hold_rams32_CLK_ADR0)
                                                      0.310    -0.261    u_aes_gcm/u_core/u_ghash_request_fifo/mem_reg_0_3_114_119/RAMD
  -------------------------------------------------------------------
                         required time                          0.261    
                         arrival time                          -0.166    
  -------------------------------------------------------------------
                         slack                                  0.095    

Slack (MET) :             0.095ns  (arrival time - required time)
  Source:                 u_aes_gcm/u_core/u_ghash_request_fifo/wr_ptr_reg[0]/C
                            (rising edge-triggered cell FDRE clocked by core_clk_raw  {rise@0.000ns fall@2.857ns period=5.714ns})
  Destination:            u_aes_gcm/u_core/u_ghash_request_fifo/mem_reg_0_3_114_119/RAMD_D1/ADR0
                            (rising edge-triggered cell RAMS32 clocked by core_clk_raw  {rise@0.000ns fall@2.857ns period=5.714ns})
  Path Group:             core_clk_raw
  Path Type:              Hold (Min at Fast Process Corner)
  Requirement:            0.000ns  (core_clk_raw rise@0.000ns - core_clk_raw rise@0.000ns)
  Data Path Delay:        0.440ns  (logic 0.141ns (32.061%)  route 0.299ns (67.939%))
  Logic Levels:           0  
  Clock Path Skew:        0.035ns (DCD - SCD - CPR)
    Destination Clock Delay (DCD):    -0.846ns
    Source Clock Delay      (SCD):    -0.606ns
    Clock Pessimism Removal (CPR):    -0.275ns

    Location             Delay type                Incr(ns)  Path(ns)    Netlist Resource(s)
  -------------------------------------------------------------------    -------------------
                         (clock core_clk_raw rise edge)
                                                      0.000     0.000 r  
    E3                                                0.000     0.000 r  clk (IN)
                         net (fo=0)                   0.000     0.000    clk
    E3                   IBUF (Prop_ibuf_I_O)         0.250     0.250 r  clk_IBUF_inst/O
                         net (fo=1, routed)           0.440     0.690    clk_IBUF
    MMCME2_ADV_X1Y2      MMCME2_ADV (Prop_mmcme2_adv_CLKIN1_CLKOUT0)
                                                     -2.379    -1.689 r  u_mmcm/CLKOUT0
                         net (fo=1, routed)           0.499    -1.190    core_clk_raw
    BUFGCTRL_X0Y16       BUFG (Prop_bufg_I_O)         0.026    -1.164 r  u_core_clk_buf/O
                         net (fo=11093, routed)       0.558    -0.606    u_aes_gcm/u_core/u_ghash_request_fifo/core_clk
    SLICE_X41Y114        FDRE                                         r  u_aes_gcm/u_core/u_ghash_request_fifo/wr_ptr_reg[0]/C
  -------------------------------------------------------------------    -------------------
    SLICE_X41Y114        FDRE (Prop_fdre_C_Q)         0.141    -0.465 r  u_aes_gcm/u_core/u_ghash_request_fifo/wr_ptr_reg[0]/Q
                         net (fo=178, routed)         0.299    -0.166    u_aes_gcm/u_core/u_ghash_request_fifo/mem_reg_0_3_114_119/ADDRD0
    SLICE_X42Y113        RAMS32                                       r  u_aes_gcm/u_core/u_ghash_request_fifo/mem_reg_0_3_114_119/RAMD_D1/ADR0
  -------------------------------------------------------------------    -------------------

                         (clock core_clk_raw rise edge)
                                                      0.000     0.000 r  
    E3                                                0.000     0.000 r  clk (IN)
                         net (fo=0)                   0.000     0.000    clk
    E3                   IBUF (Prop_ibuf_I_O)         0.438     0.438 r  clk_IBUF_inst/O
                         net (fo=1, routed)           0.480     0.918    clk_IBUF
    MMCME2_ADV_X1Y2      MMCME2_ADV (Prop_mmcme2_adv_CLKIN1_CLKOUT0)
                                                     -3.163    -2.245 r  u_mmcm/CLKOUT0
                         net (fo=1, routed)           0.544    -1.702    core_clk_raw
    BUFGCTRL_X0Y16       BUFG (Prop_bufg_I_O)         0.029    -1.673 r  u_core_clk_buf/O
                         net (fo=11093, routed)       0.826    -0.846    u_aes_gcm/u_core/u_ghash_request_fifo/mem_reg_0_3_114_119/WCLK
    SLICE_X42Y113        RAMS32                                       r  u_aes_gcm/u_core/u_ghash_request_fifo/mem_reg_0_3_114_119/RAMD_D1/CLK
                         clock pessimism              0.275    -0.571    
    SLICE_X42Y113        RAMS32 (Hold_rams32_CLK_ADR0)
                                                      0.310    -0.261    u_aes_gcm/u_core/u_ghash_request_fifo/mem_reg_0_3_114_119/RAMD_D1
  -------------------------------------------------------------------
                         required time                          0.261    
                         arrival time                          -0.166    
  -------------------------------------------------------------------
                         slack                                  0.095    

Slack (MET) :             0.095ns  (arrival time - required time)
  Source:                 u_aes_gcm/u_core/tag_prod_data_reg[64]/C
                            (rising edge-triggered cell FDRE clocked by core_clk_raw  {rise@0.000ns fall@2.857ns period=5.714ns})
  Destination:            u_aes_gcm/u_core/u_tag_packet_fifo/mem_reg_0_1_60_65/RAMC/I
                            (rising edge-triggered cell RAMD32 clocked by core_clk_raw  {rise@0.000ns fall@2.857ns period=5.714ns})
  Path Group:             core_clk_raw
  Path Type:              Hold (Min at Fast Process Corner)
  Requirement:            0.000ns  (core_clk_raw rise@0.000ns - core_clk_raw rise@0.000ns)
  Data Path Delay:        0.253ns  (logic 0.141ns (55.760%)  route 0.112ns (44.240%))
  Logic Levels:           0  
  Clock Path Skew:        0.014ns (DCD - SCD - CPR)
    Destination Clock Delay (DCD):    -0.849ns
    Source Clock Delay      (SCD):    -0.609ns
    Clock Pessimism Removal (CPR):    -0.254ns

    Location             Delay type                Incr(ns)  Path(ns)    Netlist Resource(s)
  -------------------------------------------------------------------    -------------------
                         (clock core_clk_raw rise edge)
                                                      0.000     0.000 r  
    E3                                                0.000     0.000 r  clk (IN)
                         net (fo=0)                   0.000     0.000    clk
    E3                   IBUF (Prop_ibuf_I_O)         0.250     0.250 r  clk_IBUF_inst/O
                         net (fo=1, routed)           0.440     0.690    clk_IBUF
    MMCME2_ADV_X1Y2      MMCME2_ADV (Prop_mmcme2_adv_CLKIN1_CLKOUT0)
                                                     -2.379    -1.689 r  u_mmcm/CLKOUT0
                         net (fo=1, routed)           0.499    -1.190    core_clk_raw
    BUFGCTRL_X0Y16       BUFG (Prop_bufg_I_O)         0.026    -1.164 r  u_core_clk_buf/O
                         net (fo=11093, routed)       0.555    -0.609    u_aes_gcm/u_core/core_clk
    SLICE_X32Y128        FDRE                                         r  u_aes_gcm/u_core/tag_prod_data_reg[64]/C
  -------------------------------------------------------------------    -------------------
    SLICE_X32Y128        FDRE (Prop_fdre_C_Q)         0.141    -0.468 r  u_aes_gcm/u_core/tag_prod_data_reg[64]/Q
                         net (fo=2, routed)           0.112    -0.356    u_aes_gcm/u_core/u_tag_packet_fifo/mem_reg_0_1_60_65/DIC0
    SLICE_X30Y128        RAMD32                                       r  u_aes_gcm/u_core/u_tag_packet_fifo/mem_reg_0_1_60_65/RAMC/I
  -------------------------------------------------------------------    -------------------

                         (clock core_clk_raw rise edge)
                                                      0.000     0.000 r  
    E3                                                0.000     0.000 r  clk (IN)
                         net (fo=0)                   0.000     0.000    clk
    E3                   IBUF (Prop_ibuf_I_O)         0.438     0.438 r  clk_IBUF_inst/O
                         net (fo=1, routed)           0.480     0.918    clk_IBUF
    MMCME2_ADV_X1Y2      MMCME2_ADV (Prop_mmcme2_adv_CLKIN1_CLKOUT0)
                                                     -3.163    -2.245 r  u_mmcm/CLKOUT0
                         net (fo=1, routed)           0.544    -1.702    core_clk_raw
    BUFGCTRL_X0Y16       BUFG (Prop_bufg_I_O)         0.029    -1.673 r  u_core_clk_buf/O
                         net (fo=11093, routed)       0.824    -0.849    u_aes_gcm/u_core/u_tag_packet_fifo/mem_reg_0_1_60_65/WCLK
    SLICE_X30Y128        RAMD32                                       r  u_aes_gcm/u_core/u_tag_packet_fifo/mem_reg_0_1_60_65/RAMC/CLK
                         clock pessimism              0.254    -0.595    
    SLICE_X30Y128        RAMD32 (Hold_ramd32_CLK_I)
                                                      0.144    -0.451    u_aes_gcm/u_core/u_tag_packet_fifo/mem_reg_0_1_60_65/RAMC
  -------------------------------------------------------------------
                         required time                          0.451    
                         arrival time                          -0.356    
  -------------------------------------------------------------------
                         slack                                  0.095    

Slack (MET) :             0.095ns  (arrival time - required time)
  Source:                 u_aes_gcm/u_core/tag_prod_data_reg[26]/C
                            (rising edge-triggered cell FDRE clocked by core_clk_raw  {rise@0.000ns fall@2.857ns period=5.714ns})
  Destination:            u_aes_gcm/u_core/u_tag_packet_fifo/mem_reg_0_1_24_29/RAMB/I
                            (rising edge-triggered cell RAMD32 clocked by core_clk_raw  {rise@0.000ns fall@2.857ns period=5.714ns})
  Path Group:             core_clk_raw
  Path Type:              Hold (Min at Fast Process Corner)
  Requirement:            0.000ns  (core_clk_raw rise@0.000ns - core_clk_raw rise@0.000ns)
  Data Path Delay:        0.254ns  (logic 0.141ns (55.536%)  route 0.113ns (44.464%))
  Logic Levels:           0  
  Clock Path Skew:        0.013ns (DCD - SCD - CPR)
    Destination Clock Delay (DCD):    -0.847ns
    Source Clock Delay      (SCD):    -0.606ns
    Clock Pessimism Removal (CPR):    -0.254ns

    Location             Delay type                Incr(ns)  Path(ns)    Netlist Resource(s)
  -------------------------------------------------------------------    -------------------
                         (clock core_clk_raw rise edge)
                                                      0.000     0.000 r  
    E3                                                0.000     0.000 r  clk (IN)
                         net (fo=0)                   0.000     0.000    clk
    E3                   IBUF (Prop_ibuf_I_O)         0.250     0.250 r  clk_IBUF_inst/O
                         net (fo=1, routed)           0.440     0.690    clk_IBUF
    MMCME2_ADV_X1Y2      MMCME2_ADV (Prop_mmcme2_adv_CLKIN1_CLKOUT0)
                                                     -2.379    -1.689 r  u_mmcm/CLKOUT0
                         net (fo=1, routed)           0.499    -1.190    core_clk_raw
    BUFGCTRL_X0Y16       BUFG (Prop_bufg_I_O)         0.026    -1.164 r  u_core_clk_buf/O
                         net (fo=11093, routed)       0.558    -0.606    u_aes_gcm/u_core/core_clk
    SLICE_X36Y132        FDRE                                         r  u_aes_gcm/u_core/tag_prod_data_reg[26]/C
  -------------------------------------------------------------------    -------------------
    SLICE_X36Y132        FDRE (Prop_fdre_C_Q)         0.141    -0.465 r  u_aes_gcm/u_core/tag_prod_data_reg[26]/Q
                         net (fo=2, routed)           0.113    -0.352    u_aes_gcm/u_core/u_tag_packet_fifo/mem_reg_0_1_24_29/DIB0
    SLICE_X34Y131        RAMD32                                       r  u_aes_gcm/u_core/u_tag_packet_fifo/mem_reg_0_1_24_29/RAMB/I
  -------------------------------------------------------------------    -------------------

                         (clock core_clk_raw rise edge)
                                                      0.000     0.000 r  
    E3                                                0.000     0.000 r  clk (IN)
                         net (fo=0)                   0.000     0.000    clk
    E3                   IBUF (Prop_ibuf_I_O)         0.438     0.438 r  clk_IBUF_inst/O
                         net (fo=1, routed)           0.480     0.918    clk_IBUF
    MMCME2_ADV_X1Y2      MMCME2_ADV (Prop_mmcme2_adv_CLKIN1_CLKOUT0)
                                                     -3.163    -2.245 r  u_mmcm/CLKOUT0
                         net (fo=1, routed)           0.544    -1.702    core_clk_raw
    BUFGCTRL_X0Y16       BUFG (Prop_bufg_I_O)         0.029    -1.673 r  u_core_clk_buf/O
                         net (fo=11093, routed)       0.826    -0.847    u_aes_gcm/u_core/u_tag_packet_fifo/mem_reg_0_1_24_29/WCLK
    SLICE_X34Y131        RAMD32                                       r  u_aes_gcm/u_core/u_tag_packet_fifo/mem_reg_0_1_24_29/RAMB/CLK
                         clock pessimism              0.254    -0.593    
    SLICE_X34Y131        RAMD32 (Hold_ramd32_CLK_I)
                                                      0.146    -0.447    u_aes_gcm/u_core/u_tag_packet_fifo/mem_reg_0_1_24_29/RAMB
  -------------------------------------------------------------------
                         required time                          0.447    
                         arrival time                          -0.352    
  -------------------------------------------------------------------
                         slack                                  0.095    

Slack (MET) :             0.100ns  (arrival time - required time)
  Source:                 u_aes_gcm/u_core/tag_prod_data_reg[22]/C
                            (rising edge-triggered cell FDRE clocked by core_clk_raw  {rise@0.000ns fall@2.857ns period=5.714ns})
  Destination:            u_aes_gcm/u_core/u_tag_packet_fifo/mem_reg_0_1_18_23/RAMC/I
                            (rising edge-triggered cell RAMD32 clocked by core_clk_raw  {rise@0.000ns fall@2.857ns period=5.714ns})
  Path Group:             core_clk_raw
  Path Type:              Hold (Min at Fast Process Corner)
  Requirement:            0.000ns  (core_clk_raw rise@0.000ns - core_clk_raw rise@0.000ns)
  Data Path Delay:        0.203ns  (logic 0.128ns (63.063%)  route 0.075ns (36.937%))
  Logic Levels:           0  
  Clock Path Skew:        0.013ns (DCD - SCD - CPR)
    Destination Clock Delay (DCD):    -0.848ns
    Source Clock Delay      (SCD):    -0.609ns
    Clock Pessimism Removal (CPR):    -0.252ns

    Location             Delay type                Incr(ns)  Path(ns)    Netlist Resource(s)
  -------------------------------------------------------------------    -------------------
                         (clock core_clk_raw rise edge)
                                                      0.000     0.000 r  
    E3                                                0.000     0.000 r  clk (IN)
                         net (fo=0)                   0.000     0.000    clk
    E3                   IBUF (Prop_ibuf_I_O)         0.250     0.250 r  clk_IBUF_inst/O
                         net (fo=1, routed)           0.440     0.690    clk_IBUF
    MMCME2_ADV_X1Y2      MMCME2_ADV (Prop_mmcme2_adv_CLKIN1_CLKOUT0)
                                                     -2.379    -1.689 r  u_mmcm/CLKOUT0
                         net (fo=1, routed)           0.499    -1.190    core_clk_raw
    BUFGCTRL_X0Y16       BUFG (Prop_bufg_I_O)         0.026    -1.164 r  u_core_clk_buf/O
                         net (fo=11093, routed)       0.555    -0.609    u_aes_gcm/u_core/core_clk
    SLICE_X39Y131        FDRE                                         r  u_aes_gcm/u_core/tag_prod_data_reg[22]/C
  -------------------------------------------------------------------    -------------------
    SLICE_X39Y131        FDRE (Prop_fdre_C_Q)         0.128    -0.481 r  u_aes_gcm/u_core/tag_prod_data_reg[22]/Q
                         net (fo=2, routed)           0.075    -0.406    u_aes_gcm/u_core/u_tag_packet_fifo/mem_reg_0_1_18_23/DIC0
    SLICE_X38Y131        RAMD32                                       r  u_aes_gcm/u_core/u_tag_packet_fifo/mem_reg_0_1_18_23/RAMC/I
  -------------------------------------------------------------------    -------------------

                         (clock core_clk_raw rise edge)
                                                      0.000     0.000 r  
    E3                                                0.000     0.000 r  clk (IN)
                         net (fo=0)                   0.000     0.000    clk
    E3                   IBUF (Prop_ibuf_I_O)         0.438     0.438 r  clk_IBUF_inst/O
                         net (fo=1, routed)           0.480     0.918    clk_IBUF
    MMCME2_ADV_X1Y2      MMCME2_ADV (Prop_mmcme2_adv_CLKIN1_CLKOUT0)
                                                     -3.163    -2.245 r  u_mmcm/CLKOUT0
                         net (fo=1, routed)           0.544    -1.702    core_clk_raw
    BUFGCTRL_X0Y16       BUFG (Prop_bufg_I_O)         0.029    -1.673 r  u_core_clk_buf/O
                         net (fo=11093, routed)       0.825    -0.848    u_aes_gcm/u_core/u_tag_packet_fifo/mem_reg_0_1_18_23/WCLK
    SLICE_X38Y131        RAMD32                                       r  u_aes_gcm/u_core/u_tag_packet_fifo/mem_reg_0_1_18_23/RAMC/CLK
                         clock pessimism              0.252    -0.596    
    SLICE_X38Y131        RAMD32 (Hold_ramd32_CLK_I)
                                                      0.090    -0.506    u_aes_gcm/u_core/u_tag_packet_fifo/mem_reg_0_1_18_23/RAMC
  -------------------------------------------------------------------
                         required time                          0.506    
                         arrival time                          -0.406    
  -------------------------------------------------------------------
                         slack                                  0.100    

Slack (MET) :             0.101ns  (arrival time - required time)
  Source:                 u_aes_gcm/u_registers/key_staging_o_reg[97]/C
                            (rising edge-triggered cell FDRE clocked by core_clk_raw  {rise@0.000ns fall@2.857ns period=5.714ns})
  Destination:            u_aes_gcm/u_core/u_key_context/window_w4_r_reg[1]/D
                            (rising edge-triggered cell FDRE clocked by core_clk_raw  {rise@0.000ns fall@2.857ns period=5.714ns})
  Path Group:             core_clk_raw
  Path Type:              Hold (Min at Fast Process Corner)
  Requirement:            0.000ns  (core_clk_raw rise@0.000ns - core_clk_raw rise@0.000ns)
  Data Path Delay:        0.375ns  (logic 0.246ns (65.581%)  route 0.129ns (34.419%))
  Logic Levels:           1  (LUT5=1)
  Clock Path Skew:        0.183ns (DCD - SCD - CPR)
    Destination Clock Delay (DCD):    -0.832ns
    Source Clock Delay      (SCD):    -0.512ns
    Clock Pessimism Removal (CPR):    -0.504ns

    Location             Delay type                Incr(ns)  Path(ns)    Netlist Resource(s)
  -------------------------------------------------------------------    -------------------
                         (clock core_clk_raw rise edge)
                                                      0.000     0.000 r  
    E3                                                0.000     0.000 r  clk (IN)
                         net (fo=0)                   0.000     0.000    clk
    E3                   IBUF (Prop_ibuf_I_O)         0.250     0.250 r  clk_IBUF_inst/O
                         net (fo=1, routed)           0.440     0.690    clk_IBUF
    MMCME2_ADV_X1Y2      MMCME2_ADV (Prop_mmcme2_adv_CLKIN1_CLKOUT0)
                                                     -2.379    -1.689 r  u_mmcm/CLKOUT0
                         net (fo=1, routed)           0.499    -1.190    core_clk_raw
    BUFGCTRL_X0Y16       BUFG (Prop_bufg_I_O)         0.026    -1.164 r  u_core_clk_buf/O
                         net (fo=11093, routed)       0.652    -0.512    u_aes_gcm/u_registers/core_clk
    SLICE_X10Y150        FDRE                                         r  u_aes_gcm/u_registers/key_staging_o_reg[97]/C
  -------------------------------------------------------------------    -------------------
    SLICE_X10Y150        FDRE (Prop_fdre_C_Q)         0.148    -0.364 r  u_aes_gcm/u_registers/key_staging_o_reg[97]/Q
                         net (fo=2, routed)           0.129    -0.235    u_aes_gcm/u_core/u_key_context/round_keys_r_reg[127]_4[97]
    SLICE_X9Y149         LUT5 (Prop_lut5_I1_O)        0.098    -0.137 r  u_aes_gcm/u_core/u_key_context/window_w4_r[1]_i_1/O
                         net (fo=1, routed)           0.000    -0.137    u_aes_gcm/u_core/u_key_context/window_w4_r[1]
    SLICE_X9Y149         FDRE                                         r  u_aes_gcm/u_core/u_key_context/window_w4_r_reg[1]/D
  -------------------------------------------------------------------    -------------------

                         (clock core_clk_raw rise edge)
                                                      0.000     0.000 r  
    E3                                                0.000     0.000 r  clk (IN)
                         net (fo=0)                   0.000     0.000    clk
    E3                   IBUF (Prop_ibuf_I_O)         0.438     0.438 r  clk_IBUF_inst/O
                         net (fo=1, routed)           0.480     0.918    clk_IBUF
    MMCME2_ADV_X1Y2      MMCME2_ADV (Prop_mmcme2_adv_CLKIN1_CLKOUT0)
                                                     -3.163    -2.245 r  u_mmcm/CLKOUT0
                         net (fo=1, routed)           0.544    -1.702    core_clk_raw
    BUFGCTRL_X0Y16       BUFG (Prop_bufg_I_O)         0.029    -1.673 r  u_core_clk_buf/O
                         net (fo=11093, routed)       0.841    -0.832    u_aes_gcm/u_core/u_key_context/core_clk
    SLICE_X9Y149         FDRE                                         r  u_aes_gcm/u_core/u_key_context/window_w4_r_reg[1]/C
                         clock pessimism              0.504    -0.328    
    SLICE_X9Y149         FDRE (Hold_fdre_C_D)         0.091    -0.237    u_aes_gcm/u_core/u_key_context/window_w4_r_reg[1]
  -------------------------------------------------------------------
                         required time                          0.237    
                         arrival time                          -0.137    
  -------------------------------------------------------------------
                         slack                                  0.101    

Slack (MET) :             0.102ns  (arrival time - required time)
  Source:                 u_aes_gcm/u_core/u_key_context/window_w2_r_reg[17]/C
                            (rising edge-triggered cell FDRE clocked by core_clk_raw  {rise@0.000ns fall@2.857ns period=5.714ns})
  Destination:            u_aes_gcm/u_core/u_key_context/window_w1_r_reg[17]/D
                            (rising edge-triggered cell FDRE clocked by core_clk_raw  {rise@0.000ns fall@2.857ns period=5.714ns})
  Path Group:             core_clk_raw
  Path Type:              Hold (Min at Fast Process Corner)
  Requirement:            0.000ns  (core_clk_raw rise@0.000ns - core_clk_raw rise@0.000ns)
  Data Path Delay:        0.408ns  (logic 0.209ns (51.271%)  route 0.199ns (48.729%))
  Logic Levels:           1  (LUT5=1)
  Clock Path Skew:        0.185ns (DCD - SCD - CPR)
    Destination Clock Delay (DCD):    -0.801ns
    Source Clock Delay      (SCD):    -0.483ns
    Clock Pessimism Removal (CPR):    -0.504ns

    Location             Delay type                Incr(ns)  Path(ns)    Netlist Resource(s)
  -------------------------------------------------------------------    -------------------
                         (clock core_clk_raw rise edge)
                                                      0.000     0.000 r  
    E3                                                0.000     0.000 r  clk (IN)
                         net (fo=0)                   0.000     0.000    clk
    E3                   IBUF (Prop_ibuf_I_O)         0.250     0.250 r  clk_IBUF_inst/O
                         net (fo=1, routed)           0.440     0.690    clk_IBUF
    MMCME2_ADV_X1Y2      MMCME2_ADV (Prop_mmcme2_adv_CLKIN1_CLKOUT0)
                                                     -2.379    -1.689 r  u_mmcm/CLKOUT0
                         net (fo=1, routed)           0.499    -1.190    core_clk_raw
    BUFGCTRL_X0Y16       BUFG (Prop_bufg_I_O)         0.026    -1.164 r  u_core_clk_buf/O
                         net (fo=11093, routed)       0.681    -0.483    u_aes_gcm/u_core/u_key_context/core_clk
    SLICE_X2Y152         FDRE                                         r  u_aes_gcm/u_core/u_key_context/window_w2_r_reg[17]/C
  -------------------------------------------------------------------    -------------------
    SLICE_X2Y152         FDRE (Prop_fdre_C_Q)         0.164    -0.319 r  u_aes_gcm/u_core/u_key_context/window_w2_r_reg[17]/Q
                         net (fo=1, routed)           0.199    -0.120    u_aes_gcm/u_core/u_key_context/window_w2_r[17]
    SLICE_X2Y149         LUT5 (Prop_lut5_I2_O)        0.045    -0.075 r  u_aes_gcm/u_core/u_key_context/window_w1_r[17]_i_1/O
                         net (fo=1, routed)           0.000    -0.075    u_aes_gcm/u_core/u_key_context/window_w1_r[17]_i_1_n_0
    SLICE_X2Y149         FDRE                                         r  u_aes_gcm/u_core/u_key_context/window_w1_r_reg[17]/D
  -------------------------------------------------------------------    -------------------

                         (clock core_clk_raw rise edge)
                                                      0.000     0.000 r  
    E3                                                0.000     0.000 r  clk (IN)
                         net (fo=0)                   0.000     0.000    clk
    E3                   IBUF (Prop_ibuf_I_O)         0.438     0.438 r  clk_IBUF_inst/O
                         net (fo=1, routed)           0.480     0.918    clk_IBUF
    MMCME2_ADV_X1Y2      MMCME2_ADV (Prop_mmcme2_adv_CLKIN1_CLKOUT0)
                                                     -3.163    -2.245 r  u_mmcm/CLKOUT0
                         net (fo=1, routed)           0.544    -1.702    core_clk_raw
    BUFGCTRL_X0Y16       BUFG (Prop_bufg_I_O)         0.029    -1.673 r  u_core_clk_buf/O
                         net (fo=11093, routed)       0.872    -0.801    u_aes_gcm/u_core/u_key_context/core_clk
    SLICE_X2Y149         FDRE                                         r  u_aes_gcm/u_core/u_key_context/window_w1_r_reg[17]/C
                         clock pessimism              0.504    -0.297    
    SLICE_X2Y149         FDRE (Hold_fdre_C_D)         0.120    -0.177    u_aes_gcm/u_core/u_key_context/window_w1_r_reg[17]
  -------------------------------------------------------------------
                         required time                          0.177    
                         arrival time                          -0.075    
  -------------------------------------------------------------------
                         slack                                  0.102    

Slack (MET) :             0.102ns  (arrival time - required time)
  Source:                 u_aes_gcm/u_core/u_aes_meta_fifo/out_data_q_reg[6]/C
                            (rising edge-triggered cell FDRE clocked by core_clk_raw  {rise@0.000ns fall@2.857ns period=5.714ns})
  Destination:            u_aes_gcm/u_core/u_aes_result_fifo/mem_reg_0_3_6_11/RAMA/I
                            (rising edge-triggered cell RAMD32 clocked by core_clk_raw  {rise@0.000ns fall@2.857ns period=5.714ns})
  Path Group:             core_clk_raw
  Path Type:              Hold (Min at Fast Process Corner)
  Requirement:            0.000ns  (core_clk_raw rise@0.000ns - core_clk_raw rise@0.000ns)
  Data Path Delay:        0.265ns  (logic 0.141ns (53.116%)  route 0.124ns (46.884%))
  Logic Levels:           0  
  Clock Path Skew:        0.016ns (DCD - SCD - CPR)
    Destination Clock Delay (DCD):    -0.840ns
    Source Clock Delay      (SCD):    -0.602ns
    Clock Pessimism Removal (CPR):    -0.254ns

    Location             Delay type                Incr(ns)  Path(ns)    Netlist Resource(s)
  -------------------------------------------------------------------    -------------------
                         (clock core_clk_raw rise edge)
                                                      0.000     0.000 r  
    E3                                                0.000     0.000 r  clk (IN)
                         net (fo=0)                   0.000     0.000    clk
    E3                   IBUF (Prop_ibuf_I_O)         0.250     0.250 r  clk_IBUF_inst/O
                         net (fo=1, routed)           0.440     0.690    clk_IBUF
    MMCME2_ADV_X1Y2      MMCME2_ADV (Prop_mmcme2_adv_CLKIN1_CLKOUT0)
                                                     -2.379    -1.689 r  u_mmcm/CLKOUT0
                         net (fo=1, routed)           0.499    -1.190    core_clk_raw
    BUFGCTRL_X0Y16       BUFG (Prop_bufg_I_O)         0.026    -1.164 r  u_core_clk_buf/O
                         net (fo=11093, routed)       0.562    -0.602    u_aes_gcm/u_core/u_aes_meta_fifo/core_clk
    SLICE_X35Y139        FDRE                                         r  u_aes_gcm/u_core/u_aes_meta_fifo/out_data_q_reg[6]/C
  -------------------------------------------------------------------    -------------------
    SLICE_X35Y139        FDRE (Prop_fdre_C_Q)         0.141    -0.461 r  u_aes_gcm/u_core/u_aes_meta_fifo/out_data_q_reg[6]/Q
                         net (fo=2, routed)           0.124    -0.337    u_aes_gcm/u_core/u_aes_result_fifo/mem_reg_0_3_6_11/DIA0
    SLICE_X34Y138        RAMD32                                       r  u_aes_gcm/u_core/u_aes_result_fifo/mem_reg_0_3_6_11/RAMA/I
  -------------------------------------------------------------------    -------------------

                         (clock core_clk_raw rise edge)
                                                      0.000     0.000 r  
    E3                                                0.000     0.000 r  clk (IN)
                         net (fo=0)                   0.000     0.000    clk
    E3                   IBUF (Prop_ibuf_I_O)         0.438     0.438 r  clk_IBUF_inst/O
                         net (fo=1, routed)           0.480     0.918    clk_IBUF
    MMCME2_ADV_X1Y2      MMCME2_ADV (Prop_mmcme2_adv_CLKIN1_CLKOUT0)
                                                     -3.163    -2.245 r  u_mmcm/CLKOUT0
                         net (fo=1, routed)           0.544    -1.702    core_clk_raw
    BUFGCTRL_X0Y16       BUFG (Prop_bufg_I_O)         0.029    -1.673 r  u_core_clk_buf/O
                         net (fo=11093, routed)       0.833    -0.840    u_aes_gcm/u_core/u_aes_result_fifo/mem_reg_0_3_6_11/WCLK
    SLICE_X34Y138        RAMD32                                       r  u_aes_gcm/u_core/u_aes_result_fifo/mem_reg_0_3_6_11/RAMA/CLK
                         clock pessimism              0.254    -0.586    
    SLICE_X34Y138        RAMD32 (Hold_ramd32_CLK_I)
                                                      0.147    -0.439    u_aes_gcm/u_core/u_aes_result_fifo/mem_reg_0_3_6_11/RAMA
  -------------------------------------------------------------------
                         required time                          0.439    
                         arrival time                          -0.337    
  -------------------------------------------------------------------
                         slack                                  0.102    

Slack (MET) :             0.104ns  (arrival time - required time)
  Source:                 u_aes_gcm/u_tag_output_register/out_data_q_reg[6]/C
                            (rising edge-triggered cell FDRE clocked by core_clk_raw  {rise@0.000ns fall@2.857ns period=5.714ns})
  Destination:            u_bridge/tag_capture_mem_reg_0_15_6_7/DP/I
                            (rising edge-triggered cell RAMD32 clocked by core_clk_raw  {rise@0.000ns fall@2.857ns period=5.714ns})
  Path Group:             core_clk_raw
  Path Type:              Hold (Min at Fast Process Corner)
  Requirement:            0.000ns  (core_clk_raw rise@0.000ns - core_clk_raw rise@0.000ns)
  Data Path Delay:        0.571ns  (logic 0.141ns (24.686%)  route 0.430ns (75.314%))
  Logic Levels:           0  
  Clock Path Skew:        0.353ns (DCD - SCD - CPR)
    Destination Clock Delay (DCD):    -0.751ns
    Source Clock Delay      (SCD):    -0.600ns
    Clock Pessimism Removal (CPR):    -0.504ns

    Location             Delay type                Incr(ns)  Path(ns)    Netlist Resource(s)
  -------------------------------------------------------------------    -------------------
                         (clock core_clk_raw rise edge)
                                                      0.000     0.000 r  
    E3                                                0.000     0.000 r  clk (IN)
                         net (fo=0)                   0.000     0.000    clk
    E3                   IBUF (Prop_ibuf_I_O)         0.250     0.250 r  clk_IBUF_inst/O
                         net (fo=1, routed)           0.440     0.690    clk_IBUF
    MMCME2_ADV_X1Y2      MMCME2_ADV (Prop_mmcme2_adv_CLKIN1_CLKOUT0)
                                                     -2.379    -1.689 r  u_mmcm/CLKOUT0
                         net (fo=1, routed)           0.499    -1.190    core_clk_raw
    BUFGCTRL_X0Y16       BUFG (Prop_bufg_I_O)         0.026    -1.164 r  u_core_clk_buf/O
                         net (fo=11093, routed)       0.564    -0.600    u_aes_gcm/u_tag_output_register/core_clk
    SLICE_X33Y141        FDRE                                         r  u_aes_gcm/u_tag_output_register/out_data_q_reg[6]/C
  -------------------------------------------------------------------    -------------------
    SLICE_X33Y141        FDRE (Prop_fdre_C_Q)         0.141    -0.459 r  u_aes_gcm/u_tag_output_register/out_data_q_reg[6]/Q
                         net (fo=2, routed)           0.430    -0.029    u_bridge/tag_capture_mem_reg_0_15_6_7/D
    SLICE_X30Y156        RAMD32                                       r  u_bridge/tag_capture_mem_reg_0_15_6_7/DP/I
  -------------------------------------------------------------------    -------------------

                         (clock core_clk_raw rise edge)
                                                      0.000     0.000 r  
    E3                                                0.000     0.000 r  clk (IN)
                         net (fo=0)                   0.000     0.000    clk
    E3                   IBUF (Prop_ibuf_I_O)         0.438     0.438 r  clk_IBUF_inst/O
                         net (fo=1, routed)           0.480     0.918    clk_IBUF
    MMCME2_ADV_X1Y2      MMCME2_ADV (Prop_mmcme2_adv_CLKIN1_CLKOUT0)
                                                     -3.163    -2.245 r  u_mmcm/CLKOUT0
                         net (fo=1, routed)           0.544    -1.702    core_clk_raw
    BUFGCTRL_X0Y16       BUFG (Prop_bufg_I_O)         0.029    -1.673 r  u_core_clk_buf/O
                         net (fo=11093, routed)       0.922    -0.751    u_bridge/tag_capture_mem_reg_0_15_6_7/WCLK
    SLICE_X30Y156        RAMD32                                       r  u_bridge/tag_capture_mem_reg_0_15_6_7/DP/CLK
                         clock pessimism              0.504    -0.247    
    SLICE_X30Y156        RAMD32 (Hold_ramd32_CLK_I)
                                                      0.114    -0.133    u_bridge/tag_capture_mem_reg_0_15_6_7/DP
  -------------------------------------------------------------------
                         required time                          0.133    
                         arrival time                          -0.029    
  -------------------------------------------------------------------
                         slack                                  0.104    

Slack (MET) :             0.106ns  (arrival time - required time)
  Source:                 u_aes_gcm/u_registers/key_staging_o_reg[107]/C
                            (rising edge-triggered cell FDRE clocked by core_clk_raw  {rise@0.000ns fall@2.857ns period=5.714ns})
  Destination:            u_aes_gcm/u_core/u_key_context/window_w4_r_reg[11]/D
                            (rising edge-triggered cell FDRE clocked by core_clk_raw  {rise@0.000ns fall@2.857ns period=5.714ns})
  Path Group:             core_clk_raw
  Path Type:              Hold (Min at Fast Process Corner)
  Requirement:            0.000ns  (core_clk_raw rise@0.000ns - core_clk_raw rise@0.000ns)
  Data Path Delay:        0.382ns  (logic 0.186ns (48.694%)  route 0.196ns (51.306%))
  Logic Levels:           1  (LUT5=1)
  Clock Path Skew:        0.185ns (DCD - SCD - CPR)
    Destination Clock Delay (DCD):    -0.801ns
    Source Clock Delay      (SCD):    -0.483ns
    Clock Pessimism Removal (CPR):    -0.504ns

    Location             Delay type                Incr(ns)  Path(ns)    Netlist Resource(s)
  -------------------------------------------------------------------    -------------------
                         (clock core_clk_raw rise edge)
                                                      0.000     0.000 r  
    E3                                                0.000     0.000 r  clk (IN)
                         net (fo=0)                   0.000     0.000    clk
    E3                   IBUF (Prop_ibuf_I_O)         0.250     0.250 r  clk_IBUF_inst/O
                         net (fo=1, routed)           0.440     0.690    clk_IBUF
    MMCME2_ADV_X1Y2      MMCME2_ADV (Prop_mmcme2_adv_CLKIN1_CLKOUT0)
                                                     -2.379    -1.689 r  u_mmcm/CLKOUT0
                         net (fo=1, routed)           0.499    -1.190    core_clk_raw
    BUFGCTRL_X0Y16       BUFG (Prop_bufg_I_O)         0.026    -1.164 r  u_core_clk_buf/O
                         net (fo=11093, routed)       0.681    -0.483    u_aes_gcm/u_registers/core_clk
    SLICE_X3Y152         FDRE                                         r  u_aes_gcm/u_registers/key_staging_o_reg[107]/C
  -------------------------------------------------------------------    -------------------
    SLICE_X3Y152         FDRE (Prop_fdre_C_Q)         0.141    -0.342 r  u_aes_gcm/u_registers/key_staging_o_reg[107]/Q
                         net (fo=2, routed)           0.196    -0.146    u_aes_gcm/u_core/u_key_context/round_keys_r_reg[127]_4[107]
    SLICE_X1Y149         LUT5 (Prop_lut5_I1_O)        0.045    -0.101 r  u_aes_gcm/u_core/u_key_context/window_w4_r[11]_i_1/O
                         net (fo=1, routed)           0.000    -0.101    u_aes_gcm/u_core/u_key_context/window_w4_r[11]
    SLICE_X1Y149         FDRE                                         r  u_aes_gcm/u_core/u_key_context/window_w4_r_reg[11]/D
  -------------------------------------------------------------------    -------------------

                         (clock core_clk_raw rise edge)
                                                      0.000     0.000 r  
    E3                                                0.000     0.000 r  clk (IN)
                         net (fo=0)                   0.000     0.000    clk
    E3                   IBUF (Prop_ibuf_I_O)         0.438     0.438 r  clk_IBUF_inst/O
                         net (fo=1, routed)           0.480     0.918    clk_IBUF
    MMCME2_ADV_X1Y2      MMCME2_ADV (Prop_mmcme2_adv_CLKIN1_CLKOUT0)
                                                     -3.163    -2.245 r  u_mmcm/CLKOUT0
                         net (fo=1, routed)           0.544    -1.702    core_clk_raw
    BUFGCTRL_X0Y16       BUFG (Prop_bufg_I_O)         0.029    -1.673 r  u_core_clk_buf/O
                         net (fo=11093, routed)       0.872    -0.801    u_aes_gcm/u_core/u_key_context/core_clk
    SLICE_X1Y149         FDRE                                         r  u_aes_gcm/u_core/u_key_context/window_w4_r_reg[11]/C
                         clock pessimism              0.504    -0.297    
    SLICE_X1Y149         FDRE (Hold_fdre_C_D)         0.091    -0.206    u_aes_gcm/u_core/u_key_context/window_w4_r_reg[11]
  -------------------------------------------------------------------
                         required time                          0.206    
                         arrival time                          -0.101    
  -------------------------------------------------------------------
                         slack                                  0.106    

Slack (MET) :             0.106ns  (arrival time - required time)
  Source:                 u_aes_gcm/u_core/u_aes_meta_fifo/out_data_q_reg[2]/C
                            (rising edge-triggered cell FDRE clocked by core_clk_raw  {rise@0.000ns fall@2.857ns period=5.714ns})
  Destination:            u_aes_gcm/u_core/u_aes_result_fifo/mem_reg_0_3_0_5/RAMB/I
                            (rising edge-triggered cell RAMD32 clocked by core_clk_raw  {rise@0.000ns fall@2.857ns period=5.714ns})
  Path Group:             core_clk_raw
  Path Type:              Hold (Min at Fast Process Corner)
  Requirement:            0.000ns  (core_clk_raw rise@0.000ns - core_clk_raw rise@0.000ns)
  Data Path Delay:        0.266ns  (logic 0.141ns (52.916%)  route 0.125ns (47.084%))
  Logic Levels:           0  
  Clock Path Skew:        0.014ns (DCD - SCD - CPR)
    Destination Clock Delay (DCD):    -0.842ns
    Source Clock Delay      (SCD):    -0.602ns
    Clock Pessimism Removal (CPR):    -0.254ns

    Location             Delay type                Incr(ns)  Path(ns)    Netlist Resource(s)
  -------------------------------------------------------------------    -------------------
                         (clock core_clk_raw rise edge)
                                                      0.000     0.000 r  
    E3                                                0.000     0.000 r  clk (IN)
                         net (fo=0)                   0.000     0.000    clk
    E3                   IBUF (Prop_ibuf_I_O)         0.250     0.250 r  clk_IBUF_inst/O
                         net (fo=1, routed)           0.440     0.690    clk_IBUF
    MMCME2_ADV_X1Y2      MMCME2_ADV (Prop_mmcme2_adv_CLKIN1_CLKOUT0)
                                                     -2.379    -1.689 r  u_mmcm/CLKOUT0
                         net (fo=1, routed)           0.499    -1.190    core_clk_raw
    BUFGCTRL_X0Y16       BUFG (Prop_bufg_I_O)         0.026    -1.164 r  u_core_clk_buf/O
                         net (fo=11093, routed)       0.562    -0.602    u_aes_gcm/u_core/u_aes_meta_fifo/core_clk
    SLICE_X35Y139        FDRE                                         r  u_aes_gcm/u_core/u_aes_meta_fifo/out_data_q_reg[2]/C
  -------------------------------------------------------------------    -------------------
    SLICE_X35Y139        FDRE (Prop_fdre_C_Q)         0.141    -0.461 r  u_aes_gcm/u_core/u_aes_meta_fifo/out_data_q_reg[2]/Q
                         net (fo=2, routed)           0.125    -0.336    u_aes_gcm/u_core/u_aes_result_fifo/mem_reg_0_3_0_5/DIB0
    SLICE_X34Y137        RAMD32                                       r  u_aes_gcm/u_core/u_aes_result_fifo/mem_reg_0_3_0_5/RAMB/I
  -------------------------------------------------------------------    -------------------

                         (clock core_clk_raw rise edge)
                                                      0.000     0.000 r  
    E3                                                0.000     0.000 r  clk (IN)
                         net (fo=0)                   0.000     0.000    clk
    E3                   IBUF (Prop_ibuf_I_O)         0.438     0.438 r  clk_IBUF_inst/O
                         net (fo=1, routed)           0.480     0.918    clk_IBUF
    MMCME2_ADV_X1Y2      MMCME2_ADV (Prop_mmcme2_adv_CLKIN1_CLKOUT0)
                                                     -3.163    -2.245 r  u_mmcm/CLKOUT0
                         net (fo=1, routed)           0.544    -1.702    core_clk_raw
    BUFGCTRL_X0Y16       BUFG (Prop_bufg_I_O)         0.029    -1.673 r  u_core_clk_buf/O
                         net (fo=11093, routed)       0.831    -0.842    u_aes_gcm/u_core/u_aes_result_fifo/mem_reg_0_3_0_5/WCLK
    SLICE_X34Y137        RAMD32                                       r  u_aes_gcm/u_core/u_aes_result_fifo/mem_reg_0_3_0_5/RAMB/CLK
                         clock pessimism              0.254    -0.588    
    SLICE_X34Y137        RAMD32 (Hold_ramd32_CLK_I)
                                                      0.146    -0.442    u_aes_gcm/u_core/u_aes_result_fifo/mem_reg_0_3_0_5/RAMB
  -------------------------------------------------------------------
                         required time                          0.442    
                         arrival time                          -0.336    
  -------------------------------------------------------------------
                         slack                                  0.106    

Slack (MET) :             0.110ns  (arrival time - required time)
  Source:                 u_aes_gcm/u_core/ct_prod_data_reg[81]/C
                            (rising edge-triggered cell FDRE clocked by core_clk_raw  {rise@0.000ns fall@2.857ns period=5.714ns})
  Destination:            u_aes_gcm/u_core/u_ciphertext_fifo/out_data_q_reg[81]/D
                            (rising edge-triggered cell FDRE clocked by core_clk_raw  {rise@0.000ns fall@2.857ns period=5.714ns})
  Path Group:             core_clk_raw
  Path Type:              Hold (Min at Fast Process Corner)
  Requirement:            0.000ns  (core_clk_raw rise@0.000ns - core_clk_raw rise@0.000ns)
  Data Path Delay:        0.466ns  (logic 0.186ns (39.878%)  route 0.280ns (60.122%))
  Logic Levels:           1  (LUT4=1)
  Clock Path Skew:        0.265ns (DCD - SCD - CPR)
    Destination Clock Delay (DCD):    -0.855ns
    Source Clock Delay      (SCD):    -0.616ns
    Clock Pessimism Removal (CPR):    -0.504ns

    Location             Delay type                Incr(ns)  Path(ns)    Netlist Resource(s)
  -------------------------------------------------------------------    -------------------
                         (clock core_clk_raw rise edge)
                                                      0.000     0.000 r  
    E3                                                0.000     0.000 r  clk (IN)
                         net (fo=0)                   0.000     0.000    clk
    E3                   IBUF (Prop_ibuf_I_O)         0.250     0.250 r  clk_IBUF_inst/O
                         net (fo=1, routed)           0.440     0.690    clk_IBUF
    MMCME2_ADV_X1Y2      MMCME2_ADV (Prop_mmcme2_adv_CLKIN1_CLKOUT0)
                                                     -2.379    -1.689 r  u_mmcm/CLKOUT0
                         net (fo=1, routed)           0.499    -1.190    core_clk_raw
    BUFGCTRL_X0Y16       BUFG (Prop_bufg_I_O)         0.026    -1.164 r  u_core_clk_buf/O
                         net (fo=11093, routed)       0.548    -0.616    u_aes_gcm/u_core/core_clk
    SLICE_X52Y122        FDRE                                         r  u_aes_gcm/u_core/ct_prod_data_reg[81]/C
  -------------------------------------------------------------------    -------------------
    SLICE_X52Y122        FDRE (Prop_fdre_C_Q)         0.141    -0.475 r  u_aes_gcm/u_core/ct_prod_data_reg[81]/Q
                         net (fo=3, routed)           0.280    -0.195    u_aes_gcm/u_core/u_ciphertext_fifo/ct_prod_data[81]
    SLICE_X47Y122        LUT4 (Prop_lut4_I3_O)        0.045    -0.150 r  u_aes_gcm/u_core/u_ciphertext_fifo/out_data_q[81]_i_1__1/O
                         net (fo=1, routed)           0.000    -0.150    u_aes_gcm/u_core/u_ciphertext_fifo/out_data_q[81]_i_1__1_n_0
    SLICE_X47Y122        FDRE                                         r  u_aes_gcm/u_core/u_ciphertext_fifo/out_data_q_reg[81]/D
  -------------------------------------------------------------------    -------------------

                         (clock core_clk_raw rise edge)
                                                      0.000     0.000 r  
    E3                                                0.000     0.000 r  clk (IN)
                         net (fo=0)                   0.000     0.000    clk
    E3                   IBUF (Prop_ibuf_I_O)         0.438     0.438 r  clk_IBUF_inst/O
                         net (fo=1, routed)           0.480     0.918    clk_IBUF
    MMCME2_ADV_X1Y2      MMCME2_ADV (Prop_mmcme2_adv_CLKIN1_CLKOUT0)
                                                     -3.163    -2.245 r  u_mmcm/CLKOUT0
                         net (fo=1, routed)           0.544    -1.702    core_clk_raw
    BUFGCTRL_X0Y16       BUFG (Prop_bufg_I_O)         0.029    -1.673 r  u_core_clk_buf/O
                         net (fo=11093, routed)       0.817    -0.855    u_aes_gcm/u_core/u_ciphertext_fifo/core_clk
    SLICE_X47Y122        FDRE                                         r  u_aes_gcm/u_core/u_ciphertext_fifo/out_data_q_reg[81]/C
                         clock pessimism              0.504    -0.351    
    SLICE_X47Y122        FDRE (Hold_fdre_C_D)         0.092    -0.259    u_aes_gcm/u_core/u_ciphertext_fifo/out_data_q_reg[81]
  -------------------------------------------------------------------
                         required time                          0.259    
                         arrival time                          -0.150    
  -------------------------------------------------------------------
                         slack                                  0.110    

Slack (MET) :             0.111ns  (arrival time - required time)
  Source:                 u_aes_gcm/u_core/u_ghash_request_fifo/wr_ptr_reg[0]/C
                            (rising edge-triggered cell FDRE clocked by core_clk_raw  {rise@0.000ns fall@2.857ns period=5.714ns})
  Destination:            u_aes_gcm/u_core/u_ghash_request_fifo/mem_reg_0_3_120_125/RAMA/WADR0
                            (rising edge-triggered cell RAMD32 clocked by core_clk_raw  {rise@0.000ns fall@2.857ns period=5.714ns})
  Path Group:             core_clk_raw
  Path Type:              Hold (Min at Fast Process Corner)
  Requirement:            0.000ns  (core_clk_raw rise@0.000ns - core_clk_raw rise@0.000ns)
  Data Path Delay:        0.435ns  (logic 0.141ns (32.399%)  route 0.294ns (67.601%))
  Logic Levels:           0  
  Clock Path Skew:        0.014ns (DCD - SCD - CPR)
    Destination Clock Delay (DCD):    -0.845ns
    Source Clock Delay      (SCD):    -0.606ns
    Clock Pessimism Removal (CPR):    -0.253ns

    Location             Delay type                Incr(ns)  Path(ns)    Netlist Resource(s)
  -------------------------------------------------------------------    -------------------
                         (clock core_clk_raw rise edge)
                                                      0.000     0.000 r  
    E3                                                0.000     0.000 r  clk (IN)
                         net (fo=0)                   0.000     0.000    clk
    E3                   IBUF (Prop_ibuf_I_O)         0.250     0.250 r  clk_IBUF_inst/O
                         net (fo=1, routed)           0.440     0.690    clk_IBUF
    MMCME2_ADV_X1Y2      MMCME2_ADV (Prop_mmcme2_adv_CLKIN1_CLKOUT0)
                                                     -2.379    -1.689 r  u_mmcm/CLKOUT0
                         net (fo=1, routed)           0.499    -1.190    core_clk_raw
    BUFGCTRL_X0Y16       BUFG (Prop_bufg_I_O)         0.026    -1.164 r  u_core_clk_buf/O
                         net (fo=11093, routed)       0.558    -0.606    u_aes_gcm/u_core/u_ghash_request_fifo/core_clk
    SLICE_X41Y114        FDRE                                         r  u_aes_gcm/u_core/u_ghash_request_fifo/wr_ptr_reg[0]/C
  -------------------------------------------------------------------    -------------------
    SLICE_X41Y114        FDRE (Prop_fdre_C_Q)         0.141    -0.465 r  u_aes_gcm/u_core/u_ghash_request_fifo/wr_ptr_reg[0]/Q
                         net (fo=178, routed)         0.294    -0.171    u_aes_gcm/u_core/u_ghash_request_fifo/mem_reg_0_3_120_125/ADDRD0
    SLICE_X38Y115        RAMD32                                       r  u_aes_gcm/u_core/u_ghash_request_fifo/mem_reg_0_3_120_125/RAMA/WADR0
  -------------------------------------------------------------------    -------------------

                         (clock core_clk_raw rise edge)
                                                      0.000     0.000 r  
    E3                                                0.000     0.000 r  clk (IN)
                         net (fo=0)                   0.000     0.000    clk
    E3                   IBUF (Prop_ibuf_I_O)         0.438     0.438 r  clk_IBUF_inst/O
                         net (fo=1, routed)           0.480     0.918    clk_IBUF
    MMCME2_ADV_X1Y2      MMCME2_ADV (Prop_mmcme2_adv_CLKIN1_CLKOUT0)
                                                     -3.163    -2.245 r  u_mmcm/CLKOUT0
                         net (fo=1, routed)           0.544    -1.702    core_clk_raw
    BUFGCTRL_X0Y16       BUFG (Prop_bufg_I_O)         0.029    -1.673 r  u_core_clk_buf/O
                         net (fo=11093, routed)       0.828    -0.845    u_aes_gcm/u_core/u_ghash_request_fifo/mem_reg_0_3_120_125/WCLK
    SLICE_X38Y115        RAMD32                                       r  u_aes_gcm/u_core/u_ghash_request_fifo/mem_reg_0_3_120_125/RAMA/CLK
                         clock pessimism              0.253    -0.592    
    SLICE_X38Y115        RAMD32 (Hold_ramd32_CLK_WADR0)
                                                      0.310    -0.282    u_aes_gcm/u_core/u_ghash_request_fifo/mem_reg_0_3_120_125/RAMA
  -------------------------------------------------------------------
                         required time                          0.282    
                         arrival time                          -0.171    
  -------------------------------------------------------------------
                         slack                                  0.111    

Slack (MET) :             0.111ns  (arrival time - required time)
  Source:                 u_aes_gcm/u_core/u_ghash_request_fifo/wr_ptr_reg[0]/C
                            (rising edge-triggered cell FDRE clocked by core_clk_raw  {rise@0.000ns fall@2.857ns period=5.714ns})
  Destination:            u_aes_gcm/u_core/u_ghash_request_fifo/mem_reg_0_3_120_125/RAMA_D1/WADR0
                            (rising edge-triggered cell RAMD32 clocked by core_clk_raw  {rise@0.000ns fall@2.857ns period=5.714ns})
  Path Group:             core_clk_raw
  Path Type:              Hold (Min at Fast Process Corner)
  Requirement:            0.000ns  (core_clk_raw rise@0.000ns - core_clk_raw rise@0.000ns)
  Data Path Delay:        0.435ns  (logic 0.141ns (32.399%)  route 0.294ns (67.601%))
  Logic Levels:           0  
  Clock Path Skew:        0.014ns (DCD - SCD - CPR)
    Destination Clock Delay (DCD):    -0.845ns
    Source Clock Delay      (SCD):    -0.606ns
    Clock Pessimism Removal (CPR):    -0.253ns

    Location             Delay type                Incr(ns)  Path(ns)    Netlist Resource(s)
  -------------------------------------------------------------------    -------------------
                         (clock core_clk_raw rise edge)
                                                      0.000     0.000 r  
    E3                                                0.000     0.000 r  clk (IN)
                         net (fo=0)                   0.000     0.000    clk
    E3                   IBUF (Prop_ibuf_I_O)         0.250     0.250 r  clk_IBUF_inst/O
                         net (fo=1, routed)           0.440     0.690    clk_IBUF
    MMCME2_ADV_X1Y2      MMCME2_ADV (Prop_mmcme2_adv_CLKIN1_CLKOUT0)
                                                     -2.379    -1.689 r  u_mmcm/CLKOUT0
                         net (fo=1, routed)           0.499    -1.190    core_clk_raw
    BUFGCTRL_X0Y16       BUFG (Prop_bufg_I_O)         0.026    -1.164 r  u_core_clk_buf/O
                         net (fo=11093, routed)       0.558    -0.606    u_aes_gcm/u_core/u_ghash_request_fifo/core_clk
    SLICE_X41Y114        FDRE                                         r  u_aes_gcm/u_core/u_ghash_request_fifo/wr_ptr_reg[0]/C
  -------------------------------------------------------------------    -------------------
    SLICE_X41Y114        FDRE (Prop_fdre_C_Q)         0.141    -0.465 r  u_aes_gcm/u_core/u_ghash_request_fifo/wr_ptr_reg[0]/Q
                         net (fo=178, routed)         0.294    -0.171    u_aes_gcm/u_core/u_ghash_request_fifo/mem_reg_0_3_120_125/ADDRD0
    SLICE_X38Y115        RAMD32                                       r  u_aes_gcm/u_core/u_ghash_request_fifo/mem_reg_0_3_120_125/RAMA_D1/WADR0
  -------------------------------------------------------------------    -------------------

                         (clock core_clk_raw rise edge)
                                                      0.000     0.000 r  
    E3                                                0.000     0.000 r  clk (IN)
                         net (fo=0)                   0.000     0.000    clk
    E3                   IBUF (Prop_ibuf_I_O)         0.438     0.438 r  clk_IBUF_inst/O
                         net (fo=1, routed)           0.480     0.918    clk_IBUF
    MMCME2_ADV_X1Y2      MMCME2_ADV (Prop_mmcme2_adv_CLKIN1_CLKOUT0)
                                                     -3.163    -2.245 r  u_mmcm/CLKOUT0
                         net (fo=1, routed)           0.544    -1.702    core_clk_raw
    BUFGCTRL_X0Y16       BUFG (Prop_bufg_I_O)         0.029    -1.673 r  u_core_clk_buf/O
                         net (fo=11093, routed)       0.828    -0.845    u_aes_gcm/u_core/u_ghash_request_fifo/mem_reg_0_3_120_125/WCLK
    SLICE_X38Y115        RAMD32                                       r  u_aes_gcm/u_core/u_ghash_request_fifo/mem_reg_0_3_120_125/RAMA_D1/CLK
                         clock pessimism              0.253    -0.592    
    SLICE_X38Y115        RAMD32 (Hold_ramd32_CLK_WADR0)
                                                      0.310    -0.282    u_aes_gcm/u_core/u_ghash_request_fifo/mem_reg_0_3_120_125/RAMA_D1
  -------------------------------------------------------------------
                         required time                          0.282    
                         arrival time                          -0.171    
  -------------------------------------------------------------------
                         slack                                  0.111    

Slack (MET) :             0.111ns  (arrival time - required time)
  Source:                 u_aes_gcm/u_core/u_ghash_request_fifo/wr_ptr_reg[0]/C
                            (rising edge-triggered cell FDRE clocked by core_clk_raw  {rise@0.000ns fall@2.857ns period=5.714ns})
  Destination:            u_aes_gcm/u_core/u_ghash_request_fifo/mem_reg_0_3_120_125/RAMB/WADR0
                            (rising edge-triggered cell RAMD32 clocked by core_clk_raw  {rise@0.000ns fall@2.857ns period=5.714ns})
  Path Group:             core_clk_raw
  Path Type:              Hold (Min at Fast Process Corner)
  Requirement:            0.000ns  (core_clk_raw rise@0.000ns - core_clk_raw rise@0.000ns)
  Data Path Delay:        0.435ns  (logic 0.141ns (32.399%)  route 0.294ns (67.601%))
  Logic Levels:           0  
  Clock Path Skew:        0.014ns (DCD - SCD - CPR)
    Destination Clock Delay (DCD):    -0.845ns
    Source Clock Delay      (SCD):    -0.606ns
    Clock Pessimism Removal (CPR):    -0.253ns

    Location             Delay type                Incr(ns)  Path(ns)    Netlist Resource(s)
  -------------------------------------------------------------------    -------------------
                         (clock core_clk_raw rise edge)
                                                      0.000     0.000 r  
    E3                                                0.000     0.000 r  clk (IN)
                         net (fo=0)                   0.000     0.000    clk
    E3                   IBUF (Prop_ibuf_I_O)         0.250     0.250 r  clk_IBUF_inst/O
                         net (fo=1, routed)           0.440     0.690    clk_IBUF
    MMCME2_ADV_X1Y2      MMCME2_ADV (Prop_mmcme2_adv_CLKIN1_CLKOUT0)
                                                     -2.379    -1.689 r  u_mmcm/CLKOUT0
                         net (fo=1, routed)           0.499    -1.190    core_clk_raw
    BUFGCTRL_X0Y16       BUFG (Prop_bufg_I_O)         0.026    -1.164 r  u_core_clk_buf/O
                         net (fo=11093, routed)       0.558    -0.606    u_aes_gcm/u_core/u_ghash_request_fifo/core_clk
    SLICE_X41Y114        FDRE                                         r  u_aes_gcm/u_core/u_ghash_request_fifo/wr_ptr_reg[0]/C
  -------------------------------------------------------------------    -------------------
    SLICE_X41Y114        FDRE (Prop_fdre_C_Q)         0.141    -0.465 r  u_aes_gcm/u_core/u_ghash_request_fifo/wr_ptr_reg[0]/Q
                         net (fo=178, routed)         0.294    -0.171    u_aes_gcm/u_core/u_ghash_request_fifo/mem_reg_0_3_120_125/ADDRD0
    SLICE_X38Y115        RAMD32                                       r  u_aes_gcm/u_core/u_ghash_request_fifo/mem_reg_0_3_120_125/RAMB/WADR0
  -------------------------------------------------------------------    -------------------

                         (clock core_clk_raw rise edge)
                                                      0.000     0.000 r  
    E3                                                0.000     0.000 r  clk (IN)
                         net (fo=0)                   0.000     0.000    clk
    E3                   IBUF (Prop_ibuf_I_O)         0.438     0.438 r  clk_IBUF_inst/O
                         net (fo=1, routed)           0.480     0.918    clk_IBUF
    MMCME2_ADV_X1Y2      MMCME2_ADV (Prop_mmcme2_adv_CLKIN1_CLKOUT0)
                                                     -3.163    -2.245 r  u_mmcm/CLKOUT0
                         net (fo=1, routed)           0.544    -1.702    core_clk_raw
    BUFGCTRL_X0Y16       BUFG (Prop_bufg_I_O)         0.029    -1.673 r  u_core_clk_buf/O
                         net (fo=11093, routed)       0.828    -0.845    u_aes_gcm/u_core/u_ghash_request_fifo/mem_reg_0_3_120_125/WCLK
    SLICE_X38Y115        RAMD32                                       r  u_aes_gcm/u_core/u_ghash_request_fifo/mem_reg_0_3_120_125/RAMB/CLK
                         clock pessimism              0.253    -0.592    
    SLICE_X38Y115        RAMD32 (Hold_ramd32_CLK_WADR0)
                                                      0.310    -0.282    u_aes_gcm/u_core/u_ghash_request_fifo/mem_reg_0_3_120_125/RAMB
  -------------------------------------------------------------------
                         required time                          0.282    
                         arrival time                          -0.171    
  -------------------------------------------------------------------
                         slack                                  0.111    

Slack (MET) :             0.111ns  (arrival time - required time)
  Source:                 u_aes_gcm/u_core/u_ghash_request_fifo/wr_ptr_reg[0]/C
                            (rising edge-triggered cell FDRE clocked by core_clk_raw  {rise@0.000ns fall@2.857ns period=5.714ns})
  Destination:            u_aes_gcm/u_core/u_ghash_request_fifo/mem_reg_0_3_120_125/RAMB_D1/WADR0
                            (rising edge-triggered cell RAMD32 clocked by core_clk_raw  {rise@0.000ns fall@2.857ns period=5.714ns})
  Path Group:             core_clk_raw
  Path Type:              Hold (Min at Fast Process Corner)
  Requirement:            0.000ns  (core_clk_raw rise@0.000ns - core_clk_raw rise@0.000ns)
  Data Path Delay:        0.435ns  (logic 0.141ns (32.399%)  route 0.294ns (67.601%))
  Logic Levels:           0  
  Clock Path Skew:        0.014ns (DCD - SCD - CPR)
    Destination Clock Delay (DCD):    -0.845ns
    Source Clock Delay      (SCD):    -0.606ns
    Clock Pessimism Removal (CPR):    -0.253ns

    Location             Delay type                Incr(ns)  Path(ns)    Netlist Resource(s)
  -------------------------------------------------------------------    -------------------
                         (clock core_clk_raw rise edge)
                                                      0.000     0.000 r  
    E3                                                0.000     0.000 r  clk (IN)
                         net (fo=0)                   0.000     0.000    clk
    E3                   IBUF (Prop_ibuf_I_O)         0.250     0.250 r  clk_IBUF_inst/O
                         net (fo=1, routed)           0.440     0.690    clk_IBUF
    MMCME2_ADV_X1Y2      MMCME2_ADV (Prop_mmcme2_adv_CLKIN1_CLKOUT0)
                                                     -2.379    -1.689 r  u_mmcm/CLKOUT0
                         net (fo=1, routed)           0.499    -1.190    core_clk_raw
    BUFGCTRL_X0Y16       BUFG (Prop_bufg_I_O)         0.026    -1.164 r  u_core_clk_buf/O
                         net (fo=11093, routed)       0.558    -0.606    u_aes_gcm/u_core/u_ghash_request_fifo/core_clk
    SLICE_X41Y114        FDRE                                         r  u_aes_gcm/u_core/u_ghash_request_fifo/wr_ptr_reg[0]/C
  -------------------------------------------------------------------    -------------------
    SLICE_X41Y114        FDRE (Prop_fdre_C_Q)         0.141    -0.465 r  u_aes_gcm/u_core/u_ghash_request_fifo/wr_ptr_reg[0]/Q
                         net (fo=178, routed)         0.294    -0.171    u_aes_gcm/u_core/u_ghash_request_fifo/mem_reg_0_3_120_125/ADDRD0
    SLICE_X38Y115        RAMD32                                       r  u_aes_gcm/u_core/u_ghash_request_fifo/mem_reg_0_3_120_125/RAMB_D1/WADR0
  -------------------------------------------------------------------    -------------------

                         (clock core_clk_raw rise edge)
                                                      0.000     0.000 r  
    E3                                                0.000     0.000 r  clk (IN)
                         net (fo=0)                   0.000     0.000    clk
    E3                   IBUF (Prop_ibuf_I_O)         0.438     0.438 r  clk_IBUF_inst/O
                         net (fo=1, routed)           0.480     0.918    clk_IBUF
    MMCME2_ADV_X1Y2      MMCME2_ADV (Prop_mmcme2_adv_CLKIN1_CLKOUT0)
                                                     -3.163    -2.245 r  u_mmcm/CLKOUT0
                         net (fo=1, routed)           0.544    -1.702    core_clk_raw
    BUFGCTRL_X0Y16       BUFG (Prop_bufg_I_O)         0.029    -1.673 r  u_core_clk_buf/O
                         net (fo=11093, routed)       0.828    -0.845    u_aes_gcm/u_core/u_ghash_request_fifo/mem_reg_0_3_120_125/WCLK
    SLICE_X38Y115        RAMD32                                       r  u_aes_gcm/u_core/u_ghash_request_fifo/mem_reg_0_3_120_125/RAMB_D1/CLK
                         clock pessimism              0.253    -0.592    
    SLICE_X38Y115        RAMD32 (Hold_ramd32_CLK_WADR0)
                                                      0.310    -0.282    u_aes_gcm/u_core/u_ghash_request_fifo/mem_reg_0_3_120_125/RAMB_D1
  -------------------------------------------------------------------
                         required time                          0.282    
                         arrival time                          -0.171    
  -------------------------------------------------------------------
                         slack                                  0.111    

Slack (MET) :             0.111ns  (arrival time - required time)
  Source:                 u_aes_gcm/u_core/u_ghash_request_fifo/wr_ptr_reg[0]/C
                            (rising edge-triggered cell FDRE clocked by core_clk_raw  {rise@0.000ns fall@2.857ns period=5.714ns})
  Destination:            u_aes_gcm/u_core/u_ghash_request_fifo/mem_reg_0_3_120_125/RAMC/WADR0
                            (rising edge-triggered cell RAMD32 clocked by core_clk_raw  {rise@0.000ns fall@2.857ns period=5.714ns})
  Path Group:             core_clk_raw
  Path Type:              Hold (Min at Fast Process Corner)
  Requirement:            0.000ns  (core_clk_raw rise@0.000ns - core_clk_raw rise@0.000ns)
  Data Path Delay:        0.435ns  (logic 0.141ns (32.399%)  route 0.294ns (67.601%))
  Logic Levels:           0  
  Clock Path Skew:        0.014ns (DCD - SCD - CPR)
    Destination Clock Delay (DCD):    -0.845ns
    Source Clock Delay      (SCD):    -0.606ns
    Clock Pessimism Removal (CPR):    -0.253ns

    Location             Delay type                Incr(ns)  Path(ns)    Netlist Resource(s)
  -------------------------------------------------------------------    -------------------
                         (clock core_clk_raw rise edge)
                                                      0.000     0.000 r  
    E3                                                0.000     0.000 r  clk (IN)
                         net (fo=0)                   0.000     0.000    clk
    E3                   IBUF (Prop_ibuf_I_O)         0.250     0.250 r  clk_IBUF_inst/O
                         net (fo=1, routed)           0.440     0.690    clk_IBUF
    MMCME2_ADV_X1Y2      MMCME2_ADV (Prop_mmcme2_adv_CLKIN1_CLKOUT0)
                                                     -2.379    -1.689 r  u_mmcm/CLKOUT0
                         net (fo=1, routed)           0.499    -1.190    core_clk_raw
    BUFGCTRL_X0Y16       BUFG (Prop_bufg_I_O)         0.026    -1.164 r  u_core_clk_buf/O
                         net (fo=11093, routed)       0.558    -0.606    u_aes_gcm/u_core/u_ghash_request_fifo/core_clk
    SLICE_X41Y114        FDRE                                         r  u_aes_gcm/u_core/u_ghash_request_fifo/wr_ptr_reg[0]/C
  -------------------------------------------------------------------    -------------------
    SLICE_X41Y114        FDRE (Prop_fdre_C_Q)         0.141    -0.465 r  u_aes_gcm/u_core/u_ghash_request_fifo/wr_ptr_reg[0]/Q
                         net (fo=178, routed)         0.294    -0.171    u_aes_gcm/u_core/u_ghash_request_fifo/mem_reg_0_3_120_125/ADDRD0
    SLICE_X38Y115        RAMD32                                       r  u_aes_gcm/u_core/u_ghash_request_fifo/mem_reg_0_3_120_125/RAMC/WADR0
  -------------------------------------------------------------------    -------------------

                         (clock core_clk_raw rise edge)
                                                      0.000     0.000 r  
    E3                                                0.000     0.000 r  clk (IN)
                         net (fo=0)                   0.000     0.000    clk
    E3                   IBUF (Prop_ibuf_I_O)         0.438     0.438 r  clk_IBUF_inst/O
                         net (fo=1, routed)           0.480     0.918    clk_IBUF
    MMCME2_ADV_X1Y2      MMCME2_ADV (Prop_mmcme2_adv_CLKIN1_CLKOUT0)
                                                     -3.163    -2.245 r  u_mmcm/CLKOUT0
                         net (fo=1, routed)           0.544    -1.702    core_clk_raw
    BUFGCTRL_X0Y16       BUFG (Prop_bufg_I_O)         0.029    -1.673 r  u_core_clk_buf/O
                         net (fo=11093, routed)       0.828    -0.845    u_aes_gcm/u_core/u_ghash_request_fifo/mem_reg_0_3_120_125/WCLK
    SLICE_X38Y115        RAMD32                                       r  u_aes_gcm/u_core/u_ghash_request_fifo/mem_reg_0_3_120_125/RAMC/CLK
                         clock pessimism              0.253    -0.592    
    SLICE_X38Y115        RAMD32 (Hold_ramd32_CLK_WADR0)
                                                      0.310    -0.282    u_aes_gcm/u_core/u_ghash_request_fifo/mem_reg_0_3_120_125/RAMC
  -------------------------------------------------------------------
                         required time                          0.282    
                         arrival time                          -0.171    
  -------------------------------------------------------------------
                         slack                                  0.111    

Slack (MET) :             0.111ns  (arrival time - required time)
  Source:                 u_aes_gcm/u_core/u_ghash_request_fifo/wr_ptr_reg[0]/C
                            (rising edge-triggered cell FDRE clocked by core_clk_raw  {rise@0.000ns fall@2.857ns period=5.714ns})
  Destination:            u_aes_gcm/u_core/u_ghash_request_fifo/mem_reg_0_3_120_125/RAMC_D1/WADR0
                            (rising edge-triggered cell RAMD32 clocked by core_clk_raw  {rise@0.000ns fall@2.857ns period=5.714ns})
  Path Group:             core_clk_raw
  Path Type:              Hold (Min at Fast Process Corner)
  Requirement:            0.000ns  (core_clk_raw rise@0.000ns - core_clk_raw rise@0.000ns)
  Data Path Delay:        0.435ns  (logic 0.141ns (32.399%)  route 0.294ns (67.601%))
  Logic Levels:           0  
  Clock Path Skew:        0.014ns (DCD - SCD - CPR)
    Destination Clock Delay (DCD):    -0.845ns
    Source Clock Delay      (SCD):    -0.606ns
    Clock Pessimism Removal (CPR):    -0.253ns

    Location             Delay type                Incr(ns)  Path(ns)    Netlist Resource(s)
  -------------------------------------------------------------------    -------------------
                         (clock core_clk_raw rise edge)
                                                      0.000     0.000 r  
    E3                                                0.000     0.000 r  clk (IN)
                         net (fo=0)                   0.000     0.000    clk
    E3                   IBUF (Prop_ibuf_I_O)         0.250     0.250 r  clk_IBUF_inst/O
                         net (fo=1, routed)           0.440     0.690    clk_IBUF
    MMCME2_ADV_X1Y2      MMCME2_ADV (Prop_mmcme2_adv_CLKIN1_CLKOUT0)
                                                     -2.379    -1.689 r  u_mmcm/CLKOUT0
                         net (fo=1, routed)           0.499    -1.190    core_clk_raw
    BUFGCTRL_X0Y16       BUFG (Prop_bufg_I_O)         0.026    -1.164 r  u_core_clk_buf/O
                         net (fo=11093, routed)       0.558    -0.606    u_aes_gcm/u_core/u_ghash_request_fifo/core_clk
    SLICE_X41Y114        FDRE                                         r  u_aes_gcm/u_core/u_ghash_request_fifo/wr_ptr_reg[0]/C
  -------------------------------------------------------------------    -------------------
    SLICE_X41Y114        FDRE (Prop_fdre_C_Q)         0.141    -0.465 r  u_aes_gcm/u_core/u_ghash_request_fifo/wr_ptr_reg[0]/Q
                         net (fo=178, routed)         0.294    -0.171    u_aes_gcm/u_core/u_ghash_request_fifo/mem_reg_0_3_120_125/ADDRD0
    SLICE_X38Y115        RAMD32                                       r  u_aes_gcm/u_core/u_ghash_request_fifo/mem_reg_0_3_120_125/RAMC_D1/WADR0
  -------------------------------------------------------------------    -------------------

                         (clock core_clk_raw rise edge)
                                                      0.000     0.000 r  
    E3                                                0.000     0.000 r  clk (IN)
                         net (fo=0)                   0.000     0.000    clk
    E3                   IBUF (Prop_ibuf_I_O)         0.438     0.438 r  clk_IBUF_inst/O
                         net (fo=1, routed)           0.480     0.918    clk_IBUF
    MMCME2_ADV_X1Y2      MMCME2_ADV (Prop_mmcme2_adv_CLKIN1_CLKOUT0)
                                                     -3.163    -2.245 r  u_mmcm/CLKOUT0
                         net (fo=1, routed)           0.544    -1.702    core_clk_raw
    BUFGCTRL_X0Y16       BUFG (Prop_bufg_I_O)         0.029    -1.673 r  u_core_clk_buf/O
                         net (fo=11093, routed)       0.828    -0.845    u_aes_gcm/u_core/u_ghash_request_fifo/mem_reg_0_3_120_125/WCLK
    SLICE_X38Y115        RAMD32                                       r  u_aes_gcm/u_core/u_ghash_request_fifo/mem_reg_0_3_120_125/RAMC_D1/CLK
                         clock pessimism              0.253    -0.592    
    SLICE_X38Y115        RAMD32 (Hold_ramd32_CLK_WADR0)
                                                      0.310    -0.282    u_aes_gcm/u_core/u_ghash_request_fifo/mem_reg_0_3_120_125/RAMC_D1
  -------------------------------------------------------------------
                         required time                          0.282    
                         arrival time                          -0.171    
  -------------------------------------------------------------------
                         slack                                  0.111    

Slack (MET) :             0.111ns  (arrival time - required time)
  Source:                 u_aes_gcm/u_core/u_ghash_request_fifo/wr_ptr_reg[0]/C
                            (rising edge-triggered cell FDRE clocked by core_clk_raw  {rise@0.000ns fall@2.857ns period=5.714ns})
  Destination:            u_aes_gcm/u_core/u_ghash_request_fifo/mem_reg_0_3_120_125/RAMD/ADR0
                            (rising edge-triggered cell RAMS32 clocked by core_clk_raw  {rise@0.000ns fall@2.857ns period=5.714ns})
  Path Group:             core_clk_raw
  Path Type:              Hold (Min at Fast Process Corner)
  Requirement:            0.000ns  (core_clk_raw rise@0.000ns - core_clk_raw rise@0.000ns)
  Data Path Delay:        0.435ns  (logic 0.141ns (32.399%)  route 0.294ns (67.601%))
  Logic Levels:           0  
  Clock Path Skew:        0.014ns (DCD - SCD - CPR)
    Destination Clock Delay (DCD):    -0.845ns
    Source Clock Delay      (SCD):    -0.606ns
    Clock Pessimism Removal (CPR):    -0.253ns

    Location             Delay type                Incr(ns)  Path(ns)    Netlist Resource(s)
  -------------------------------------------------------------------    -------------------
                         (clock core_clk_raw rise edge)
                                                      0.000     0.000 r  
    E3                                                0.000     0.000 r  clk (IN)
                         net (fo=0)                   0.000     0.000    clk
    E3                   IBUF (Prop_ibuf_I_O)         0.250     0.250 r  clk_IBUF_inst/O
                         net (fo=1, routed)           0.440     0.690    clk_IBUF
    MMCME2_ADV_X1Y2      MMCME2_ADV (Prop_mmcme2_adv_CLKIN1_CLKOUT0)
                                                     -2.379    -1.689 r  u_mmcm/CLKOUT0
                         net (fo=1, routed)           0.499    -1.190    core_clk_raw
    BUFGCTRL_X0Y16       BUFG (Prop_bufg_I_O)         0.026    -1.164 r  u_core_clk_buf/O
                         net (fo=11093, routed)       0.558    -0.606    u_aes_gcm/u_core/u_ghash_request_fifo/core_clk
    SLICE_X41Y114        FDRE                                         r  u_aes_gcm/u_core/u_ghash_request_fifo/wr_ptr_reg[0]/C
  -------------------------------------------------------------------    -------------------
    SLICE_X41Y114        FDRE (Prop_fdre_C_Q)         0.141    -0.465 r  u_aes_gcm/u_core/u_ghash_request_fifo/wr_ptr_reg[0]/Q
                         net (fo=178, routed)         0.294    -0.171    u_aes_gcm/u_core/u_ghash_request_fifo/mem_reg_0_3_120_125/ADDRD0
    SLICE_X38Y115        RAMS32                                       r  u_aes_gcm/u_core/u_ghash_request_fifo/mem_reg_0_3_120_125/RAMD/ADR0
  -------------------------------------------------------------------    -------------------

                         (clock core_clk_raw rise edge)
                                                      0.000     0.000 r  
    E3                                                0.000     0.000 r  clk (IN)
                         net (fo=0)                   0.000     0.000    clk
    E3                   IBUF (Prop_ibuf_I_O)         0.438     0.438 r  clk_IBUF_inst/O
                         net (fo=1, routed)           0.480     0.918    clk_IBUF
    MMCME2_ADV_X1Y2      MMCME2_ADV (Prop_mmcme2_adv_CLKIN1_CLKOUT0)
                                                     -3.163    -2.245 r  u_mmcm/CLKOUT0
                         net (fo=1, routed)           0.544    -1.702    core_clk_raw
    BUFGCTRL_X0Y16       BUFG (Prop_bufg_I_O)         0.029    -1.673 r  u_core_clk_buf/O
                         net (fo=11093, routed)       0.828    -0.845    u_aes_gcm/u_core/u_ghash_request_fifo/mem_reg_0_3_120_125/WCLK
    SLICE_X38Y115        RAMS32                                       r  u_aes_gcm/u_core/u_ghash_request_fifo/mem_reg_0_3_120_125/RAMD/CLK
                         clock pessimism              0.253    -0.592    
    SLICE_X38Y115        RAMS32 (Hold_rams32_CLK_ADR0)
                                                      0.310    -0.282    u_aes_gcm/u_core/u_ghash_request_fifo/mem_reg_0_3_120_125/RAMD
  -------------------------------------------------------------------
                         required time                          0.282    
                         arrival time                          -0.171    
  -------------------------------------------------------------------
                         slack                                  0.111    

Slack (MET) :             0.111ns  (arrival time - required time)
  Source:                 u_aes_gcm/u_core/u_ghash_request_fifo/wr_ptr_reg[0]/C
                            (rising edge-triggered cell FDRE clocked by core_clk_raw  {rise@0.000ns fall@2.857ns period=5.714ns})
  Destination:            u_aes_gcm/u_core/u_ghash_request_fifo/mem_reg_0_3_120_125/RAMD_D1/ADR0
                            (rising edge-triggered cell RAMS32 clocked by core_clk_raw  {rise@0.000ns fall@2.857ns period=5.714ns})
  Path Group:             core_clk_raw
  Path Type:              Hold (Min at Fast Process Corner)
  Requirement:            0.000ns  (core_clk_raw rise@0.000ns - core_clk_raw rise@0.000ns)
  Data Path Delay:        0.435ns  (logic 0.141ns (32.399%)  route 0.294ns (67.601%))
  Logic Levels:           0  
  Clock Path Skew:        0.014ns (DCD - SCD - CPR)
    Destination Clock Delay (DCD):    -0.845ns
    Source Clock Delay      (SCD):    -0.606ns
    Clock Pessimism Removal (CPR):    -0.253ns

    Location             Delay type                Incr(ns)  Path(ns)    Netlist Resource(s)
  -------------------------------------------------------------------    -------------------
                         (clock core_clk_raw rise edge)
                                                      0.000     0.000 r  
    E3                                                0.000     0.000 r  clk (IN)
                         net (fo=0)                   0.000     0.000    clk
    E3                   IBUF (Prop_ibuf_I_O)         0.250     0.250 r  clk_IBUF_inst/O
                         net (fo=1, routed)           0.440     0.690    clk_IBUF
    MMCME2_ADV_X1Y2      MMCME2_ADV (Prop_mmcme2_adv_CLKIN1_CLKOUT0)
                                                     -2.379    -1.689 r  u_mmcm/CLKOUT0
                         net (fo=1, routed)           0.499    -1.190    core_clk_raw
    BUFGCTRL_X0Y16       BUFG (Prop_bufg_I_O)         0.026    -1.164 r  u_core_clk_buf/O
                         net (fo=11093, routed)       0.558    -0.606    u_aes_gcm/u_core/u_ghash_request_fifo/core_clk
    SLICE_X41Y114        FDRE                                         r  u_aes_gcm/u_core/u_ghash_request_fifo/wr_ptr_reg[0]/C
  -------------------------------------------------------------------    -------------------
    SLICE_X41Y114        FDRE (Prop_fdre_C_Q)         0.141    -0.465 r  u_aes_gcm/u_core/u_ghash_request_fifo/wr_ptr_reg[0]/Q
                         net (fo=178, routed)         0.294    -0.171    u_aes_gcm/u_core/u_ghash_request_fifo/mem_reg_0_3_120_125/ADDRD0
    SLICE_X38Y115        RAMS32                                       r  u_aes_gcm/u_core/u_ghash_request_fifo/mem_reg_0_3_120_125/RAMD_D1/ADR0
  -------------------------------------------------------------------    -------------------

                         (clock core_clk_raw rise edge)
                                                      0.000     0.000 r  
    E3                                                0.000     0.000 r  clk (IN)
                         net (fo=0)                   0.000     0.000    clk
    E3                   IBUF (Prop_ibuf_I_O)         0.438     0.438 r  clk_IBUF_inst/O
                         net (fo=1, routed)           0.480     0.918    clk_IBUF
    MMCME2_ADV_X1Y2      MMCME2_ADV (Prop_mmcme2_adv_CLKIN1_CLKOUT0)
                                                     -3.163    -2.245 r  u_mmcm/CLKOUT0
                         net (fo=1, routed)           0.544    -1.702    core_clk_raw
    BUFGCTRL_X0Y16       BUFG (Prop_bufg_I_O)         0.029    -1.673 r  u_core_clk_buf/O
                         net (fo=11093, routed)       0.828    -0.845    u_aes_gcm/u_core/u_ghash_request_fifo/mem_reg_0_3_120_125/WCLK
    SLICE_X38Y115        RAMS32                                       r  u_aes_gcm/u_core/u_ghash_request_fifo/mem_reg_0_3_120_125/RAMD_D1/CLK
                         clock pessimism              0.253    -0.592    
    SLICE_X38Y115        RAMS32 (Hold_rams32_CLK_ADR0)
                                                      0.310    -0.282    u_aes_gcm/u_core/u_ghash_request_fifo/mem_reg_0_3_120_125/RAMD_D1
  -------------------------------------------------------------------
                         required time                          0.282    
                         arrival time                          -0.171    
  -------------------------------------------------------------------
                         slack                                  0.111    

Slack (MET) :             0.112ns  (arrival time - required time)
  Source:                 u_aes_gcm/u_core/u_aes_meta_fifo/wr_ptr_reg[1]/C
                            (rising edge-triggered cell FDRE clocked by core_clk_raw  {rise@0.000ns fall@2.857ns period=5.714ns})
  Destination:            u_aes_gcm/u_core/u_aes_meta_fifo/mem_reg_0_3_0_5/RAMA/WADR1
                            (rising edge-triggered cell RAMD32 clocked by core_clk_raw  {rise@0.000ns fall@2.857ns period=5.714ns})
  Path Group:             core_clk_raw
  Path Type:              Hold (Min at Fast Process Corner)
  Requirement:            0.000ns  (core_clk_raw rise@0.000ns - core_clk_raw rise@0.000ns)
  Data Path Delay:        0.403ns  (logic 0.128ns (31.753%)  route 0.275ns (68.247%))
  Logic Levels:           0  
  Clock Path Skew:        0.035ns (DCD - SCD - CPR)
    Destination Clock Delay (DCD):    -0.840ns
    Source Clock Delay      (SCD):    -0.600ns
    Clock Pessimism Removal (CPR):    -0.275ns

    Location             Delay type                Incr(ns)  Path(ns)    Netlist Resource(s)
  -------------------------------------------------------------------    -------------------
                         (clock core_clk_raw rise edge)
                                                      0.000     0.000 r  
    E3                                                0.000     0.000 r  clk (IN)
                         net (fo=0)                   0.000     0.000    clk
    E3                   IBUF (Prop_ibuf_I_O)         0.250     0.250 r  clk_IBUF_inst/O
                         net (fo=1, routed)           0.440     0.690    clk_IBUF
    MMCME2_ADV_X1Y2      MMCME2_ADV (Prop_mmcme2_adv_CLKIN1_CLKOUT0)
                                                     -2.379    -1.689 r  u_mmcm/CLKOUT0
                         net (fo=1, routed)           0.499    -1.190    core_clk_raw
    BUFGCTRL_X0Y16       BUFG (Prop_bufg_I_O)         0.026    -1.164 r  u_core_clk_buf/O
                         net (fo=11093, routed)       0.564    -0.600    u_aes_gcm/u_core/u_aes_meta_fifo/core_clk
    SLICE_X33Y140        FDRE                                         r  u_aes_gcm/u_core/u_aes_meta_fifo/wr_ptr_reg[1]/C
  -------------------------------------------------------------------    -------------------
    SLICE_X33Y140        FDRE (Prop_fdre_C_Q)         0.128    -0.472 r  u_aes_gcm/u_core/u_aes_meta_fifo/wr_ptr_reg[1]/Q
                         net (fo=25, routed)          0.275    -0.197    u_aes_gcm/u_core/u_aes_meta_fifo/mem_reg_0_3_0_5/ADDRD1
    SLICE_X34Y139        RAMD32                                       r  u_aes_gcm/u_core/u_aes_meta_fifo/mem_reg_0_3_0_5/RAMA/WADR1
  -------------------------------------------------------------------    -------------------

                         (clock core_clk_raw rise edge)
                                                      0.000     0.000 r  
    E3                                                0.000     0.000 r  clk (IN)
                         net (fo=0)                   0.000     0.000    clk
    E3                   IBUF (Prop_ibuf_I_O)         0.438     0.438 r  clk_IBUF_inst/O
                         net (fo=1, routed)           0.480     0.918    clk_IBUF
    MMCME2_ADV_X1Y2      MMCME2_ADV (Prop_mmcme2_adv_CLKIN1_CLKOUT0)
                                                     -3.163    -2.245 r  u_mmcm/CLKOUT0
                         net (fo=1, routed)           0.544    -1.702    core_clk_raw
    BUFGCTRL_X0Y16       BUFG (Prop_bufg_I_O)         0.029    -1.673 r  u_core_clk_buf/O
                         net (fo=11093, routed)       0.833    -0.840    u_aes_gcm/u_core/u_aes_meta_fifo/mem_reg_0_3_0_5/WCLK
    SLICE_X34Y139        RAMD32                                       r  u_aes_gcm/u_core/u_aes_meta_fifo/mem_reg_0_3_0_5/RAMA/CLK
                         clock pessimism              0.275    -0.565    
    SLICE_X34Y139        RAMD32 (Hold_ramd32_CLK_WADR1)
                                                      0.256    -0.309    u_aes_gcm/u_core/u_aes_meta_fifo/mem_reg_0_3_0_5/RAMA
  -------------------------------------------------------------------
                         required time                          0.309    
                         arrival time                          -0.197    
  -------------------------------------------------------------------
                         slack                                  0.112    

Slack (MET) :             0.112ns  (arrival time - required time)
  Source:                 u_aes_gcm/u_core/u_aes_meta_fifo/wr_ptr_reg[1]/C
                            (rising edge-triggered cell FDRE clocked by core_clk_raw  {rise@0.000ns fall@2.857ns period=5.714ns})
  Destination:            u_aes_gcm/u_core/u_aes_meta_fifo/mem_reg_0_3_0_5/RAMA_D1/WADR1
                            (rising edge-triggered cell RAMD32 clocked by core_clk_raw  {rise@0.000ns fall@2.857ns period=5.714ns})
  Path Group:             core_clk_raw
  Path Type:              Hold (Min at Fast Process Corner)
  Requirement:            0.000ns  (core_clk_raw rise@0.000ns - core_clk_raw rise@0.000ns)
  Data Path Delay:        0.403ns  (logic 0.128ns (31.753%)  route 0.275ns (68.247%))
  Logic Levels:           0  
  Clock Path Skew:        0.035ns (DCD - SCD - CPR)
    Destination Clock Delay (DCD):    -0.840ns
    Source Clock Delay      (SCD):    -0.600ns
    Clock Pessimism Removal (CPR):    -0.275ns

    Location             Delay type                Incr(ns)  Path(ns)    Netlist Resource(s)
  -------------------------------------------------------------------    -------------------
                         (clock core_clk_raw rise edge)
                                                      0.000     0.000 r  
    E3                                                0.000     0.000 r  clk (IN)
                         net (fo=0)                   0.000     0.000    clk
    E3                   IBUF (Prop_ibuf_I_O)         0.250     0.250 r  clk_IBUF_inst/O
                         net (fo=1, routed)           0.440     0.690    clk_IBUF
    MMCME2_ADV_X1Y2      MMCME2_ADV (Prop_mmcme2_adv_CLKIN1_CLKOUT0)
                                                     -2.379    -1.689 r  u_mmcm/CLKOUT0
                         net (fo=1, routed)           0.499    -1.190    core_clk_raw
    BUFGCTRL_X0Y16       BUFG (Prop_bufg_I_O)         0.026    -1.164 r  u_core_clk_buf/O
                         net (fo=11093, routed)       0.564    -0.600    u_aes_gcm/u_core/u_aes_meta_fifo/core_clk
    SLICE_X33Y140        FDRE                                         r  u_aes_gcm/u_core/u_aes_meta_fifo/wr_ptr_reg[1]/C
  -------------------------------------------------------------------    -------------------
    SLICE_X33Y140        FDRE (Prop_fdre_C_Q)         0.128    -0.472 r  u_aes_gcm/u_core/u_aes_meta_fifo/wr_ptr_reg[1]/Q
                         net (fo=25, routed)          0.275    -0.197    u_aes_gcm/u_core/u_aes_meta_fifo/mem_reg_0_3_0_5/ADDRD1
    SLICE_X34Y139        RAMD32                                       r  u_aes_gcm/u_core/u_aes_meta_fifo/mem_reg_0_3_0_5/RAMA_D1/WADR1
  -------------------------------------------------------------------    -------------------

                         (clock core_clk_raw rise edge)
                                                      0.000     0.000 r  
    E3                                                0.000     0.000 r  clk (IN)
                         net (fo=0)                   0.000     0.000    clk
    E3                   IBUF (Prop_ibuf_I_O)         0.438     0.438 r  clk_IBUF_inst/O
                         net (fo=1, routed)           0.480     0.918    clk_IBUF
    MMCME2_ADV_X1Y2      MMCME2_ADV (Prop_mmcme2_adv_CLKIN1_CLKOUT0)
                                                     -3.163    -2.245 r  u_mmcm/CLKOUT0
                         net (fo=1, routed)           0.544    -1.702    core_clk_raw
    BUFGCTRL_X0Y16       BUFG (Prop_bufg_I_O)         0.029    -1.673 r  u_core_clk_buf/O
                         net (fo=11093, routed)       0.833    -0.840    u_aes_gcm/u_core/u_aes_meta_fifo/mem_reg_0_3_0_5/WCLK
    SLICE_X34Y139        RAMD32                                       r  u_aes_gcm/u_core/u_aes_meta_fifo/mem_reg_0_3_0_5/RAMA_D1/CLK
                         clock pessimism              0.275    -0.565    
    SLICE_X34Y139        RAMD32 (Hold_ramd32_CLK_WADR1)
                                                      0.256    -0.309    u_aes_gcm/u_core/u_aes_meta_fifo/mem_reg_0_3_0_5/RAMA_D1
  -------------------------------------------------------------------
                         required time                          0.309    
                         arrival time                          -0.197    
  -------------------------------------------------------------------
                         slack                                  0.112    

Slack (MET) :             0.112ns  (arrival time - required time)
  Source:                 u_aes_gcm/u_core/u_aes_meta_fifo/wr_ptr_reg[1]/C
                            (rising edge-triggered cell FDRE clocked by core_clk_raw  {rise@0.000ns fall@2.857ns period=5.714ns})
  Destination:            u_aes_gcm/u_core/u_aes_meta_fifo/mem_reg_0_3_0_5/RAMB/WADR1
                            (rising edge-triggered cell RAMD32 clocked by core_clk_raw  {rise@0.000ns fall@2.857ns period=5.714ns})
  Path Group:             core_clk_raw
  Path Type:              Hold (Min at Fast Process Corner)
  Requirement:            0.000ns  (core_clk_raw rise@0.000ns - core_clk_raw rise@0.000ns)
  Data Path Delay:        0.403ns  (logic 0.128ns (31.753%)  route 0.275ns (68.247%))
  Logic Levels:           0  
  Clock Path Skew:        0.035ns (DCD - SCD - CPR)
    Destination Clock Delay (DCD):    -0.840ns
    Source Clock Delay      (SCD):    -0.600ns
    Clock Pessimism Removal (CPR):    -0.275ns

    Location             Delay type                Incr(ns)  Path(ns)    Netlist Resource(s)
  -------------------------------------------------------------------    -------------------
                         (clock core_clk_raw rise edge)
                                                      0.000     0.000 r  
    E3                                                0.000     0.000 r  clk (IN)
                         net (fo=0)                   0.000     0.000    clk
    E3                   IBUF (Prop_ibuf_I_O)         0.250     0.250 r  clk_IBUF_inst/O
                         net (fo=1, routed)           0.440     0.690    clk_IBUF
    MMCME2_ADV_X1Y2      MMCME2_ADV (Prop_mmcme2_adv_CLKIN1_CLKOUT0)
                                                     -2.379    -1.689 r  u_mmcm/CLKOUT0
                         net (fo=1, routed)           0.499    -1.190    core_clk_raw
    BUFGCTRL_X0Y16       BUFG (Prop_bufg_I_O)         0.026    -1.164 r  u_core_clk_buf/O
                         net (fo=11093, routed)       0.564    -0.600    u_aes_gcm/u_core/u_aes_meta_fifo/core_clk
    SLICE_X33Y140        FDRE                                         r  u_aes_gcm/u_core/u_aes_meta_fifo/wr_ptr_reg[1]/C
  -------------------------------------------------------------------    -------------------
    SLICE_X33Y140        FDRE (Prop_fdre_C_Q)         0.128    -0.472 r  u_aes_gcm/u_core/u_aes_meta_fifo/wr_ptr_reg[1]/Q
                         net (fo=25, routed)          0.275    -0.197    u_aes_gcm/u_core/u_aes_meta_fifo/mem_reg_0_3_0_5/ADDRD1
    SLICE_X34Y139        RAMD32                                       r  u_aes_gcm/u_core/u_aes_meta_fifo/mem_reg_0_3_0_5/RAMB/WADR1
  -------------------------------------------------------------------    -------------------

                         (clock core_clk_raw rise edge)
                                                      0.000     0.000 r  
    E3                                                0.000     0.000 r  clk (IN)
                         net (fo=0)                   0.000     0.000    clk
    E3                   IBUF (Prop_ibuf_I_O)         0.438     0.438 r  clk_IBUF_inst/O
                         net (fo=1, routed)           0.480     0.918    clk_IBUF
    MMCME2_ADV_X1Y2      MMCME2_ADV (Prop_mmcme2_adv_CLKIN1_CLKOUT0)
                                                     -3.163    -2.245 r  u_mmcm/CLKOUT0
                         net (fo=1, routed)           0.544    -1.702    core_clk_raw
    BUFGCTRL_X0Y16       BUFG (Prop_bufg_I_O)         0.029    -1.673 r  u_core_clk_buf/O
                         net (fo=11093, routed)       0.833    -0.840    u_aes_gcm/u_core/u_aes_meta_fifo/mem_reg_0_3_0_5/WCLK
    SLICE_X34Y139        RAMD32                                       r  u_aes_gcm/u_core/u_aes_meta_fifo/mem_reg_0_3_0_5/RAMB/CLK
                         clock pessimism              0.275    -0.565    
    SLICE_X34Y139        RAMD32 (Hold_ramd32_CLK_WADR1)
                                                      0.256    -0.309    u_aes_gcm/u_core/u_aes_meta_fifo/mem_reg_0_3_0_5/RAMB
  -------------------------------------------------------------------
                         required time                          0.309    
                         arrival time                          -0.197    
  -------------------------------------------------------------------
                         slack                                  0.112    

Slack (MET) :             0.112ns  (arrival time - required time)
  Source:                 u_aes_gcm/u_core/u_aes_meta_fifo/wr_ptr_reg[1]/C
                            (rising edge-triggered cell FDRE clocked by core_clk_raw  {rise@0.000ns fall@2.857ns period=5.714ns})
  Destination:            u_aes_gcm/u_core/u_aes_meta_fifo/mem_reg_0_3_0_5/RAMB_D1/WADR1
                            (rising edge-triggered cell RAMD32 clocked by core_clk_raw  {rise@0.000ns fall@2.857ns period=5.714ns})
  Path Group:             core_clk_raw
  Path Type:              Hold (Min at Fast Process Corner)
  Requirement:            0.000ns  (core_clk_raw rise@0.000ns - core_clk_raw rise@0.000ns)
  Data Path Delay:        0.403ns  (logic 0.128ns (31.753%)  route 0.275ns (68.247%))
  Logic Levels:           0  
  Clock Path Skew:        0.035ns (DCD - SCD - CPR)
    Destination Clock Delay (DCD):    -0.840ns
    Source Clock Delay      (SCD):    -0.600ns
    Clock Pessimism Removal (CPR):    -0.275ns

    Location             Delay type                Incr(ns)  Path(ns)    Netlist Resource(s)
  -------------------------------------------------------------------    -------------------
                         (clock core_clk_raw rise edge)
                                                      0.000     0.000 r  
    E3                                                0.000     0.000 r  clk (IN)
                         net (fo=0)                   0.000     0.000    clk
    E3                   IBUF (Prop_ibuf_I_O)         0.250     0.250 r  clk_IBUF_inst/O
                         net (fo=1, routed)           0.440     0.690    clk_IBUF
    MMCME2_ADV_X1Y2      MMCME2_ADV (Prop_mmcme2_adv_CLKIN1_CLKOUT0)
                                                     -2.379    -1.689 r  u_mmcm/CLKOUT0
                         net (fo=1, routed)           0.499    -1.190    core_clk_raw
    BUFGCTRL_X0Y16       BUFG (Prop_bufg_I_O)         0.026    -1.164 r  u_core_clk_buf/O
                         net (fo=11093, routed)       0.564    -0.600    u_aes_gcm/u_core/u_aes_meta_fifo/core_clk
    SLICE_X33Y140        FDRE                                         r  u_aes_gcm/u_core/u_aes_meta_fifo/wr_ptr_reg[1]/C
  -------------------------------------------------------------------    -------------------
    SLICE_X33Y140        FDRE (Prop_fdre_C_Q)         0.128    -0.472 r  u_aes_gcm/u_core/u_aes_meta_fifo/wr_ptr_reg[1]/Q
                         net (fo=25, routed)          0.275    -0.197    u_aes_gcm/u_core/u_aes_meta_fifo/mem_reg_0_3_0_5/ADDRD1
    SLICE_X34Y139        RAMD32                                       r  u_aes_gcm/u_core/u_aes_meta_fifo/mem_reg_0_3_0_5/RAMB_D1/WADR1
  -------------------------------------------------------------------    -------------------

                         (clock core_clk_raw rise edge)
                                                      0.000     0.000 r  
    E3                                                0.000     0.000 r  clk (IN)
                         net (fo=0)                   0.000     0.000    clk
    E3                   IBUF (Prop_ibuf_I_O)         0.438     0.438 r  clk_IBUF_inst/O
                         net (fo=1, routed)           0.480     0.918    clk_IBUF
    MMCME2_ADV_X1Y2      MMCME2_ADV (Prop_mmcme2_adv_CLKIN1_CLKOUT0)
                                                     -3.163    -2.245 r  u_mmcm/CLKOUT0
                         net (fo=1, routed)           0.544    -1.702    core_clk_raw
    BUFGCTRL_X0Y16       BUFG (Prop_bufg_I_O)         0.029    -1.673 r  u_core_clk_buf/O
                         net (fo=11093, routed)       0.833    -0.840    u_aes_gcm/u_core/u_aes_meta_fifo/mem_reg_0_3_0_5/WCLK
    SLICE_X34Y139        RAMD32                                       r  u_aes_gcm/u_core/u_aes_meta_fifo/mem_reg_0_3_0_5/RAMB_D1/CLK
                         clock pessimism              0.275    -0.565    
    SLICE_X34Y139        RAMD32 (Hold_ramd32_CLK_WADR1)
                                                      0.256    -0.309    u_aes_gcm/u_core/u_aes_meta_fifo/mem_reg_0_3_0_5/RAMB_D1
  -------------------------------------------------------------------
                         required time                          0.309    
                         arrival time                          -0.197    
  -------------------------------------------------------------------
                         slack                                  0.112    

Slack (MET) :             0.112ns  (arrival time - required time)
  Source:                 u_aes_gcm/u_core/u_aes_meta_fifo/wr_ptr_reg[1]/C
                            (rising edge-triggered cell FDRE clocked by core_clk_raw  {rise@0.000ns fall@2.857ns period=5.714ns})
  Destination:            u_aes_gcm/u_core/u_aes_meta_fifo/mem_reg_0_3_0_5/RAMC/WADR1
                            (rising edge-triggered cell RAMD32 clocked by core_clk_raw  {rise@0.000ns fall@2.857ns period=5.714ns})
  Path Group:             core_clk_raw
  Path Type:              Hold (Min at Fast Process Corner)
  Requirement:            0.000ns  (core_clk_raw rise@0.000ns - core_clk_raw rise@0.000ns)
  Data Path Delay:        0.403ns  (logic 0.128ns (31.753%)  route 0.275ns (68.247%))
  Logic Levels:           0  
  Clock Path Skew:        0.035ns (DCD - SCD - CPR)
    Destination Clock Delay (DCD):    -0.840ns
    Source Clock Delay      (SCD):    -0.600ns
    Clock Pessimism Removal (CPR):    -0.275ns

    Location             Delay type                Incr(ns)  Path(ns)    Netlist Resource(s)
  -------------------------------------------------------------------    -------------------
                         (clock core_clk_raw rise edge)
                                                      0.000     0.000 r  
    E3                                                0.000     0.000 r  clk (IN)
                         net (fo=0)                   0.000     0.000    clk
    E3                   IBUF (Prop_ibuf_I_O)         0.250     0.250 r  clk_IBUF_inst/O
                         net (fo=1, routed)           0.440     0.690    clk_IBUF
    MMCME2_ADV_X1Y2      MMCME2_ADV (Prop_mmcme2_adv_CLKIN1_CLKOUT0)
                                                     -2.379    -1.689 r  u_mmcm/CLKOUT0
                         net (fo=1, routed)           0.499    -1.190    core_clk_raw
    BUFGCTRL_X0Y16       BUFG (Prop_bufg_I_O)         0.026    -1.164 r  u_core_clk_buf/O
                         net (fo=11093, routed)       0.564    -0.600    u_aes_gcm/u_core/u_aes_meta_fifo/core_clk
    SLICE_X33Y140        FDRE                                         r  u_aes_gcm/u_core/u_aes_meta_fifo/wr_ptr_reg[1]/C
  -------------------------------------------------------------------    -------------------
    SLICE_X33Y140        FDRE (Prop_fdre_C_Q)         0.128    -0.472 r  u_aes_gcm/u_core/u_aes_meta_fifo/wr_ptr_reg[1]/Q
                         net (fo=25, routed)          0.275    -0.197    u_aes_gcm/u_core/u_aes_meta_fifo/mem_reg_0_3_0_5/ADDRD1
    SLICE_X34Y139        RAMD32                                       r  u_aes_gcm/u_core/u_aes_meta_fifo/mem_reg_0_3_0_5/RAMC/WADR1
  -------------------------------------------------------------------    -------------------

                         (clock core_clk_raw rise edge)
                                                      0.000     0.000 r  
    E3                                                0.000     0.000 r  clk (IN)
                         net (fo=0)                   0.000     0.000    clk
    E3                   IBUF (Prop_ibuf_I_O)         0.438     0.438 r  clk_IBUF_inst/O
                         net (fo=1, routed)           0.480     0.918    clk_IBUF
    MMCME2_ADV_X1Y2      MMCME2_ADV (Prop_mmcme2_adv_CLKIN1_CLKOUT0)
                                                     -3.163    -2.245 r  u_mmcm/CLKOUT0
                         net (fo=1, routed)           0.544    -1.702    core_clk_raw
    BUFGCTRL_X0Y16       BUFG (Prop_bufg_I_O)         0.029    -1.673 r  u_core_clk_buf/O
                         net (fo=11093, routed)       0.833    -0.840    u_aes_gcm/u_core/u_aes_meta_fifo/mem_reg_0_3_0_5/WCLK
    SLICE_X34Y139        RAMD32                                       r  u_aes_gcm/u_core/u_aes_meta_fifo/mem_reg_0_3_0_5/RAMC/CLK
                         clock pessimism              0.275    -0.565    
    SLICE_X34Y139        RAMD32 (Hold_ramd32_CLK_WADR1)
                                                      0.256    -0.309    u_aes_gcm/u_core/u_aes_meta_fifo/mem_reg_0_3_0_5/RAMC
  -------------------------------------------------------------------
                         required time                          0.309    
                         arrival time                          -0.197    
  -------------------------------------------------------------------
                         slack                                  0.112    

Slack (MET) :             0.112ns  (arrival time - required time)
  Source:                 u_aes_gcm/u_core/u_aes_meta_fifo/wr_ptr_reg[1]/C
                            (rising edge-triggered cell FDRE clocked by core_clk_raw  {rise@0.000ns fall@2.857ns period=5.714ns})
  Destination:            u_aes_gcm/u_core/u_aes_meta_fifo/mem_reg_0_3_0_5/RAMC_D1/WADR1
                            (rising edge-triggered cell RAMD32 clocked by core_clk_raw  {rise@0.000ns fall@2.857ns period=5.714ns})
  Path Group:             core_clk_raw
  Path Type:              Hold (Min at Fast Process Corner)
  Requirement:            0.000ns  (core_clk_raw rise@0.000ns - core_clk_raw rise@0.000ns)
  Data Path Delay:        0.403ns  (logic 0.128ns (31.753%)  route 0.275ns (68.247%))
  Logic Levels:           0  
  Clock Path Skew:        0.035ns (DCD - SCD - CPR)
    Destination Clock Delay (DCD):    -0.840ns
    Source Clock Delay      (SCD):    -0.600ns
    Clock Pessimism Removal (CPR):    -0.275ns

    Location             Delay type                Incr(ns)  Path(ns)    Netlist Resource(s)
  -------------------------------------------------------------------    -------------------
                         (clock core_clk_raw rise edge)
                                                      0.000     0.000 r  
    E3                                                0.000     0.000 r  clk (IN)
                         net (fo=0)                   0.000     0.000    clk
    E3                   IBUF (Prop_ibuf_I_O)         0.250     0.250 r  clk_IBUF_inst/O
                         net (fo=1, routed)           0.440     0.690    clk_IBUF
    MMCME2_ADV_X1Y2      MMCME2_ADV (Prop_mmcme2_adv_CLKIN1_CLKOUT0)
                                                     -2.379    -1.689 r  u_mmcm/CLKOUT0
                         net (fo=1, routed)           0.499    -1.190    core_clk_raw
    BUFGCTRL_X0Y16       BUFG (Prop_bufg_I_O)         0.026    -1.164 r  u_core_clk_buf/O
                         net (fo=11093, routed)       0.564    -0.600    u_aes_gcm/u_core/u_aes_meta_fifo/core_clk
    SLICE_X33Y140        FDRE                                         r  u_aes_gcm/u_core/u_aes_meta_fifo/wr_ptr_reg[1]/C
  -------------------------------------------------------------------    -------------------
    SLICE_X33Y140        FDRE (Prop_fdre_C_Q)         0.128    -0.472 r  u_aes_gcm/u_core/u_aes_meta_fifo/wr_ptr_reg[1]/Q
                         net (fo=25, routed)          0.275    -0.197    u_aes_gcm/u_core/u_aes_meta_fifo/mem_reg_0_3_0_5/ADDRD1
    SLICE_X34Y139        RAMD32                                       r  u_aes_gcm/u_core/u_aes_meta_fifo/mem_reg_0_3_0_5/RAMC_D1/WADR1
  -------------------------------------------------------------------    -------------------

                         (clock core_clk_raw rise edge)
                                                      0.000     0.000 r  
    E3                                                0.000     0.000 r  clk (IN)
                         net (fo=0)                   0.000     0.000    clk
    E3                   IBUF (Prop_ibuf_I_O)         0.438     0.438 r  clk_IBUF_inst/O
                         net (fo=1, routed)           0.480     0.918    clk_IBUF
    MMCME2_ADV_X1Y2      MMCME2_ADV (Prop_mmcme2_adv_CLKIN1_CLKOUT0)
                                                     -3.163    -2.245 r  u_mmcm/CLKOUT0
                         net (fo=1, routed)           0.544    -1.702    core_clk_raw
    BUFGCTRL_X0Y16       BUFG (Prop_bufg_I_O)         0.029    -1.673 r  u_core_clk_buf/O
                         net (fo=11093, routed)       0.833    -0.840    u_aes_gcm/u_core/u_aes_meta_fifo/mem_reg_0_3_0_5/WCLK
    SLICE_X34Y139        RAMD32                                       r  u_aes_gcm/u_core/u_aes_meta_fifo/mem_reg_0_3_0_5/RAMC_D1/CLK
                         clock pessimism              0.275    -0.565    
    SLICE_X34Y139        RAMD32 (Hold_ramd32_CLK_WADR1)
                                                      0.256    -0.309    u_aes_gcm/u_core/u_aes_meta_fifo/mem_reg_0_3_0_5/RAMC_D1
  -------------------------------------------------------------------
                         required time                          0.309    
                         arrival time                          -0.197    
  -------------------------------------------------------------------
                         slack                                  0.112    

Slack (MET) :             0.112ns  (arrival time - required time)
  Source:                 u_aes_gcm/u_core/u_aes_meta_fifo/wr_ptr_reg[1]/C
                            (rising edge-triggered cell FDRE clocked by core_clk_raw  {rise@0.000ns fall@2.857ns period=5.714ns})
  Destination:            u_aes_gcm/u_core/u_aes_meta_fifo/mem_reg_0_3_0_5/RAMD/ADR1
                            (rising edge-triggered cell RAMS32 clocked by core_clk_raw  {rise@0.000ns fall@2.857ns period=5.714ns})
  Path Group:             core_clk_raw
  Path Type:              Hold (Min at Fast Process Corner)
  Requirement:            0.000ns  (core_clk_raw rise@0.000ns - core_clk_raw rise@0.000ns)
  Data Path Delay:        0.403ns  (logic 0.128ns (31.753%)  route 0.275ns (68.247%))
  Logic Levels:           0  
  Clock Path Skew:        0.035ns (DCD - SCD - CPR)
    Destination Clock Delay (DCD):    -0.840ns
    Source Clock Delay      (SCD):    -0.600ns
    Clock Pessimism Removal (CPR):    -0.275ns

    Location             Delay type                Incr(ns)  Path(ns)    Netlist Resource(s)
  -------------------------------------------------------------------    -------------------
                         (clock core_clk_raw rise edge)
                                                      0.000     0.000 r  
    E3                                                0.000     0.000 r  clk (IN)
                         net (fo=0)                   0.000     0.000    clk
    E3                   IBUF (Prop_ibuf_I_O)         0.250     0.250 r  clk_IBUF_inst/O
                         net (fo=1, routed)           0.440     0.690    clk_IBUF
    MMCME2_ADV_X1Y2      MMCME2_ADV (Prop_mmcme2_adv_CLKIN1_CLKOUT0)
                                                     -2.379    -1.689 r  u_mmcm/CLKOUT0
                         net (fo=1, routed)           0.499    -1.190    core_clk_raw
    BUFGCTRL_X0Y16       BUFG (Prop_bufg_I_O)         0.026    -1.164 r  u_core_clk_buf/O
                         net (fo=11093, routed)       0.564    -0.600    u_aes_gcm/u_core/u_aes_meta_fifo/core_clk
    SLICE_X33Y140        FDRE                                         r  u_aes_gcm/u_core/u_aes_meta_fifo/wr_ptr_reg[1]/C
  -------------------------------------------------------------------    -------------------
    SLICE_X33Y140        FDRE (Prop_fdre_C_Q)         0.128    -0.472 r  u_aes_gcm/u_core/u_aes_meta_fifo/wr_ptr_reg[1]/Q
                         net (fo=25, routed)          0.275    -0.197    u_aes_gcm/u_core/u_aes_meta_fifo/mem_reg_0_3_0_5/ADDRD1
    SLICE_X34Y139        RAMS32                                       r  u_aes_gcm/u_core/u_aes_meta_fifo/mem_reg_0_3_0_5/RAMD/ADR1
  -------------------------------------------------------------------    -------------------

                         (clock core_clk_raw rise edge)
                                                      0.000     0.000 r  
    E3                                                0.000     0.000 r  clk (IN)
                         net (fo=0)                   0.000     0.000    clk
    E3                   IBUF (Prop_ibuf_I_O)         0.438     0.438 r  clk_IBUF_inst/O
                         net (fo=1, routed)           0.480     0.918    clk_IBUF
    MMCME2_ADV_X1Y2      MMCME2_ADV (Prop_mmcme2_adv_CLKIN1_CLKOUT0)
                                                     -3.163    -2.245 r  u_mmcm/CLKOUT0
                         net (fo=1, routed)           0.544    -1.702    core_clk_raw
    BUFGCTRL_X0Y16       BUFG (Prop_bufg_I_O)         0.029    -1.673 r  u_core_clk_buf/O
                         net (fo=11093, routed)       0.833    -0.840    u_aes_gcm/u_core/u_aes_meta_fifo/mem_reg_0_3_0_5/WCLK
    SLICE_X34Y139        RAMS32                                       r  u_aes_gcm/u_core/u_aes_meta_fifo/mem_reg_0_3_0_5/RAMD/CLK
                         clock pessimism              0.275    -0.565    
    SLICE_X34Y139        RAMS32 (Hold_rams32_CLK_ADR1)
                                                      0.256    -0.309    u_aes_gcm/u_core/u_aes_meta_fifo/mem_reg_0_3_0_5/RAMD
  -------------------------------------------------------------------
                         required time                          0.309    
                         arrival time                          -0.197    
  -------------------------------------------------------------------
                         slack                                  0.112    

Slack (MET) :             0.112ns  (arrival time - required time)
  Source:                 u_aes_gcm/u_core/u_aes_meta_fifo/wr_ptr_reg[1]/C
                            (rising edge-triggered cell FDRE clocked by core_clk_raw  {rise@0.000ns fall@2.857ns period=5.714ns})
  Destination:            u_aes_gcm/u_core/u_aes_meta_fifo/mem_reg_0_3_0_5/RAMD_D1/ADR1
                            (rising edge-triggered cell RAMS32 clocked by core_clk_raw  {rise@0.000ns fall@2.857ns period=5.714ns})
  Path Group:             core_clk_raw
  Path Type:              Hold (Min at Fast Process Corner)
  Requirement:            0.000ns  (core_clk_raw rise@0.000ns - core_clk_raw rise@0.000ns)
  Data Path Delay:        0.403ns  (logic 0.128ns (31.753%)  route 0.275ns (68.247%))
  Logic Levels:           0  
  Clock Path Skew:        0.035ns (DCD - SCD - CPR)
    Destination Clock Delay (DCD):    -0.840ns
    Source Clock Delay      (SCD):    -0.600ns
    Clock Pessimism Removal (CPR):    -0.275ns

    Location             Delay type                Incr(ns)  Path(ns)    Netlist Resource(s)
  -------------------------------------------------------------------    -------------------
                         (clock core_clk_raw rise edge)
                                                      0.000     0.000 r  
    E3                                                0.000     0.000 r  clk (IN)
                         net (fo=0)                   0.000     0.000    clk
    E3                   IBUF (Prop_ibuf_I_O)         0.250     0.250 r  clk_IBUF_inst/O
                         net (fo=1, routed)           0.440     0.690    clk_IBUF
    MMCME2_ADV_X1Y2      MMCME2_ADV (Prop_mmcme2_adv_CLKIN1_CLKOUT0)
                                                     -2.379    -1.689 r  u_mmcm/CLKOUT0
                         net (fo=1, routed)           0.499    -1.190    core_clk_raw
    BUFGCTRL_X0Y16       BUFG (Prop_bufg_I_O)         0.026    -1.164 r  u_core_clk_buf/O
                         net (fo=11093, routed)       0.564    -0.600    u_aes_gcm/u_core/u_aes_meta_fifo/core_clk
    SLICE_X33Y140        FDRE                                         r  u_aes_gcm/u_core/u_aes_meta_fifo/wr_ptr_reg[1]/C
  -------------------------------------------------------------------    -------------------
    SLICE_X33Y140        FDRE (Prop_fdre_C_Q)         0.128    -0.472 r  u_aes_gcm/u_core/u_aes_meta_fifo/wr_ptr_reg[1]/Q
                         net (fo=25, routed)          0.275    -0.197    u_aes_gcm/u_core/u_aes_meta_fifo/mem_reg_0_3_0_5/ADDRD1
    SLICE_X34Y139        RAMS32                                       r  u_aes_gcm/u_core/u_aes_meta_fifo/mem_reg_0_3_0_5/RAMD_D1/ADR1
  -------------------------------------------------------------------    -------------------

                         (clock core_clk_raw rise edge)
                                                      0.000     0.000 r  
    E3                                                0.000     0.000 r  clk (IN)
                         net (fo=0)                   0.000     0.000    clk
    E3                   IBUF (Prop_ibuf_I_O)         0.438     0.438 r  clk_IBUF_inst/O
                         net (fo=1, routed)           0.480     0.918    clk_IBUF
    MMCME2_ADV_X1Y2      MMCME2_ADV (Prop_mmcme2_adv_CLKIN1_CLKOUT0)
                                                     -3.163    -2.245 r  u_mmcm/CLKOUT0
                         net (fo=1, routed)           0.544    -1.702    core_clk_raw
    BUFGCTRL_X0Y16       BUFG (Prop_bufg_I_O)         0.029    -1.673 r  u_core_clk_buf/O
                         net (fo=11093, routed)       0.833    -0.840    u_aes_gcm/u_core/u_aes_meta_fifo/mem_reg_0_3_0_5/WCLK
    SLICE_X34Y139        RAMS32                                       r  u_aes_gcm/u_core/u_aes_meta_fifo/mem_reg_0_3_0_5/RAMD_D1/CLK
                         clock pessimism              0.275    -0.565    
    SLICE_X34Y139        RAMS32 (Hold_rams32_CLK_ADR1)
                                                      0.256    -0.309    u_aes_gcm/u_core/u_aes_meta_fifo/mem_reg_0_3_0_5/RAMD_D1
  -------------------------------------------------------------------
                         required time                          0.309    
                         arrival time                          -0.197    
  -------------------------------------------------------------------
                         slack                                  0.112    

Slack (MET) :             0.113ns  (arrival time - required time)
  Source:                 u_aes_gcm/u_core/ct_prod_data_reg[116]/C
                            (rising edge-triggered cell FDRE clocked by core_clk_raw  {rise@0.000ns fall@2.857ns period=5.714ns})
  Destination:            u_aes_gcm/u_core/u_ciphertext_fifo/mem_reg_0_3_114_119/RAMB/I
                            (rising edge-triggered cell RAMD32 clocked by core_clk_raw  {rise@0.000ns fall@2.857ns period=5.714ns})
  Path Group:             core_clk_raw
  Path Type:              Hold (Min at Fast Process Corner)
  Requirement:            0.000ns  (core_clk_raw rise@0.000ns - core_clk_raw rise@0.000ns)
  Data Path Delay:        0.524ns  (logic 0.141ns (26.895%)  route 0.383ns (73.105%))
  Logic Levels:           0  
  Clock Path Skew:        0.265ns (DCD - SCD - CPR)
    Destination Clock Delay (DCD):    -0.849ns
    Source Clock Delay      (SCD):    -0.610ns
    Clock Pessimism Removal (CPR):    -0.504ns

    Location             Delay type                Incr(ns)  Path(ns)    Netlist Resource(s)
  -------------------------------------------------------------------    -------------------
                         (clock core_clk_raw rise edge)
                                                      0.000     0.000 r  
    E3                                                0.000     0.000 r  clk (IN)
                         net (fo=0)                   0.000     0.000    clk
    E3                   IBUF (Prop_ibuf_I_O)         0.250     0.250 r  clk_IBUF_inst/O
                         net (fo=1, routed)           0.440     0.690    clk_IBUF
    MMCME2_ADV_X1Y2      MMCME2_ADV (Prop_mmcme2_adv_CLKIN1_CLKOUT0)
                                                     -2.379    -1.689 r  u_mmcm/CLKOUT0
                         net (fo=1, routed)           0.499    -1.190    core_clk_raw
    BUFGCTRL_X0Y16       BUFG (Prop_bufg_I_O)         0.026    -1.164 r  u_core_clk_buf/O
                         net (fo=11093, routed)       0.554    -0.610    u_aes_gcm/u_core/core_clk
    SLICE_X52Y113        FDRE                                         r  u_aes_gcm/u_core/ct_prod_data_reg[116]/C
  -------------------------------------------------------------------    -------------------
    SLICE_X52Y113        FDRE (Prop_fdre_C_Q)         0.141    -0.469 r  u_aes_gcm/u_core/ct_prod_data_reg[116]/Q
                         net (fo=3, routed)           0.383    -0.086    u_aes_gcm/u_core/u_ciphertext_fifo/mem_reg_0_3_114_119/DIB0
    SLICE_X42Y117        RAMD32                                       r  u_aes_gcm/u_core/u_ciphertext_fifo/mem_reg_0_3_114_119/RAMB/I
  -------------------------------------------------------------------    -------------------

                         (clock core_clk_raw rise edge)
                                                      0.000     0.000 r  
    E3                                                0.000     0.000 r  clk (IN)
                         net (fo=0)                   0.000     0.000    clk
    E3                   IBUF (Prop_ibuf_I_O)         0.438     0.438 r  clk_IBUF_inst/O
                         net (fo=1, routed)           0.480     0.918    clk_IBUF
    MMCME2_ADV_X1Y2      MMCME2_ADV (Prop_mmcme2_adv_CLKIN1_CLKOUT0)
                                                     -3.163    -2.245 r  u_mmcm/CLKOUT0
                         net (fo=1, routed)           0.544    -1.702    core_clk_raw
    BUFGCTRL_X0Y16       BUFG (Prop_bufg_I_O)         0.029    -1.673 r  u_core_clk_buf/O
                         net (fo=11093, routed)       0.823    -0.849    u_aes_gcm/u_core/u_ciphertext_fifo/mem_reg_0_3_114_119/WCLK
    SLICE_X42Y117        RAMD32                                       r  u_aes_gcm/u_core/u_ciphertext_fifo/mem_reg_0_3_114_119/RAMB/CLK
                         clock pessimism              0.504    -0.345    
    SLICE_X42Y117        RAMD32 (Hold_ramd32_CLK_I)
                                                      0.146    -0.199    u_aes_gcm/u_core/u_ciphertext_fifo/mem_reg_0_3_114_119/RAMB
  -------------------------------------------------------------------
                         required time                          0.199    
                         arrival time                          -0.086    
  -------------------------------------------------------------------
                         slack                                  0.113    

Slack (MET) :             0.114ns  (arrival time - required time)
  Source:                 u_bridge/tag_count_r_reg[0]/C
                            (rising edge-triggered cell FDRE clocked by core_clk_raw  {rise@0.000ns fall@2.857ns period=5.714ns})
  Destination:            u_bridge/tag_capture_mem_reg_0_15_6_7/DP/WADR0
                            (rising edge-triggered cell RAMD32 clocked by core_clk_raw  {rise@0.000ns fall@2.857ns period=5.714ns})
  Path Group:             core_clk_raw
  Path Type:              Hold (Min at Fast Process Corner)
  Requirement:            0.000ns  (core_clk_raw rise@0.000ns - core_clk_raw rise@0.000ns)
  Data Path Delay:        0.460ns  (logic 0.141ns (30.656%)  route 0.319ns (69.344%))
  Logic Levels:           0  
  Clock Path Skew:        0.036ns (DCD - SCD - CPR)
    Destination Clock Delay (DCD):    -0.751ns
    Source Clock Delay      (SCD):    -0.516ns
    Clock Pessimism Removal (CPR):    -0.271ns

    Location             Delay type                Incr(ns)  Path(ns)    Netlist Resource(s)
  -------------------------------------------------------------------    -------------------
                         (clock core_clk_raw rise edge)
                                                      0.000     0.000 r  
    E3                                                0.000     0.000 r  clk (IN)
                         net (fo=0)                   0.000     0.000    clk
    E3                   IBUF (Prop_ibuf_I_O)         0.250     0.250 r  clk_IBUF_inst/O
                         net (fo=1, routed)           0.440     0.690    clk_IBUF
    MMCME2_ADV_X1Y2      MMCME2_ADV (Prop_mmcme2_adv_CLKIN1_CLKOUT0)
                                                     -2.379    -1.689 r  u_mmcm/CLKOUT0
                         net (fo=1, routed)           0.499    -1.190    core_clk_raw
    BUFGCTRL_X0Y16       BUFG (Prop_bufg_I_O)         0.026    -1.164 r  u_core_clk_buf/O
                         net (fo=11093, routed)       0.648    -0.516    u_bridge/core_clk
    SLICE_X29Y156        FDRE                                         r  u_bridge/tag_count_r_reg[0]/C
  -------------------------------------------------------------------    -------------------
    SLICE_X29Y156        FDRE (Prop_fdre_C_Q)         0.141    -0.375 r  u_bridge/tag_count_r_reg[0]/Q
                         net (fo=21, routed)          0.319    -0.056    u_bridge/tag_capture_mem_reg_0_15_6_7/A0
    SLICE_X30Y156        RAMD32                                       r  u_bridge/tag_capture_mem_reg_0_15_6_7/DP/WADR0
  -------------------------------------------------------------------    -------------------

                         (clock core_clk_raw rise edge)
                                                      0.000     0.000 r  
    E3                                                0.000     0.000 r  clk (IN)
                         net (fo=0)                   0.000     0.000    clk
    E3                   IBUF (Prop_ibuf_I_O)         0.438     0.438 r  clk_IBUF_inst/O
                         net (fo=1, routed)           0.480     0.918    clk_IBUF
    MMCME2_ADV_X1Y2      MMCME2_ADV (Prop_mmcme2_adv_CLKIN1_CLKOUT0)
                                                     -3.163    -2.245 r  u_mmcm/CLKOUT0
                         net (fo=1, routed)           0.544    -1.702    core_clk_raw
    BUFGCTRL_X0Y16       BUFG (Prop_bufg_I_O)         0.029    -1.673 r  u_core_clk_buf/O
                         net (fo=11093, routed)       0.922    -0.751    u_bridge/tag_capture_mem_reg_0_15_6_7/WCLK
    SLICE_X30Y156        RAMD32                                       r  u_bridge/tag_capture_mem_reg_0_15_6_7/DP/CLK
                         clock pessimism              0.271    -0.480    
    SLICE_X30Y156        RAMD32 (Hold_ramd32_CLK_WADR0)
                                                      0.310    -0.170    u_bridge/tag_capture_mem_reg_0_15_6_7/DP
  -------------------------------------------------------------------
                         required time                          0.170    
                         arrival time                          -0.056    
  -------------------------------------------------------------------
                         slack                                  0.114    

Slack (MET) :             0.114ns  (arrival time - required time)
  Source:                 u_bridge/tag_count_r_reg[0]/C
                            (rising edge-triggered cell FDRE clocked by core_clk_raw  {rise@0.000ns fall@2.857ns period=5.714ns})
  Destination:            u_bridge/tag_capture_mem_reg_0_15_6_7/SP/WADR0
                            (rising edge-triggered cell RAMD32 clocked by core_clk_raw  {rise@0.000ns fall@2.857ns period=5.714ns})
  Path Group:             core_clk_raw
  Path Type:              Hold (Min at Fast Process Corner)
  Requirement:            0.000ns  (core_clk_raw rise@0.000ns - core_clk_raw rise@0.000ns)
  Data Path Delay:        0.460ns  (logic 0.141ns (30.656%)  route 0.319ns (69.344%))
  Logic Levels:           0  
  Clock Path Skew:        0.036ns (DCD - SCD - CPR)
    Destination Clock Delay (DCD):    -0.751ns
    Source Clock Delay      (SCD):    -0.516ns
    Clock Pessimism Removal (CPR):    -0.271ns

    Location             Delay type                Incr(ns)  Path(ns)    Netlist Resource(s)
  -------------------------------------------------------------------    -------------------
                         (clock core_clk_raw rise edge)
                                                      0.000     0.000 r  
    E3                                                0.000     0.000 r  clk (IN)
                         net (fo=0)                   0.000     0.000    clk
    E3                   IBUF (Prop_ibuf_I_O)         0.250     0.250 r  clk_IBUF_inst/O
                         net (fo=1, routed)           0.440     0.690    clk_IBUF
    MMCME2_ADV_X1Y2      MMCME2_ADV (Prop_mmcme2_adv_CLKIN1_CLKOUT0)
                                                     -2.379    -1.689 r  u_mmcm/CLKOUT0
                         net (fo=1, routed)           0.499    -1.190    core_clk_raw
    BUFGCTRL_X0Y16       BUFG (Prop_bufg_I_O)         0.026    -1.164 r  u_core_clk_buf/O
                         net (fo=11093, routed)       0.648    -0.516    u_bridge/core_clk
    SLICE_X29Y156        FDRE                                         r  u_bridge/tag_count_r_reg[0]/C
  -------------------------------------------------------------------    -------------------
    SLICE_X29Y156        FDRE (Prop_fdre_C_Q)         0.141    -0.375 r  u_bridge/tag_count_r_reg[0]/Q
                         net (fo=21, routed)          0.319    -0.056    u_bridge/tag_capture_mem_reg_0_15_6_7/A0
    SLICE_X30Y156        RAMD32                                       r  u_bridge/tag_capture_mem_reg_0_15_6_7/SP/WADR0
  -------------------------------------------------------------------    -------------------

                         (clock core_clk_raw rise edge)
                                                      0.000     0.000 r  
    E3                                                0.000     0.000 r  clk (IN)
                         net (fo=0)                   0.000     0.000    clk
    E3                   IBUF (Prop_ibuf_I_O)         0.438     0.438 r  clk_IBUF_inst/O
                         net (fo=1, routed)           0.480     0.918    clk_IBUF
    MMCME2_ADV_X1Y2      MMCME2_ADV (Prop_mmcme2_adv_CLKIN1_CLKOUT0)
                                                     -3.163    -2.245 r  u_mmcm/CLKOUT0
                         net (fo=1, routed)           0.544    -1.702    core_clk_raw
    BUFGCTRL_X0Y16       BUFG (Prop_bufg_I_O)         0.029    -1.673 r  u_core_clk_buf/O
                         net (fo=11093, routed)       0.922    -0.751    u_bridge/tag_capture_mem_reg_0_15_6_7/WCLK
    SLICE_X30Y156        RAMD32                                       r  u_bridge/tag_capture_mem_reg_0_15_6_7/SP/CLK
                         clock pessimism              0.271    -0.480    
    SLICE_X30Y156        RAMD32 (Hold_ramd32_CLK_WADR0)
                                                      0.310    -0.170    u_bridge/tag_capture_mem_reg_0_15_6_7/SP
  -------------------------------------------------------------------
                         required time                          0.170    
                         arrival time                          -0.056    
  -------------------------------------------------------------------
                         slack                                  0.114    

Slack (MET) :             0.114ns  (arrival time - required time)
  Source:                 u_bridge/tag_count_r_reg[0]/C
                            (rising edge-triggered cell FDRE clocked by core_clk_raw  {rise@0.000ns fall@2.857ns period=5.714ns})
  Destination:            u_bridge/tag_capture_mem_reg_0_15_6_7__0/DP/WADR0
                            (rising edge-triggered cell RAMD32 clocked by core_clk_raw  {rise@0.000ns fall@2.857ns period=5.714ns})
  Path Group:             core_clk_raw
  Path Type:              Hold (Min at Fast Process Corner)
  Requirement:            0.000ns  (core_clk_raw rise@0.000ns - core_clk_raw rise@0.000ns)
  Data Path Delay:        0.460ns  (logic 0.141ns (30.656%)  route 0.319ns (69.344%))
  Logic Levels:           0  
  Clock Path Skew:        0.036ns (DCD - SCD - CPR)
    Destination Clock Delay (DCD):    -0.751ns
    Source Clock Delay      (SCD):    -0.516ns
    Clock Pessimism Removal (CPR):    -0.271ns

    Location             Delay type                Incr(ns)  Path(ns)    Netlist Resource(s)
  -------------------------------------------------------------------    -------------------
                         (clock core_clk_raw rise edge)
                                                      0.000     0.000 r  
    E3                                                0.000     0.000 r  clk (IN)
                         net (fo=0)                   0.000     0.000    clk
    E3                   IBUF (Prop_ibuf_I_O)         0.250     0.250 r  clk_IBUF_inst/O
                         net (fo=1, routed)           0.440     0.690    clk_IBUF
    MMCME2_ADV_X1Y2      MMCME2_ADV (Prop_mmcme2_adv_CLKIN1_CLKOUT0)
                                                     -2.379    -1.689 r  u_mmcm/CLKOUT0
                         net (fo=1, routed)           0.499    -1.190    core_clk_raw
    BUFGCTRL_X0Y16       BUFG (Prop_bufg_I_O)         0.026    -1.164 r  u_core_clk_buf/O
                         net (fo=11093, routed)       0.648    -0.516    u_bridge/core_clk
    SLICE_X29Y156        FDRE                                         r  u_bridge/tag_count_r_reg[0]/C
  -------------------------------------------------------------------    -------------------
    SLICE_X29Y156        FDRE (Prop_fdre_C_Q)         0.141    -0.375 r  u_bridge/tag_count_r_reg[0]/Q
                         net (fo=21, routed)          0.319    -0.056    u_bridge/tag_capture_mem_reg_0_15_6_7__0/A0
    SLICE_X30Y156        RAMD32                                       r  u_bridge/tag_capture_mem_reg_0_15_6_7__0/DP/WADR0
  -------------------------------------------------------------------    -------------------

                         (clock core_clk_raw rise edge)
                                                      0.000     0.000 r  
    E3                                                0.000     0.000 r  clk (IN)
                         net (fo=0)                   0.000     0.000    clk
    E3                   IBUF (Prop_ibuf_I_O)         0.438     0.438 r  clk_IBUF_inst/O
                         net (fo=1, routed)           0.480     0.918    clk_IBUF
    MMCME2_ADV_X1Y2      MMCME2_ADV (Prop_mmcme2_adv_CLKIN1_CLKOUT0)
                                                     -3.163    -2.245 r  u_mmcm/CLKOUT0
                         net (fo=1, routed)           0.544    -1.702    core_clk_raw
    BUFGCTRL_X0Y16       BUFG (Prop_bufg_I_O)         0.029    -1.673 r  u_core_clk_buf/O
                         net (fo=11093, routed)       0.922    -0.751    u_bridge/tag_capture_mem_reg_0_15_6_7__0/WCLK
    SLICE_X30Y156        RAMD32                                       r  u_bridge/tag_capture_mem_reg_0_15_6_7__0/DP/CLK
                         clock pessimism              0.271    -0.480    
    SLICE_X30Y156        RAMD32 (Hold_ramd32_CLK_WADR0)
                                                      0.310    -0.170    u_bridge/tag_capture_mem_reg_0_15_6_7__0/DP
  -------------------------------------------------------------------
                         required time                          0.170    
                         arrival time                          -0.056    
  -------------------------------------------------------------------
                         slack                                  0.114    

Slack (MET) :             0.114ns  (arrival time - required time)
  Source:                 u_bridge/tag_count_r_reg[0]/C
                            (rising edge-triggered cell FDRE clocked by core_clk_raw  {rise@0.000ns fall@2.857ns period=5.714ns})
  Destination:            u_bridge/tag_capture_mem_reg_0_15_6_7__0/SP/WADR0
                            (rising edge-triggered cell RAMD32 clocked by core_clk_raw  {rise@0.000ns fall@2.857ns period=5.714ns})
  Path Group:             core_clk_raw
  Path Type:              Hold (Min at Fast Process Corner)
  Requirement:            0.000ns  (core_clk_raw rise@0.000ns - core_clk_raw rise@0.000ns)
  Data Path Delay:        0.460ns  (logic 0.141ns (30.656%)  route 0.319ns (69.344%))
  Logic Levels:           0  
  Clock Path Skew:        0.036ns (DCD - SCD - CPR)
    Destination Clock Delay (DCD):    -0.751ns
    Source Clock Delay      (SCD):    -0.516ns
    Clock Pessimism Removal (CPR):    -0.271ns

    Location             Delay type                Incr(ns)  Path(ns)    Netlist Resource(s)
  -------------------------------------------------------------------    -------------------
                         (clock core_clk_raw rise edge)
                                                      0.000     0.000 r  
    E3                                                0.000     0.000 r  clk (IN)
                         net (fo=0)                   0.000     0.000    clk
    E3                   IBUF (Prop_ibuf_I_O)         0.250     0.250 r  clk_IBUF_inst/O
                         net (fo=1, routed)           0.440     0.690    clk_IBUF
    MMCME2_ADV_X1Y2      MMCME2_ADV (Prop_mmcme2_adv_CLKIN1_CLKOUT0)
                                                     -2.379    -1.689 r  u_mmcm/CLKOUT0
                         net (fo=1, routed)           0.499    -1.190    core_clk_raw
    BUFGCTRL_X0Y16       BUFG (Prop_bufg_I_O)         0.026    -1.164 r  u_core_clk_buf/O
                         net (fo=11093, routed)       0.648    -0.516    u_bridge/core_clk
    SLICE_X29Y156        FDRE                                         r  u_bridge/tag_count_r_reg[0]/C
  -------------------------------------------------------------------    -------------------
    SLICE_X29Y156        FDRE (Prop_fdre_C_Q)         0.141    -0.375 r  u_bridge/tag_count_r_reg[0]/Q
                         net (fo=21, routed)          0.319    -0.056    u_bridge/tag_capture_mem_reg_0_15_6_7__0/A0
    SLICE_X30Y156        RAMD32                                       r  u_bridge/tag_capture_mem_reg_0_15_6_7__0/SP/WADR0
  -------------------------------------------------------------------    -------------------

                         (clock core_clk_raw rise edge)
                                                      0.000     0.000 r  
    E3                                                0.000     0.000 r  clk (IN)
                         net (fo=0)                   0.000     0.000    clk
    E3                   IBUF (Prop_ibuf_I_O)         0.438     0.438 r  clk_IBUF_inst/O
                         net (fo=1, routed)           0.480     0.918    clk_IBUF
    MMCME2_ADV_X1Y2      MMCME2_ADV (Prop_mmcme2_adv_CLKIN1_CLKOUT0)
                                                     -3.163    -2.245 r  u_mmcm/CLKOUT0
                         net (fo=1, routed)           0.544    -1.702    core_clk_raw
    BUFGCTRL_X0Y16       BUFG (Prop_bufg_I_O)         0.029    -1.673 r  u_core_clk_buf/O
                         net (fo=11093, routed)       0.922    -0.751    u_bridge/tag_capture_mem_reg_0_15_6_7__0/WCLK
    SLICE_X30Y156        RAMD32                                       r  u_bridge/tag_capture_mem_reg_0_15_6_7__0/SP/CLK
                         clock pessimism              0.271    -0.480    
    SLICE_X30Y156        RAMD32 (Hold_ramd32_CLK_WADR0)
                                                      0.310    -0.170    u_bridge/tag_capture_mem_reg_0_15_6_7__0/SP
  -------------------------------------------------------------------
                         required time                          0.170    
                         arrival time                          -0.056    
  -------------------------------------------------------------------
                         slack                                  0.114    

Slack (MET) :             0.115ns  (arrival time - required time)
  Source:                 u_aes_gcm/u_core/tag_prod_data_reg[27]/C
                            (rising edge-triggered cell FDRE clocked by core_clk_raw  {rise@0.000ns fall@2.857ns period=5.714ns})
  Destination:            u_aes_gcm/u_core/u_tag_packet_fifo/mem_reg_0_1_24_29/RAMB_D1/I
                            (rising edge-triggered cell RAMD32 clocked by core_clk_raw  {rise@0.000ns fall@2.857ns period=5.714ns})
  Path Group:             core_clk_raw
  Path Type:              Hold (Min at Fast Process Corner)
  Requirement:            0.000ns  (core_clk_raw rise@0.000ns - core_clk_raw rise@0.000ns)
  Data Path Delay:        0.252ns  (logic 0.141ns (55.921%)  route 0.111ns (44.079%))
  Logic Levels:           0  
  Clock Path Skew:        0.013ns (DCD - SCD - CPR)
    Destination Clock Delay (DCD):    -0.847ns
    Source Clock Delay      (SCD):    -0.606ns
    Clock Pessimism Removal (CPR):    -0.254ns

    Location             Delay type                Incr(ns)  Path(ns)    Netlist Resource(s)
  -------------------------------------------------------------------    -------------------
                         (clock core_clk_raw rise edge)
                                                      0.000     0.000 r  
    E3                                                0.000     0.000 r  clk (IN)
                         net (fo=0)                   0.000     0.000    clk
    E3                   IBUF (Prop_ibuf_I_O)         0.250     0.250 r  clk_IBUF_inst/O
                         net (fo=1, routed)           0.440     0.690    clk_IBUF
    MMCME2_ADV_X1Y2      MMCME2_ADV (Prop_mmcme2_adv_CLKIN1_CLKOUT0)
                                                     -2.379    -1.689 r  u_mmcm/CLKOUT0
                         net (fo=1, routed)           0.499    -1.190    core_clk_raw
    BUFGCTRL_X0Y16       BUFG (Prop_bufg_I_O)         0.026    -1.164 r  u_core_clk_buf/O
                         net (fo=11093, routed)       0.558    -0.606    u_aes_gcm/u_core/core_clk
    SLICE_X36Y132        FDRE                                         r  u_aes_gcm/u_core/tag_prod_data_reg[27]/C
  -------------------------------------------------------------------    -------------------
    SLICE_X36Y132        FDRE (Prop_fdre_C_Q)         0.141    -0.465 r  u_aes_gcm/u_core/tag_prod_data_reg[27]/Q
                         net (fo=2, routed)           0.111    -0.354    u_aes_gcm/u_core/u_tag_packet_fifo/mem_reg_0_1_24_29/DIB1
    SLICE_X34Y131        RAMD32                                       r  u_aes_gcm/u_core/u_tag_packet_fifo/mem_reg_0_1_24_29/RAMB_D1/I
  -------------------------------------------------------------------    -------------------

                         (clock core_clk_raw rise edge)
                                                      0.000     0.000 r  
    E3                                                0.000     0.000 r  clk (IN)
                         net (fo=0)                   0.000     0.000    clk
    E3                   IBUF (Prop_ibuf_I_O)         0.438     0.438 r  clk_IBUF_inst/O
                         net (fo=1, routed)           0.480     0.918    clk_IBUF
    MMCME2_ADV_X1Y2      MMCME2_ADV (Prop_mmcme2_adv_CLKIN1_CLKOUT0)
                                                     -3.163    -2.245 r  u_mmcm/CLKOUT0
                         net (fo=1, routed)           0.544    -1.702    core_clk_raw
    BUFGCTRL_X0Y16       BUFG (Prop_bufg_I_O)         0.029    -1.673 r  u_core_clk_buf/O
                         net (fo=11093, routed)       0.826    -0.847    u_aes_gcm/u_core/u_tag_packet_fifo/mem_reg_0_1_24_29/WCLK
    SLICE_X34Y131        RAMD32                                       r  u_aes_gcm/u_core/u_tag_packet_fifo/mem_reg_0_1_24_29/RAMB_D1/CLK
                         clock pessimism              0.254    -0.593    
    SLICE_X34Y131        RAMD32 (Hold_ramd32_CLK_I)
                                                      0.124    -0.469    u_aes_gcm/u_core/u_tag_packet_fifo/mem_reg_0_1_24_29/RAMB_D1
  -------------------------------------------------------------------
                         required time                          0.469    
                         arrival time                          -0.354    
  -------------------------------------------------------------------
                         slack                                  0.115    

Slack (MET) :             0.116ns  (arrival time - required time)
  Source:                 u_aes_gcm/u_core/ct_prod_data_reg[48]/C
                            (rising edge-triggered cell FDRE clocked by core_clk_raw  {rise@0.000ns fall@2.857ns period=5.714ns})
  Destination:            u_aes_gcm/u_core/u_ciphertext_fifo/mem_reg_0_3_48_53/RAMA/I
                            (rising edge-triggered cell RAMD32 clocked by core_clk_raw  {rise@0.000ns fall@2.857ns period=5.714ns})
  Path Group:             core_clk_raw
  Path Type:              Hold (Min at Fast Process Corner)
  Requirement:            0.000ns  (core_clk_raw rise@0.000ns - core_clk_raw rise@0.000ns)
  Data Path Delay:        0.529ns  (logic 0.141ns (26.661%)  route 0.388ns (73.339%))
  Logic Levels:           0  
  Clock Path Skew:        0.266ns (DCD - SCD - CPR)
    Destination Clock Delay (DCD):    -0.856ns
    Source Clock Delay      (SCD):    -0.618ns
    Clock Pessimism Removal (CPR):    -0.504ns

    Location             Delay type                Incr(ns)  Path(ns)    Netlist Resource(s)
  -------------------------------------------------------------------    -------------------
                         (clock core_clk_raw rise edge)
                                                      0.000     0.000 r  
    E3                                                0.000     0.000 r  clk (IN)
                         net (fo=0)                   0.000     0.000    clk
    E3                   IBUF (Prop_ibuf_I_O)         0.250     0.250 r  clk_IBUF_inst/O
                         net (fo=1, routed)           0.440     0.690    clk_IBUF
    MMCME2_ADV_X1Y2      MMCME2_ADV (Prop_mmcme2_adv_CLKIN1_CLKOUT0)
                                                     -2.379    -1.689 r  u_mmcm/CLKOUT0
                         net (fo=1, routed)           0.499    -1.190    core_clk_raw
    BUFGCTRL_X0Y16       BUFG (Prop_bufg_I_O)         0.026    -1.164 r  u_core_clk_buf/O
                         net (fo=11093, routed)       0.546    -0.618    u_aes_gcm/u_core/core_clk
    SLICE_X57Y124        FDRE                                         r  u_aes_gcm/u_core/ct_prod_data_reg[48]/C
  -------------------------------------------------------------------    -------------------
    SLICE_X57Y124        FDRE (Prop_fdre_C_Q)         0.141    -0.477 r  u_aes_gcm/u_core/ct_prod_data_reg[48]/Q
                         net (fo=3, routed)           0.388    -0.089    u_aes_gcm/u_core/u_ciphertext_fifo/mem_reg_0_3_48_53/DIA0
    SLICE_X42Y123        RAMD32                                       r  u_aes_gcm/u_core/u_ciphertext_fifo/mem_reg_0_3_48_53/RAMA/I
  -------------------------------------------------------------------    -------------------

                         (clock core_clk_raw rise edge)
                                                      0.000     0.000 r  
    E3                                                0.000     0.000 r  clk (IN)
                         net (fo=0)                   0.000     0.000    clk
    E3                   IBUF (Prop_ibuf_I_O)         0.438     0.438 r  clk_IBUF_inst/O
                         net (fo=1, routed)           0.480     0.918    clk_IBUF
    MMCME2_ADV_X1Y2      MMCME2_ADV (Prop_mmcme2_adv_CLKIN1_CLKOUT0)
                                                     -3.163    -2.245 r  u_mmcm/CLKOUT0
                         net (fo=1, routed)           0.544    -1.702    core_clk_raw
    BUFGCTRL_X0Y16       BUFG (Prop_bufg_I_O)         0.029    -1.673 r  u_core_clk_buf/O
                         net (fo=11093, routed)       0.817    -0.856    u_aes_gcm/u_core/u_ciphertext_fifo/mem_reg_0_3_48_53/WCLK
    SLICE_X42Y123        RAMD32                                       r  u_aes_gcm/u_core/u_ciphertext_fifo/mem_reg_0_3_48_53/RAMA/CLK
                         clock pessimism              0.504    -0.352    
    SLICE_X42Y123        RAMD32 (Hold_ramd32_CLK_I)
                                                      0.147    -0.205    u_aes_gcm/u_core/u_ciphertext_fifo/mem_reg_0_3_48_53/RAMA
  -------------------------------------------------------------------
                         required time                          0.205    
                         arrival time                          -0.089    
  -------------------------------------------------------------------
                         slack                                  0.116    

Slack (MET) :             0.117ns  (arrival time - required time)
  Source:                 u_aes_gcm/u_core/u_ghash/h_r_reg[80]/C
                            (rising edge-triggered cell FDRE clocked by core_clk_raw  {rise@0.000ns fall@2.857ns period=5.714ns})
  Destination:            u_aes_gcm/u_core/u_ghash/v_work_r_reg[80]/D
                            (rising edge-triggered cell FDRE clocked by core_clk_raw  {rise@0.000ns fall@2.857ns period=5.714ns})
  Path Group:             core_clk_raw
  Path Type:              Hold (Min at Fast Process Corner)
  Requirement:            0.000ns  (core_clk_raw rise@0.000ns - core_clk_raw rise@0.000ns)
  Data Path Delay:        0.251ns  (logic 0.186ns (74.103%)  route 0.065ns (25.897%))
  Logic Levels:           1  (LUT5=1)
  Clock Path Skew:        0.013ns (DCD - SCD - CPR)
    Destination Clock Delay (DCD):    -0.838ns
    Source Clock Delay      (SCD):    -0.599ns
    Clock Pessimism Removal (CPR):    -0.252ns

    Location             Delay type                Incr(ns)  Path(ns)    Netlist Resource(s)
  -------------------------------------------------------------------    -------------------
                         (clock core_clk_raw rise edge)
                                                      0.000     0.000 r  
    E3                                                0.000     0.000 r  clk (IN)
                         net (fo=0)                   0.000     0.000    clk
    E3                   IBUF (Prop_ibuf_I_O)         0.250     0.250 r  clk_IBUF_inst/O
                         net (fo=1, routed)           0.440     0.690    clk_IBUF
    MMCME2_ADV_X1Y2      MMCME2_ADV (Prop_mmcme2_adv_CLKIN1_CLKOUT0)
                                                     -2.379    -1.689 r  u_mmcm/CLKOUT0
                         net (fo=1, routed)           0.499    -1.190    core_clk_raw
    BUFGCTRL_X0Y16       BUFG (Prop_bufg_I_O)         0.026    -1.164 r  u_core_clk_buf/O
                         net (fo=11093, routed)       0.565    -0.599    u_aes_gcm/u_core/u_ghash/core_clk
    SLICE_X13Y114        FDRE                                         r  u_aes_gcm/u_core/u_ghash/h_r_reg[80]/C
  -------------------------------------------------------------------    -------------------
    SLICE_X13Y114        FDRE (Prop_fdre_C_Q)         0.141    -0.458 r  u_aes_gcm/u_core/u_ghash/h_r_reg[80]/Q
                         net (fo=2, routed)           0.065    -0.393    u_aes_gcm/u_core/u_ghash/h_r_reg_n_0_[80]
    SLICE_X12Y114        LUT5 (Prop_lut5_I3_O)        0.045    -0.348 r  u_aes_gcm/u_core/u_ghash/v_work_r[80]_i_1/O
                         net (fo=1, routed)           0.000    -0.348    u_aes_gcm/u_core/u_ghash/v_work_r[80]_i_1_n_0
    SLICE_X12Y114        FDRE                                         r  u_aes_gcm/u_core/u_ghash/v_work_r_reg[80]/D
  -------------------------------------------------------------------    -------------------

                         (clock core_clk_raw rise edge)
                                                      0.000     0.000 r  
    E3                                                0.000     0.000 r  clk (IN)
                         net (fo=0)                   0.000     0.000    clk
    E3                   IBUF (Prop_ibuf_I_O)         0.438     0.438 r  clk_IBUF_inst/O
                         net (fo=1, routed)           0.480     0.918    clk_IBUF
    MMCME2_ADV_X1Y2      MMCME2_ADV (Prop_mmcme2_adv_CLKIN1_CLKOUT0)
                                                     -3.163    -2.245 r  u_mmcm/CLKOUT0
                         net (fo=1, routed)           0.544    -1.702    core_clk_raw
    BUFGCTRL_X0Y16       BUFG (Prop_bufg_I_O)         0.029    -1.673 r  u_core_clk_buf/O
                         net (fo=11093, routed)       0.835    -0.838    u_aes_gcm/u_core/u_ghash/core_clk
    SLICE_X12Y114        FDRE                                         r  u_aes_gcm/u_core/u_ghash/v_work_r_reg[80]/C
                         clock pessimism              0.252    -0.586    
    SLICE_X12Y114        FDRE (Hold_fdre_C_D)         0.121    -0.465    u_aes_gcm/u_core/u_ghash/v_work_r_reg[80]
  -------------------------------------------------------------------
                         required time                          0.465    
                         arrival time                          -0.348    
  -------------------------------------------------------------------
                         slack                                  0.117    

Slack (MET) :             0.117ns  (arrival time - required time)
  Source:                 u_aes_gcm/u_core/u_ghash/h_r_reg[68]/C
                            (rising edge-triggered cell FDRE clocked by core_clk_raw  {rise@0.000ns fall@2.857ns period=5.714ns})
  Destination:            u_aes_gcm/u_core/u_ghash/v_work_r_reg[68]/D
                            (rising edge-triggered cell FDRE clocked by core_clk_raw  {rise@0.000ns fall@2.857ns period=5.714ns})
  Path Group:             core_clk_raw
  Path Type:              Hold (Min at Fast Process Corner)
  Requirement:            0.000ns  (core_clk_raw rise@0.000ns - core_clk_raw rise@0.000ns)
  Data Path Delay:        0.251ns  (logic 0.186ns (74.042%)  route 0.065ns (25.958%))
  Logic Levels:           1  (LUT5=1)
  Clock Path Skew:        0.013ns (DCD - SCD - CPR)
    Destination Clock Delay (DCD):    -0.816ns
    Source Clock Delay      (SCD):    -0.576ns
    Clock Pessimism Removal (CPR):    -0.253ns

    Location             Delay type                Incr(ns)  Path(ns)    Netlist Resource(s)
  -------------------------------------------------------------------    -------------------
                         (clock core_clk_raw rise edge)
                                                      0.000     0.000 r  
    E3                                                0.000     0.000 r  clk (IN)
                         net (fo=0)                   0.000     0.000    clk
    E3                   IBUF (Prop_ibuf_I_O)         0.250     0.250 r  clk_IBUF_inst/O
                         net (fo=1, routed)           0.440     0.690    clk_IBUF
    MMCME2_ADV_X1Y2      MMCME2_ADV (Prop_mmcme2_adv_CLKIN1_CLKOUT0)
                                                     -2.379    -1.689 r  u_mmcm/CLKOUT0
                         net (fo=1, routed)           0.499    -1.190    core_clk_raw
    BUFGCTRL_X0Y16       BUFG (Prop_bufg_I_O)         0.026    -1.164 r  u_core_clk_buf/O
                         net (fo=11093, routed)       0.588    -0.576    u_aes_gcm/u_core/u_ghash/core_clk
    SLICE_X7Y120         FDRE                                         r  u_aes_gcm/u_core/u_ghash/h_r_reg[68]/C
  -------------------------------------------------------------------    -------------------
    SLICE_X7Y120         FDRE (Prop_fdre_C_Q)         0.141    -0.435 r  u_aes_gcm/u_core/u_ghash/h_r_reg[68]/Q
                         net (fo=2, routed)           0.065    -0.370    u_aes_gcm/u_core/u_ghash/h_r_reg_n_0_[68]
    SLICE_X6Y120         LUT5 (Prop_lut5_I3_O)        0.045    -0.325 r  u_aes_gcm/u_core/u_ghash/v_work_r[68]_i_1/O
                         net (fo=1, routed)           0.000    -0.325    u_aes_gcm/u_core/u_ghash/v_work_r[68]_i_1_n_0
    SLICE_X6Y120         FDRE                                         r  u_aes_gcm/u_core/u_ghash/v_work_r_reg[68]/D
  -------------------------------------------------------------------    -------------------

                         (clock core_clk_raw rise edge)
                                                      0.000     0.000 r  
    E3                                                0.000     0.000 r  clk (IN)
                         net (fo=0)                   0.000     0.000    clk
    E3                   IBUF (Prop_ibuf_I_O)         0.438     0.438 r  clk_IBUF_inst/O
                         net (fo=1, routed)           0.480     0.918    clk_IBUF
    MMCME2_ADV_X1Y2      MMCME2_ADV (Prop_mmcme2_adv_CLKIN1_CLKOUT0)
                                                     -3.163    -2.245 r  u_mmcm/CLKOUT0
                         net (fo=1, routed)           0.544    -1.702    core_clk_raw
    BUFGCTRL_X0Y16       BUFG (Prop_bufg_I_O)         0.029    -1.673 r  u_core_clk_buf/O
                         net (fo=11093, routed)       0.856    -0.816    u_aes_gcm/u_core/u_ghash/core_clk
    SLICE_X6Y120         FDRE                                         r  u_aes_gcm/u_core/u_ghash/v_work_r_reg[68]/C
                         clock pessimism              0.253    -0.563    
    SLICE_X6Y120         FDRE (Hold_fdre_C_D)         0.121    -0.442    u_aes_gcm/u_core/u_ghash/v_work_r_reg[68]
  -------------------------------------------------------------------
                         required time                          0.442    
                         arrival time                          -0.325    
  -------------------------------------------------------------------
                         slack                                  0.117    

Slack (MET) :             0.118ns  (arrival time - required time)
  Source:                 u_aes_gcm/u_core/u_key_context/window_w3_r_reg[15]/C
                            (rising edge-triggered cell FDRE clocked by core_clk_raw  {rise@0.000ns fall@2.857ns period=5.714ns})
  Destination:            u_aes_gcm/u_core/u_key_context/window_w2_r_reg[15]/D
                            (rising edge-triggered cell FDRE clocked by core_clk_raw  {rise@0.000ns fall@2.857ns period=5.714ns})
  Path Group:             core_clk_raw
  Path Type:              Hold (Min at Fast Process Corner)
  Requirement:            0.000ns  (core_clk_raw rise@0.000ns - core_clk_raw rise@0.000ns)
  Data Path Delay:        0.252ns  (logic 0.186ns (73.740%)  route 0.066ns (26.260%))
  Logic Levels:           1  (LUT5=1)
  Clock Path Skew:        0.013ns (DCD - SCD - CPR)
    Destination Clock Delay (DCD):    -0.748ns
    Source Clock Delay      (SCD):    -0.514ns
    Clock Pessimism Removal (CPR):    -0.247ns

    Location             Delay type                Incr(ns)  Path(ns)    Netlist Resource(s)
  -------------------------------------------------------------------    -------------------
                         (clock core_clk_raw rise edge)
                                                      0.000     0.000 r  
    E3                                                0.000     0.000 r  clk (IN)
                         net (fo=0)                   0.000     0.000    clk
    E3                   IBUF (Prop_ibuf_I_O)         0.250     0.250 r  clk_IBUF_inst/O
                         net (fo=1, routed)           0.440     0.690    clk_IBUF
    MMCME2_ADV_X1Y2      MMCME2_ADV (Prop_mmcme2_adv_CLKIN1_CLKOUT0)
                                                     -2.379    -1.689 r  u_mmcm/CLKOUT0
                         net (fo=1, routed)           0.499    -1.190    core_clk_raw
    BUFGCTRL_X0Y16       BUFG (Prop_bufg_I_O)         0.026    -1.164 r  u_core_clk_buf/O
                         net (fo=11093, routed)       0.650    -0.514    u_aes_gcm/u_core/u_key_context/core_clk
    SLICE_X9Y158         FDRE                                         r  u_aes_gcm/u_core/u_key_context/window_w3_r_reg[15]/C
  -------------------------------------------------------------------    -------------------
    SLICE_X9Y158         FDRE (Prop_fdre_C_Q)         0.141    -0.373 r  u_aes_gcm/u_core/u_key_context/window_w3_r_reg[15]/Q
                         net (fo=2, routed)           0.066    -0.307    u_aes_gcm/u_core/u_key_context/window_w3_r[15]
    SLICE_X8Y158         LUT5 (Prop_lut5_I2_O)        0.045    -0.262 r  u_aes_gcm/u_core/u_key_context/window_w2_r[15]_i_1/O
                         net (fo=1, routed)           0.000    -0.262    u_aes_gcm/u_core/u_key_context/window_w2_r[15]_i_1_n_0
    SLICE_X8Y158         FDRE                                         r  u_aes_gcm/u_core/u_key_context/window_w2_r_reg[15]/D
  -------------------------------------------------------------------    -------------------

                         (clock core_clk_raw rise edge)
                                                      0.000     0.000 r  
    E3                                                0.000     0.000 r  clk (IN)
                         net (fo=0)                   0.000     0.000    clk
    E3                   IBUF (Prop_ibuf_I_O)         0.438     0.438 r  clk_IBUF_inst/O
                         net (fo=1, routed)           0.480     0.918    clk_IBUF
    MMCME2_ADV_X1Y2      MMCME2_ADV (Prop_mmcme2_adv_CLKIN1_CLKOUT0)
                                                     -3.163    -2.245 r  u_mmcm/CLKOUT0
                         net (fo=1, routed)           0.544    -1.702    core_clk_raw
    BUFGCTRL_X0Y16       BUFG (Prop_bufg_I_O)         0.029    -1.673 r  u_core_clk_buf/O
                         net (fo=11093, routed)       0.925    -0.748    u_aes_gcm/u_core/u_key_context/core_clk
    SLICE_X8Y158         FDRE                                         r  u_aes_gcm/u_core/u_key_context/window_w2_r_reg[15]/C
                         clock pessimism              0.247    -0.501    
    SLICE_X8Y158         FDRE (Hold_fdre_C_D)         0.121    -0.380    u_aes_gcm/u_core/u_key_context/window_w2_r_reg[15]
  -------------------------------------------------------------------
                         required time                          0.380    
                         arrival time                          -0.262    
  -------------------------------------------------------------------
                         slack                                  0.118    

Slack (MET) :             0.119ns  (arrival time - required time)
  Source:                 u_aes_gcm/u_core/dataq0_block_r_reg[77]/C
                            (rising edge-triggered cell FDRE clocked by core_clk_raw  {rise@0.000ns fall@2.857ns period=5.714ns})
  Destination:            u_aes_gcm/u_core/gh_input_data_reg[77]/D
                            (rising edge-triggered cell FDRE clocked by core_clk_raw  {rise@0.000ns fall@2.857ns period=5.714ns})
  Path Group:             core_clk_raw
  Path Type:              Hold (Min at Fast Process Corner)
  Requirement:            0.000ns  (core_clk_raw rise@0.000ns - core_clk_raw rise@0.000ns)
  Data Path Delay:        0.475ns  (logic 0.186ns (39.164%)  route 0.289ns (60.836%))
  Logic Levels:           1  (LUT6=1)
  Clock Path Skew:        0.265ns (DCD - SCD - CPR)
    Destination Clock Delay (DCD):    -0.849ns
    Source Clock Delay      (SCD):    -0.610ns
    Clock Pessimism Removal (CPR):    -0.504ns

    Location             Delay type                Incr(ns)  Path(ns)    Netlist Resource(s)
  -------------------------------------------------------------------    -------------------
                         (clock core_clk_raw rise edge)
                                                      0.000     0.000 r  
    E3                                                0.000     0.000 r  clk (IN)
                         net (fo=0)                   0.000     0.000    clk
    E3                   IBUF (Prop_ibuf_I_O)         0.250     0.250 r  clk_IBUF_inst/O
                         net (fo=1, routed)           0.440     0.690    clk_IBUF
    MMCME2_ADV_X1Y2      MMCME2_ADV (Prop_mmcme2_adv_CLKIN1_CLKOUT0)
                                                     -2.379    -1.689 r  u_mmcm/CLKOUT0
                         net (fo=1, routed)           0.499    -1.190    core_clk_raw
    BUFGCTRL_X0Y16       BUFG (Prop_bufg_I_O)         0.026    -1.164 r  u_core_clk_buf/O
                         net (fo=11093, routed)       0.554    -0.610    u_aes_gcm/u_core/core_clk
    SLICE_X55Y115        FDRE                                         r  u_aes_gcm/u_core/dataq0_block_r_reg[77]/C
  -------------------------------------------------------------------    -------------------
    SLICE_X55Y115        FDRE (Prop_fdre_C_Q)         0.141    -0.469 r  u_aes_gcm/u_core/dataq0_block_r_reg[77]/Q
                         net (fo=2, routed)           0.289    -0.180    u_aes_gcm/u_core/dataq0_block_r[77]
    SLICE_X47Y116        LUT6 (Prop_lut6_I1_O)        0.045    -0.135 r  u_aes_gcm/u_core/gh_input_data[77]_i_1/O
                         net (fo=1, routed)           0.000    -0.135    u_aes_gcm/u_core/gh_input_data[77]_i_1_n_0
    SLICE_X47Y116        FDRE                                         r  u_aes_gcm/u_core/gh_input_data_reg[77]/D
  -------------------------------------------------------------------    -------------------

                         (clock core_clk_raw rise edge)
                                                      0.000     0.000 r  
    E3                                                0.000     0.000 r  clk (IN)
                         net (fo=0)                   0.000     0.000    clk
    E3                   IBUF (Prop_ibuf_I_O)         0.438     0.438 r  clk_IBUF_inst/O
                         net (fo=1, routed)           0.480     0.918    clk_IBUF
    MMCME2_ADV_X1Y2      MMCME2_ADV (Prop_mmcme2_adv_CLKIN1_CLKOUT0)
                                                     -3.163    -2.245 r  u_mmcm/CLKOUT0
                         net (fo=1, routed)           0.544    -1.702    core_clk_raw
    BUFGCTRL_X0Y16       BUFG (Prop_bufg_I_O)         0.029    -1.673 r  u_core_clk_buf/O
                         net (fo=11093, routed)       0.824    -0.849    u_aes_gcm/u_core/core_clk
    SLICE_X47Y116        FDRE                                         r  u_aes_gcm/u_core/gh_input_data_reg[77]/C
                         clock pessimism              0.504    -0.345    
    SLICE_X47Y116        FDRE (Hold_fdre_C_D)         0.091    -0.254    u_aes_gcm/u_core/gh_input_data_reg[77]
  -------------------------------------------------------------------
                         required time                          0.254    
                         arrival time                          -0.135    
  -------------------------------------------------------------------
                         slack                                  0.119    

Slack (MET) :             0.120ns  (arrival time - required time)
  Source:                 u_aes_gcm/u_core/tag_mask_reg_reg[48]/C
                            (rising edge-triggered cell FDRE clocked by core_clk_raw  {rise@0.000ns fall@2.857ns period=5.714ns})
  Destination:            u_aes_gcm/u_core/final_tag_reg_reg[48]/D
                            (rising edge-triggered cell FDRE clocked by core_clk_raw  {rise@0.000ns fall@2.857ns period=5.714ns})
  Path Group:             core_clk_raw
  Path Type:              Hold (Min at Fast Process Corner)
  Requirement:            0.000ns  (core_clk_raw rise@0.000ns - core_clk_raw rise@0.000ns)
  Data Path Delay:        0.253ns  (logic 0.186ns (73.457%)  route 0.067ns (26.543%))
  Logic Levels:           1  (LUT2=1)
  Clock Path Skew:        0.013ns (DCD - SCD - CPR)
    Destination Clock Delay (DCD):    -0.814ns
    Source Clock Delay      (SCD):    -0.576ns
    Clock Pessimism Removal (CPR):    -0.251ns

    Location             Delay type                Incr(ns)  Path(ns)    Netlist Resource(s)
  -------------------------------------------------------------------    -------------------
                         (clock core_clk_raw rise edge)
                                                      0.000     0.000 r  
    E3                                                0.000     0.000 r  clk (IN)
                         net (fo=0)                   0.000     0.000    clk
    E3                   IBUF (Prop_ibuf_I_O)         0.250     0.250 r  clk_IBUF_inst/O
                         net (fo=1, routed)           0.440     0.690    clk_IBUF
    MMCME2_ADV_X1Y2      MMCME2_ADV (Prop_mmcme2_adv_CLKIN1_CLKOUT0)
                                                     -2.379    -1.689 r  u_mmcm/CLKOUT0
                         net (fo=1, routed)           0.499    -1.190    core_clk_raw
    BUFGCTRL_X0Y16       BUFG (Prop_bufg_I_O)         0.026    -1.164 r  u_core_clk_buf/O
                         net (fo=11093, routed)       0.588    -0.576    u_aes_gcm/u_core/core_clk
    SLICE_X3Y128         FDRE                                         r  u_aes_gcm/u_core/tag_mask_reg_reg[48]/C
  -------------------------------------------------------------------    -------------------
    SLICE_X3Y128         FDRE (Prop_fdre_C_Q)         0.141    -0.435 r  u_aes_gcm/u_core/tag_mask_reg_reg[48]/Q
                         net (fo=2, routed)           0.067    -0.368    u_aes_gcm/u_core/tag_mask_reg_reg_n_0_[48]
    SLICE_X2Y128         LUT2 (Prop_lut2_I0_O)        0.045    -0.323 r  u_aes_gcm/u_core/final_tag_reg[48]_i_1/O
                         net (fo=1, routed)           0.000    -0.323    u_aes_gcm/u_core/final_tag_reg[48]_i_1_n_0
    SLICE_X2Y128         FDRE                                         r  u_aes_gcm/u_core/final_tag_reg_reg[48]/D
  -------------------------------------------------------------------    -------------------

                         (clock core_clk_raw rise edge)
                                                      0.000     0.000 r  
    E3                                                0.000     0.000 r  clk (IN)
                         net (fo=0)                   0.000     0.000    clk
    E3                   IBUF (Prop_ibuf_I_O)         0.438     0.438 r  clk_IBUF_inst/O
                         net (fo=1, routed)           0.480     0.918    clk_IBUF
    MMCME2_ADV_X1Y2      MMCME2_ADV (Prop_mmcme2_adv_CLKIN1_CLKOUT0)
                                                     -3.163    -2.245 r  u_mmcm/CLKOUT0
                         net (fo=1, routed)           0.544    -1.702    core_clk_raw
    BUFGCTRL_X0Y16       BUFG (Prop_bufg_I_O)         0.029    -1.673 r  u_core_clk_buf/O
                         net (fo=11093, routed)       0.859    -0.814    u_aes_gcm/u_core/core_clk
    SLICE_X2Y128         FDRE                                         r  u_aes_gcm/u_core/final_tag_reg_reg[48]/C
                         clock pessimism              0.251    -0.563    
    SLICE_X2Y128         FDRE (Hold_fdre_C_D)         0.120    -0.443    u_aes_gcm/u_core/final_tag_reg_reg[48]
  -------------------------------------------------------------------
                         required time                          0.443    
                         arrival time                          -0.323    
  -------------------------------------------------------------------
                         slack                                  0.120    

Slack (MET) :             0.121ns  (arrival time - required time)
  Source:                 u_aes_gcm/u_core/u_aes_second_engine/block_out_r_reg[31]/C
                            (rising edge-triggered cell FDRE clocked by core_clk_raw  {rise@0.000ns fall@2.857ns period=5.714ns})
  Destination:            u_aes_gcm/u_core/aes_second_result_block_r_reg[31]/D
                            (rising edge-triggered cell FDRE clocked by core_clk_raw  {rise@0.000ns fall@2.857ns period=5.714ns})
  Path Group:             core_clk_raw
  Path Type:              Hold (Min at Fast Process Corner)
  Requirement:            0.000ns  (core_clk_raw rise@0.000ns - core_clk_raw rise@0.000ns)
  Data Path Delay:        0.366ns  (logic 0.164ns (44.760%)  route 0.202ns (55.240%))
  Logic Levels:           0  
  Clock Path Skew:        0.182ns (DCD - SCD - CPR)
    Destination Clock Delay (DCD):    -0.844ns
    Source Clock Delay      (SCD):    -0.523ns
    Clock Pessimism Removal (CPR):    -0.504ns

    Location             Delay type                Incr(ns)  Path(ns)    Netlist Resource(s)
  -------------------------------------------------------------------    -------------------
                         (clock core_clk_raw rise edge)
                                                      0.000     0.000 r  
    E3                                                0.000     0.000 r  clk (IN)
                         net (fo=0)                   0.000     0.000    clk
    E3                   IBUF (Prop_ibuf_I_O)         0.250     0.250 r  clk_IBUF_inst/O
                         net (fo=1, routed)           0.440     0.690    clk_IBUF
    MMCME2_ADV_X1Y2      MMCME2_ADV (Prop_mmcme2_adv_CLKIN1_CLKOUT0)
                                                     -2.379    -1.689 r  u_mmcm/CLKOUT0
                         net (fo=1, routed)           0.499    -1.190    core_clk_raw
    BUFGCTRL_X0Y16       BUFG (Prop_bufg_I_O)         0.026    -1.164 r  u_core_clk_buf/O
                         net (fo=11093, routed)       0.641    -0.523    u_aes_gcm/u_core/u_aes_second_engine/core_clk
    SLICE_X54Y150        FDRE                                         r  u_aes_gcm/u_core/u_aes_second_engine/block_out_r_reg[31]/C
  -------------------------------------------------------------------    -------------------
    SLICE_X54Y150        FDRE (Prop_fdre_C_Q)         0.164    -0.359 r  u_aes_gcm/u_core/u_aes_second_engine/block_out_r_reg[31]/Q
                         net (fo=1, routed)           0.202    -0.156    u_aes_gcm/u_core/aes_second_out[31]
    SLICE_X56Y143        FDRE                                         r  u_aes_gcm/u_core/aes_second_result_block_r_reg[31]/D
  -------------------------------------------------------------------    -------------------

                         (clock core_clk_raw rise edge)
                                                      0.000     0.000 r  
    E3                                                0.000     0.000 r  clk (IN)
                         net (fo=0)                   0.000     0.000    clk
    E3                   IBUF (Prop_ibuf_I_O)         0.438     0.438 r  clk_IBUF_inst/O
                         net (fo=1, routed)           0.480     0.918    clk_IBUF
    MMCME2_ADV_X1Y2      MMCME2_ADV (Prop_mmcme2_adv_CLKIN1_CLKOUT0)
                                                     -3.163    -2.245 r  u_mmcm/CLKOUT0
                         net (fo=1, routed)           0.544    -1.702    core_clk_raw
    BUFGCTRL_X0Y16       BUFG (Prop_bufg_I_O)         0.029    -1.673 r  u_core_clk_buf/O
                         net (fo=11093, routed)       0.829    -0.844    u_aes_gcm/u_core/core_clk
    SLICE_X56Y143        FDRE                                         r  u_aes_gcm/u_core/aes_second_result_block_r_reg[31]/C
                         clock pessimism              0.504    -0.340    
    SLICE_X56Y143        FDRE (Hold_fdre_C_D)         0.063    -0.277    u_aes_gcm/u_core/aes_second_result_block_r_reg[31]
  -------------------------------------------------------------------
                         required time                          0.277    
                         arrival time                          -0.156    
  -------------------------------------------------------------------
                         slack                                  0.121    

Slack (MET) :             0.121ns  (arrival time - required time)
  Source:                 u_aes_gcm/u_core/ct_prod_data_reg[35]/C
                            (rising edge-triggered cell FDRE clocked by core_clk_raw  {rise@0.000ns fall@2.857ns period=5.714ns})
  Destination:            u_aes_gcm/u_core/u_ciphertext_fifo/mem_reg_0_3_30_35/RAMC_D1/I
                            (rising edge-triggered cell RAMD32 clocked by core_clk_raw  {rise@0.000ns fall@2.857ns period=5.714ns})
  Path Group:             core_clk_raw
  Path Type:              Hold (Min at Fast Process Corner)
  Requirement:            0.000ns  (core_clk_raw rise@0.000ns - core_clk_raw rise@0.000ns)
  Data Path Delay:        0.498ns  (logic 0.141ns (28.321%)  route 0.357ns (71.679%))
  Logic Levels:           0  
  Clock Path Skew:        0.263ns (DCD - SCD - CPR)
    Destination Clock Delay (DCD):    -0.858ns
    Source Clock Delay      (SCD):    -0.617ns
    Clock Pessimism Removal (CPR):    -0.504ns

    Location             Delay type                Incr(ns)  Path(ns)    Netlist Resource(s)
  -------------------------------------------------------------------    -------------------
                         (clock core_clk_raw rise edge)
                                                      0.000     0.000 r  
    E3                                                0.000     0.000 r  clk (IN)
                         net (fo=0)                   0.000     0.000    clk
    E3                   IBUF (Prop_ibuf_I_O)         0.250     0.250 r  clk_IBUF_inst/O
                         net (fo=1, routed)           0.440     0.690    clk_IBUF
    MMCME2_ADV_X1Y2      MMCME2_ADV (Prop_mmcme2_adv_CLKIN1_CLKOUT0)
                                                     -2.379    -1.689 r  u_mmcm/CLKOUT0
                         net (fo=1, routed)           0.499    -1.190    core_clk_raw
    BUFGCTRL_X0Y16       BUFG (Prop_bufg_I_O)         0.026    -1.164 r  u_core_clk_buf/O
                         net (fo=11093, routed)       0.547    -0.617    u_aes_gcm/u_core/core_clk
    SLICE_X61Y125        FDRE                                         r  u_aes_gcm/u_core/ct_prod_data_reg[35]/C
  -------------------------------------------------------------------    -------------------
    SLICE_X61Y125        FDRE (Prop_fdre_C_Q)         0.141    -0.476 r  u_aes_gcm/u_core/ct_prod_data_reg[35]/Q
                         net (fo=3, routed)           0.357    -0.119    u_aes_gcm/u_core/u_ciphertext_fifo/mem_reg_0_3_30_35/DIC1
    SLICE_X46Y124        RAMD32                                       r  u_aes_gcm/u_core/u_ciphertext_fifo/mem_reg_0_3_30_35/RAMC_D1/I
  -------------------------------------------------------------------    -------------------

                         (clock core_clk_raw rise edge)
                                                      0.000     0.000 r  
    E3                                                0.000     0.000 r  clk (IN)
                         net (fo=0)                   0.000     0.000    clk
    E3                   IBUF (Prop_ibuf_I_O)         0.438     0.438 r  clk_IBUF_inst/O
                         net (fo=1, routed)           0.480     0.918    clk_IBUF
    MMCME2_ADV_X1Y2      MMCME2_ADV (Prop_mmcme2_adv_CLKIN1_CLKOUT0)
                                                     -3.163    -2.245 r  u_mmcm/CLKOUT0
                         net (fo=1, routed)           0.544    -1.702    core_clk_raw
    BUFGCTRL_X0Y16       BUFG (Prop_bufg_I_O)         0.029    -1.673 r  u_core_clk_buf/O
                         net (fo=11093, routed)       0.815    -0.858    u_aes_gcm/u_core/u_ciphertext_fifo/mem_reg_0_3_30_35/WCLK
    SLICE_X46Y124        RAMD32                                       r  u_aes_gcm/u_core/u_ciphertext_fifo/mem_reg_0_3_30_35/RAMC_D1/CLK
                         clock pessimism              0.504    -0.354    
    SLICE_X46Y124        RAMD32 (Hold_ramd32_CLK_I)
                                                      0.114    -0.240    u_aes_gcm/u_core/u_ciphertext_fifo/mem_reg_0_3_30_35/RAMC_D1
  -------------------------------------------------------------------
                         required time                          0.240    
                         arrival time                          -0.119    
  -------------------------------------------------------------------
                         slack                                  0.121    

Slack (MET) :             0.121ns  (arrival time - required time)
  Source:                 u_aes_gcm/u_core/tag_mask_reg_reg[61]/C
                            (rising edge-triggered cell FDRE clocked by core_clk_raw  {rise@0.000ns fall@2.857ns period=5.714ns})
  Destination:            u_aes_gcm/u_core/final_tag_reg_reg[61]/D
                            (rising edge-triggered cell FDRE clocked by core_clk_raw  {rise@0.000ns fall@2.857ns period=5.714ns})
  Path Group:             core_clk_raw
  Path Type:              Hold (Min at Fast Process Corner)
  Requirement:            0.000ns  (core_clk_raw rise@0.000ns - core_clk_raw rise@0.000ns)
  Data Path Delay:        0.254ns  (logic 0.186ns (73.160%)  route 0.068ns (26.840%))
  Logic Levels:           1  (LUT2=1)
  Clock Path Skew:        0.013ns (DCD - SCD - CPR)
    Destination Clock Delay (DCD):    -0.817ns
    Source Clock Delay      (SCD):    -0.577ns
    Clock Pessimism Removal (CPR):    -0.253ns

    Location             Delay type                Incr(ns)  Path(ns)    Netlist Resource(s)
  -------------------------------------------------------------------    -------------------
                         (clock core_clk_raw rise edge)
                                                      0.000     0.000 r  
    E3                                                0.000     0.000 r  clk (IN)
                         net (fo=0)                   0.000     0.000    clk
    E3                   IBUF (Prop_ibuf_I_O)         0.250     0.250 r  clk_IBUF_inst/O
                         net (fo=1, routed)           0.440     0.690    clk_IBUF
    MMCME2_ADV_X1Y2      MMCME2_ADV (Prop_mmcme2_adv_CLKIN1_CLKOUT0)
                                                     -2.379    -1.689 r  u_mmcm/CLKOUT0
                         net (fo=1, routed)           0.499    -1.190    core_clk_raw
    BUFGCTRL_X0Y16       BUFG (Prop_bufg_I_O)         0.026    -1.164 r  u_core_clk_buf/O
                         net (fo=11093, routed)       0.587    -0.577    u_aes_gcm/u_core/core_clk
    SLICE_X7Y128         FDRE                                         r  u_aes_gcm/u_core/tag_mask_reg_reg[61]/C
  -------------------------------------------------------------------    -------------------
    SLICE_X7Y128         FDRE (Prop_fdre_C_Q)         0.141    -0.436 r  u_aes_gcm/u_core/tag_mask_reg_reg[61]/Q
                         net (fo=2, routed)           0.068    -0.368    u_aes_gcm/u_core/tag_mask_reg_reg_n_0_[61]
    SLICE_X6Y128         LUT2 (Prop_lut2_I0_O)        0.045    -0.323 r  u_aes_gcm/u_core/final_tag_reg[61]_i_1/O
                         net (fo=1, routed)           0.000    -0.323    u_aes_gcm/u_core/final_tag_reg[61]_i_1_n_0
    SLICE_X6Y128         FDRE                                         r  u_aes_gcm/u_core/final_tag_reg_reg[61]/D
  -------------------------------------------------------------------    -------------------

                         (clock core_clk_raw rise edge)
                                                      0.000     0.000 r  
    E3                                                0.000     0.000 r  clk (IN)
                         net (fo=0)                   0.000     0.000    clk
    E3                   IBUF (Prop_ibuf_I_O)         0.438     0.438 r  clk_IBUF_inst/O
                         net (fo=1, routed)           0.480     0.918    clk_IBUF
    MMCME2_ADV_X1Y2      MMCME2_ADV (Prop_mmcme2_adv_CLKIN1_CLKOUT0)
                                                     -3.163    -2.245 r  u_mmcm/CLKOUT0
                         net (fo=1, routed)           0.544    -1.702    core_clk_raw
    BUFGCTRL_X0Y16       BUFG (Prop_bufg_I_O)         0.029    -1.673 r  u_core_clk_buf/O
                         net (fo=11093, routed)       0.855    -0.817    u_aes_gcm/u_core/core_clk
    SLICE_X6Y128         FDRE                                         r  u_aes_gcm/u_core/final_tag_reg_reg[61]/C
                         clock pessimism              0.253    -0.564    
    SLICE_X6Y128         FDRE (Hold_fdre_C_D)         0.120    -0.444    u_aes_gcm/u_core/final_tag_reg_reg[61]
  -------------------------------------------------------------------
                         required time                          0.444    
                         arrival time                          -0.323    
  -------------------------------------------------------------------
                         slack                                  0.121    

Slack (MET) :             0.121ns  (arrival time - required time)
  Source:                 u_aes_gcm/u_core/tag_mask_reg_reg[55]/C
                            (rising edge-triggered cell FDRE clocked by core_clk_raw  {rise@0.000ns fall@2.857ns period=5.714ns})
  Destination:            u_aes_gcm/u_core/final_tag_reg_reg[55]/D
                            (rising edge-triggered cell FDRE clocked by core_clk_raw  {rise@0.000ns fall@2.857ns period=5.714ns})
  Path Group:             core_clk_raw
  Path Type:              Hold (Min at Fast Process Corner)
  Requirement:            0.000ns  (core_clk_raw rise@0.000ns - core_clk_raw rise@0.000ns)
  Data Path Delay:        0.254ns  (logic 0.186ns (73.160%)  route 0.068ns (26.840%))
  Logic Levels:           1  (LUT2=1)
  Clock Path Skew:        0.013ns (DCD - SCD - CPR)
    Destination Clock Delay (DCD):    -0.815ns
    Source Clock Delay      (SCD):    -0.576ns
    Clock Pessimism Removal (CPR):    -0.252ns

    Location             Delay type                Incr(ns)  Path(ns)    Netlist Resource(s)
  -------------------------------------------------------------------    -------------------
                         (clock core_clk_raw rise edge)
                                                      0.000     0.000 r  
    E3                                                0.000     0.000 r  clk (IN)
                         net (fo=0)                   0.000     0.000    clk
    E3                   IBUF (Prop_ibuf_I_O)         0.250     0.250 r  clk_IBUF_inst/O
                         net (fo=1, routed)           0.440     0.690    clk_IBUF
    MMCME2_ADV_X1Y2      MMCME2_ADV (Prop_mmcme2_adv_CLKIN1_CLKOUT0)
                                                     -2.379    -1.689 r  u_mmcm/CLKOUT0
                         net (fo=1, routed)           0.499    -1.190    core_clk_raw
    BUFGCTRL_X0Y16       BUFG (Prop_bufg_I_O)         0.026    -1.164 r  u_core_clk_buf/O
                         net (fo=11093, routed)       0.588    -0.576    u_aes_gcm/u_core/core_clk
    SLICE_X3Y127         FDRE                                         r  u_aes_gcm/u_core/tag_mask_reg_reg[55]/C
  -------------------------------------------------------------------    -------------------
    SLICE_X3Y127         FDRE (Prop_fdre_C_Q)         0.141    -0.435 r  u_aes_gcm/u_core/tag_mask_reg_reg[55]/Q
                         net (fo=2, routed)           0.068    -0.367    u_aes_gcm/u_core/tag_mask_reg_reg_n_0_[55]
    SLICE_X2Y127         LUT2 (Prop_lut2_I0_O)        0.045    -0.322 r  u_aes_gcm/u_core/final_tag_reg[55]_i_1/O
                         net (fo=1, routed)           0.000    -0.322    u_aes_gcm/u_core/final_tag_reg[55]_i_1_n_0
    SLICE_X2Y127         FDRE                                         r  u_aes_gcm/u_core/final_tag_reg_reg[55]/D
  -------------------------------------------------------------------    -------------------

                         (clock core_clk_raw rise edge)
                                                      0.000     0.000 r  
    E3                                                0.000     0.000 r  clk (IN)
                         net (fo=0)                   0.000     0.000    clk
    E3                   IBUF (Prop_ibuf_I_O)         0.438     0.438 r  clk_IBUF_inst/O
                         net (fo=1, routed)           0.480     0.918    clk_IBUF
    MMCME2_ADV_X1Y2      MMCME2_ADV (Prop_mmcme2_adv_CLKIN1_CLKOUT0)
                                                     -3.163    -2.245 r  u_mmcm/CLKOUT0
                         net (fo=1, routed)           0.544    -1.702    core_clk_raw
    BUFGCTRL_X0Y16       BUFG (Prop_bufg_I_O)         0.029    -1.673 r  u_core_clk_buf/O
                         net (fo=11093, routed)       0.858    -0.815    u_aes_gcm/u_core/core_clk
    SLICE_X2Y127         FDRE                                         r  u_aes_gcm/u_core/final_tag_reg_reg[55]/C
                         clock pessimism              0.252    -0.563    
    SLICE_X2Y127         FDRE (Hold_fdre_C_D)         0.120    -0.443    u_aes_gcm/u_core/final_tag_reg_reg[55]
  -------------------------------------------------------------------
                         required time                          0.443    
                         arrival time                          -0.322    
  -------------------------------------------------------------------
                         slack                                  0.121    

Slack (MET) :             0.122ns  (arrival time - required time)
  Source:                 run_req_sync_r_reg[0]/C
                            (rising edge-triggered cell FDRE clocked by core_clk_raw  {rise@0.000ns fall@2.857ns period=5.714ns})
  Destination:            run_req_sync_r_reg[1]/D
                            (rising edge-triggered cell FDRE clocked by core_clk_raw  {rise@0.000ns fall@2.857ns period=5.714ns})
  Path Group:             core_clk_raw
  Path Type:              Hold (Min at Fast Process Corner)
  Requirement:            0.000ns  (core_clk_raw rise@0.000ns - core_clk_raw rise@0.000ns)
  Data Path Delay:        0.197ns  (logic 0.141ns (71.611%)  route 0.056ns (28.389%))
  Logic Levels:           0  
  Clock Path Skew:        0.000ns (DCD - SCD - CPR)
    Destination Clock Delay (DCD):    -0.846ns
    Source Clock Delay      (SCD):    -0.607ns
    Clock Pessimism Removal (CPR):    -0.239ns

    Location             Delay type                Incr(ns)  Path(ns)    Netlist Resource(s)
  -------------------------------------------------------------------    -------------------
                         (clock core_clk_raw rise edge)
                                                      0.000     0.000 r  
    E3                                                0.000     0.000 r  clk (IN)
                         net (fo=0)                   0.000     0.000    clk
    E3                   IBUF (Prop_ibuf_I_O)         0.250     0.250 r  clk_IBUF_inst/O
                         net (fo=1, routed)           0.440     0.690    clk_IBUF
    MMCME2_ADV_X1Y2      MMCME2_ADV (Prop_mmcme2_adv_CLKIN1_CLKOUT0)
                                                     -2.379    -1.689 r  u_mmcm/CLKOUT0
                         net (fo=1, routed)           0.499    -1.190    core_clk_raw
    BUFGCTRL_X0Y16       BUFG (Prop_bufg_I_O)         0.026    -1.164 r  u_core_clk_buf/O
                         net (fo=11093, routed)       0.557    -0.607    core_clk
    SLICE_X51Y110        FDRE                                         r  run_req_sync_r_reg[0]/C
  -------------------------------------------------------------------    -------------------
    SLICE_X51Y110        FDRE (Prop_fdre_C_Q)         0.141    -0.466 r  run_req_sync_r_reg[0]/Q
                         net (fo=1, routed)           0.056    -0.410    run_req_sync_r[0]
    SLICE_X51Y110        FDRE                                         r  run_req_sync_r_reg[1]/D
  -------------------------------------------------------------------    -------------------

                         (clock core_clk_raw rise edge)
                                                      0.000     0.000 r  
    E3                                                0.000     0.000 r  clk (IN)
                         net (fo=0)                   0.000     0.000    clk
    E3                   IBUF (Prop_ibuf_I_O)         0.438     0.438 r  clk_IBUF_inst/O
                         net (fo=1, routed)           0.480     0.918    clk_IBUF
    MMCME2_ADV_X1Y2      MMCME2_ADV (Prop_mmcme2_adv_CLKIN1_CLKOUT0)
                                                     -3.163    -2.245 r  u_mmcm/CLKOUT0
                         net (fo=1, routed)           0.544    -1.702    core_clk_raw
    BUFGCTRL_X0Y16       BUFG (Prop_bufg_I_O)         0.029    -1.673 r  u_core_clk_buf/O
                         net (fo=11093, routed)       0.827    -0.846    core_clk
    SLICE_X51Y110        FDRE                                         r  run_req_sync_r_reg[1]/C
                         clock pessimism              0.239    -0.607    
    SLICE_X51Y110        FDRE (Hold_fdre_C_D)         0.075    -0.532    run_req_sync_r_reg[1]
  -------------------------------------------------------------------
                         required time                          0.532    
                         arrival time                          -0.410    
  -------------------------------------------------------------------
                         slack                                  0.122    

Slack (MET) :             0.123ns  (arrival time - required time)
  Source:                 u_aes_gcm/u_input_queue/wr_ptr_reg[0]/C
                            (rising edge-triggered cell FDRE clocked by core_clk_raw  {rise@0.000ns fall@2.857ns period=5.714ns})
  Destination:            u_aes_gcm/u_input_queue/mem_reg_0_1_0_5/RAMA/WADR0
                            (rising edge-triggered cell RAMD32 clocked by core_clk_raw  {rise@0.000ns fall@2.857ns period=5.714ns})
  Path Group:             core_clk_raw
  Path Type:              Hold (Min at Fast Process Corner)
  Requirement:            0.000ns  (core_clk_raw rise@0.000ns - core_clk_raw rise@0.000ns)
  Data Path Delay:        0.467ns  (logic 0.141ns (30.184%)  route 0.326ns (69.816%))
  Logic Levels:           0  
  Clock Path Skew:        0.034ns (DCD - SCD - CPR)
    Destination Clock Delay (DCD):    -0.841ns
    Source Clock Delay      (SCD):    -0.600ns
    Clock Pessimism Removal (CPR):    -0.275ns

    Location             Delay type                Incr(ns)  Path(ns)    Netlist Resource(s)
  -------------------------------------------------------------------    -------------------
                         (clock core_clk_raw rise edge)
                                                      0.000     0.000 r  
    E3                                                0.000     0.000 r  clk (IN)
                         net (fo=0)                   0.000     0.000    clk
    E3                   IBUF (Prop_ibuf_I_O)         0.250     0.250 r  clk_IBUF_inst/O
                         net (fo=1, routed)           0.440     0.690    clk_IBUF
    MMCME2_ADV_X1Y2      MMCME2_ADV (Prop_mmcme2_adv_CLKIN1_CLKOUT0)
                                                     -2.379    -1.689 r  u_mmcm/CLKOUT0
                         net (fo=1, routed)           0.499    -1.190    core_clk_raw
    BUFGCTRL_X0Y16       BUFG (Prop_bufg_I_O)         0.026    -1.164 r  u_core_clk_buf/O
                         net (fo=11093, routed)       0.564    -0.600    u_aes_gcm/u_input_queue/core_clk
    SLICE_X29Y139        FDRE                                         r  u_aes_gcm/u_input_queue/wr_ptr_reg[0]/C
  -------------------------------------------------------------------    -------------------
    SLICE_X29Y139        FDRE (Prop_fdre_C_Q)         0.141    -0.459 r  u_aes_gcm/u_input_queue/wr_ptr_reg[0]/Q
                         net (fo=17, routed)          0.326    -0.133    u_aes_gcm/u_input_queue/mem_reg_0_1_0_5/ADDRD0
    SLICE_X30Y137        RAMD32                                       r  u_aes_gcm/u_input_queue/mem_reg_0_1_0_5/RAMA/WADR0
  -------------------------------------------------------------------    -------------------

                         (clock core_clk_raw rise edge)
                                                      0.000     0.000 r  
    E3                                                0.000     0.000 r  clk (IN)
                         net (fo=0)                   0.000     0.000    clk
    E3                   IBUF (Prop_ibuf_I_O)         0.438     0.438 r  clk_IBUF_inst/O
                         net (fo=1, routed)           0.480     0.918    clk_IBUF
    MMCME2_ADV_X1Y2      MMCME2_ADV (Prop_mmcme2_adv_CLKIN1_CLKOUT0)
                                                     -3.163    -2.245 r  u_mmcm/CLKOUT0
                         net (fo=1, routed)           0.544    -1.702    core_clk_raw
    BUFGCTRL_X0Y16       BUFG (Prop_bufg_I_O)         0.029    -1.673 r  u_core_clk_buf/O
                         net (fo=11093, routed)       0.832    -0.841    u_aes_gcm/u_input_queue/mem_reg_0_1_0_5/WCLK
    SLICE_X30Y137        RAMD32                                       r  u_aes_gcm/u_input_queue/mem_reg_0_1_0_5/RAMA/CLK
                         clock pessimism              0.275    -0.566    
    SLICE_X30Y137        RAMD32 (Hold_ramd32_CLK_WADR0)
                                                      0.310    -0.256    u_aes_gcm/u_input_queue/mem_reg_0_1_0_5/RAMA
  -------------------------------------------------------------------
                         required time                          0.256    
                         arrival time                          -0.133    
  -------------------------------------------------------------------
                         slack                                  0.123    

Slack (MET) :             0.123ns  (arrival time - required time)
  Source:                 u_aes_gcm/u_input_queue/wr_ptr_reg[0]/C
                            (rising edge-triggered cell FDRE clocked by core_clk_raw  {rise@0.000ns fall@2.857ns period=5.714ns})
  Destination:            u_aes_gcm/u_input_queue/mem_reg_0_1_0_5/RAMA_D1/WADR0
                            (rising edge-triggered cell RAMD32 clocked by core_clk_raw  {rise@0.000ns fall@2.857ns period=5.714ns})
  Path Group:             core_clk_raw
  Path Type:              Hold (Min at Fast Process Corner)
  Requirement:            0.000ns  (core_clk_raw rise@0.000ns - core_clk_raw rise@0.000ns)
  Data Path Delay:        0.467ns  (logic 0.141ns (30.184%)  route 0.326ns (69.816%))
  Logic Levels:           0  
  Clock Path Skew:        0.034ns (DCD - SCD - CPR)
    Destination Clock Delay (DCD):    -0.841ns
    Source Clock Delay      (SCD):    -0.600ns
    Clock Pessimism Removal (CPR):    -0.275ns

    Location             Delay type                Incr(ns)  Path(ns)    Netlist Resource(s)
  -------------------------------------------------------------------    -------------------
                         (clock core_clk_raw rise edge)
                                                      0.000     0.000 r  
    E3                                                0.000     0.000 r  clk (IN)
                         net (fo=0)                   0.000     0.000    clk
    E3                   IBUF (Prop_ibuf_I_O)         0.250     0.250 r  clk_IBUF_inst/O
                         net (fo=1, routed)           0.440     0.690    clk_IBUF
    MMCME2_ADV_X1Y2      MMCME2_ADV (Prop_mmcme2_adv_CLKIN1_CLKOUT0)
                                                     -2.379    -1.689 r  u_mmcm/CLKOUT0
                         net (fo=1, routed)           0.499    -1.190    core_clk_raw
    BUFGCTRL_X0Y16       BUFG (Prop_bufg_I_O)         0.026    -1.164 r  u_core_clk_buf/O
                         net (fo=11093, routed)       0.564    -0.600    u_aes_gcm/u_input_queue/core_clk
    SLICE_X29Y139        FDRE                                         r  u_aes_gcm/u_input_queue/wr_ptr_reg[0]/C
  -------------------------------------------------------------------    -------------------
    SLICE_X29Y139        FDRE (Prop_fdre_C_Q)         0.141    -0.459 r  u_aes_gcm/u_input_queue/wr_ptr_reg[0]/Q
                         net (fo=17, routed)          0.326    -0.133    u_aes_gcm/u_input_queue/mem_reg_0_1_0_5/ADDRD0
    SLICE_X30Y137        RAMD32                                       r  u_aes_gcm/u_input_queue/mem_reg_0_1_0_5/RAMA_D1/WADR0
  -------------------------------------------------------------------    -------------------

                         (clock core_clk_raw rise edge)
                                                      0.000     0.000 r  
    E3                                                0.000     0.000 r  clk (IN)
                         net (fo=0)                   0.000     0.000    clk
    E3                   IBUF (Prop_ibuf_I_O)         0.438     0.438 r  clk_IBUF_inst/O
                         net (fo=1, routed)           0.480     0.918    clk_IBUF
    MMCME2_ADV_X1Y2      MMCME2_ADV (Prop_mmcme2_adv_CLKIN1_CLKOUT0)
                                                     -3.163    -2.245 r  u_mmcm/CLKOUT0
                         net (fo=1, routed)           0.544    -1.702    core_clk_raw
    BUFGCTRL_X0Y16       BUFG (Prop_bufg_I_O)         0.029    -1.673 r  u_core_clk_buf/O
                         net (fo=11093, routed)       0.832    -0.841    u_aes_gcm/u_input_queue/mem_reg_0_1_0_5/WCLK
    SLICE_X30Y137        RAMD32                                       r  u_aes_gcm/u_input_queue/mem_reg_0_1_0_5/RAMA_D1/CLK
                         clock pessimism              0.275    -0.566    
    SLICE_X30Y137        RAMD32 (Hold_ramd32_CLK_WADR0)
                                                      0.310    -0.256    u_aes_gcm/u_input_queue/mem_reg_0_1_0_5/RAMA_D1
  -------------------------------------------------------------------
                         required time                          0.256    
                         arrival time                          -0.133    
  -------------------------------------------------------------------
                         slack                                  0.123    

Slack (MET) :             0.123ns  (arrival time - required time)
  Source:                 u_aes_gcm/u_input_queue/wr_ptr_reg[0]/C
                            (rising edge-triggered cell FDRE clocked by core_clk_raw  {rise@0.000ns fall@2.857ns period=5.714ns})
  Destination:            u_aes_gcm/u_input_queue/mem_reg_0_1_0_5/RAMB/WADR0
                            (rising edge-triggered cell RAMD32 clocked by core_clk_raw  {rise@0.000ns fall@2.857ns period=5.714ns})
  Path Group:             core_clk_raw
  Path Type:              Hold (Min at Fast Process Corner)
  Requirement:            0.000ns  (core_clk_raw rise@0.000ns - core_clk_raw rise@0.000ns)
  Data Path Delay:        0.467ns  (logic 0.141ns (30.184%)  route 0.326ns (69.816%))
  Logic Levels:           0  
  Clock Path Skew:        0.034ns (DCD - SCD - CPR)
    Destination Clock Delay (DCD):    -0.841ns
    Source Clock Delay      (SCD):    -0.600ns
    Clock Pessimism Removal (CPR):    -0.275ns

    Location             Delay type                Incr(ns)  Path(ns)    Netlist Resource(s)
  -------------------------------------------------------------------    -------------------
                         (clock core_clk_raw rise edge)
                                                      0.000     0.000 r  
    E3                                                0.000     0.000 r  clk (IN)
                         net (fo=0)                   0.000     0.000    clk
    E3                   IBUF (Prop_ibuf_I_O)         0.250     0.250 r  clk_IBUF_inst/O
                         net (fo=1, routed)           0.440     0.690    clk_IBUF
    MMCME2_ADV_X1Y2      MMCME2_ADV (Prop_mmcme2_adv_CLKIN1_CLKOUT0)
                                                     -2.379    -1.689 r  u_mmcm/CLKOUT0
                         net (fo=1, routed)           0.499    -1.190    core_clk_raw
    BUFGCTRL_X0Y16       BUFG (Prop_bufg_I_O)         0.026    -1.164 r  u_core_clk_buf/O
                         net (fo=11093, routed)       0.564    -0.600    u_aes_gcm/u_input_queue/core_clk
    SLICE_X29Y139        FDRE                                         r  u_aes_gcm/u_input_queue/wr_ptr_reg[0]/C
  -------------------------------------------------------------------    -------------------
    SLICE_X29Y139        FDRE (Prop_fdre_C_Q)         0.141    -0.459 r  u_aes_gcm/u_input_queue/wr_ptr_reg[0]/Q
                         net (fo=17, routed)          0.326    -0.133    u_aes_gcm/u_input_queue/mem_reg_0_1_0_5/ADDRD0
    SLICE_X30Y137        RAMD32                                       r  u_aes_gcm/u_input_queue/mem_reg_0_1_0_5/RAMB/WADR0
  -------------------------------------------------------------------    -------------------

                         (clock core_clk_raw rise edge)
                                                      0.000     0.000 r  
    E3                                                0.000     0.000 r  clk (IN)
                         net (fo=0)                   0.000     0.000    clk
    E3                   IBUF (Prop_ibuf_I_O)         0.438     0.438 r  clk_IBUF_inst/O
                         net (fo=1, routed)           0.480     0.918    clk_IBUF
    MMCME2_ADV_X1Y2      MMCME2_ADV (Prop_mmcme2_adv_CLKIN1_CLKOUT0)
                                                     -3.163    -2.245 r  u_mmcm/CLKOUT0
                         net (fo=1, routed)           0.544    -1.702    core_clk_raw
    BUFGCTRL_X0Y16       BUFG (Prop_bufg_I_O)         0.029    -1.673 r  u_core_clk_buf/O
                         net (fo=11093, routed)       0.832    -0.841    u_aes_gcm/u_input_queue/mem_reg_0_1_0_5/WCLK
    SLICE_X30Y137        RAMD32                                       r  u_aes_gcm/u_input_queue/mem_reg_0_1_0_5/RAMB/CLK
                         clock pessimism              0.275    -0.566    
    SLICE_X30Y137        RAMD32 (Hold_ramd32_CLK_WADR0)
                                                      0.310    -0.256    u_aes_gcm/u_input_queue/mem_reg_0_1_0_5/RAMB
  -------------------------------------------------------------------
                         required time                          0.256    
                         arrival time                          -0.133    
  -------------------------------------------------------------------
                         slack                                  0.123    

Slack (MET) :             0.123ns  (arrival time - required time)
  Source:                 u_aes_gcm/u_input_queue/wr_ptr_reg[0]/C
                            (rising edge-triggered cell FDRE clocked by core_clk_raw  {rise@0.000ns fall@2.857ns period=5.714ns})
  Destination:            u_aes_gcm/u_input_queue/mem_reg_0_1_0_5/RAMB_D1/WADR0
                            (rising edge-triggered cell RAMD32 clocked by core_clk_raw  {rise@0.000ns fall@2.857ns period=5.714ns})
  Path Group:             core_clk_raw
  Path Type:              Hold (Min at Fast Process Corner)
  Requirement:            0.000ns  (core_clk_raw rise@0.000ns - core_clk_raw rise@0.000ns)
  Data Path Delay:        0.467ns  (logic 0.141ns (30.184%)  route 0.326ns (69.816%))
  Logic Levels:           0  
  Clock Path Skew:        0.034ns (DCD - SCD - CPR)
    Destination Clock Delay (DCD):    -0.841ns
    Source Clock Delay      (SCD):    -0.600ns
    Clock Pessimism Removal (CPR):    -0.275ns

    Location             Delay type                Incr(ns)  Path(ns)    Netlist Resource(s)
  -------------------------------------------------------------------    -------------------
                         (clock core_clk_raw rise edge)
                                                      0.000     0.000 r  
    E3                                                0.000     0.000 r  clk (IN)
                         net (fo=0)                   0.000     0.000    clk
    E3                   IBUF (Prop_ibuf_I_O)         0.250     0.250 r  clk_IBUF_inst/O
                         net (fo=1, routed)           0.440     0.690    clk_IBUF
    MMCME2_ADV_X1Y2      MMCME2_ADV (Prop_mmcme2_adv_CLKIN1_CLKOUT0)
                                                     -2.379    -1.689 r  u_mmcm/CLKOUT0
                         net (fo=1, routed)           0.499    -1.190    core_clk_raw
    BUFGCTRL_X0Y16       BUFG (Prop_bufg_I_O)         0.026    -1.164 r  u_core_clk_buf/O
                         net (fo=11093, routed)       0.564    -0.600    u_aes_gcm/u_input_queue/core_clk
    SLICE_X29Y139        FDRE                                         r  u_aes_gcm/u_input_queue/wr_ptr_reg[0]/C
  -------------------------------------------------------------------    -------------------
    SLICE_X29Y139        FDRE (Prop_fdre_C_Q)         0.141    -0.459 r  u_aes_gcm/u_input_queue/wr_ptr_reg[0]/Q
                         net (fo=17, routed)          0.326    -0.133    u_aes_gcm/u_input_queue/mem_reg_0_1_0_5/ADDRD0
    SLICE_X30Y137        RAMD32                                       r  u_aes_gcm/u_input_queue/mem_reg_0_1_0_5/RAMB_D1/WADR0
  -------------------------------------------------------------------    -------------------

                         (clock core_clk_raw rise edge)
                                                      0.000     0.000 r  
    E3                                                0.000     0.000 r  clk (IN)
                         net (fo=0)                   0.000     0.000    clk
    E3                   IBUF (Prop_ibuf_I_O)         0.438     0.438 r  clk_IBUF_inst/O
                         net (fo=1, routed)           0.480     0.918    clk_IBUF
    MMCME2_ADV_X1Y2      MMCME2_ADV (Prop_mmcme2_adv_CLKIN1_CLKOUT0)
                                                     -3.163    -2.245 r  u_mmcm/CLKOUT0
                         net (fo=1, routed)           0.544    -1.702    core_clk_raw
    BUFGCTRL_X0Y16       BUFG (Prop_bufg_I_O)         0.029    -1.673 r  u_core_clk_buf/O
                         net (fo=11093, routed)       0.832    -0.841    u_aes_gcm/u_input_queue/mem_reg_0_1_0_5/WCLK
    SLICE_X30Y137        RAMD32                                       r  u_aes_gcm/u_input_queue/mem_reg_0_1_0_5/RAMB_D1/CLK
                         clock pessimism              0.275    -0.566    
    SLICE_X30Y137        RAMD32 (Hold_ramd32_CLK_WADR0)
                                                      0.310    -0.256    u_aes_gcm/u_input_queue/mem_reg_0_1_0_5/RAMB_D1
  -------------------------------------------------------------------
                         required time                          0.256    
                         arrival time                          -0.133    
  -------------------------------------------------------------------
                         slack                                  0.123    

Slack (MET) :             0.123ns  (arrival time - required time)
  Source:                 u_aes_gcm/u_input_queue/wr_ptr_reg[0]/C
                            (rising edge-triggered cell FDRE clocked by core_clk_raw  {rise@0.000ns fall@2.857ns period=5.714ns})
  Destination:            u_aes_gcm/u_input_queue/mem_reg_0_1_0_5/RAMC/WADR0
                            (rising edge-triggered cell RAMD32 clocked by core_clk_raw  {rise@0.000ns fall@2.857ns period=5.714ns})
  Path Group:             core_clk_raw
  Path Type:              Hold (Min at Fast Process Corner)
  Requirement:            0.000ns  (core_clk_raw rise@0.000ns - core_clk_raw rise@0.000ns)
  Data Path Delay:        0.467ns  (logic 0.141ns (30.184%)  route 0.326ns (69.816%))
  Logic Levels:           0  
  Clock Path Skew:        0.034ns (DCD - SCD - CPR)
    Destination Clock Delay (DCD):    -0.841ns
    Source Clock Delay      (SCD):    -0.600ns
    Clock Pessimism Removal (CPR):    -0.275ns

    Location             Delay type                Incr(ns)  Path(ns)    Netlist Resource(s)
  -------------------------------------------------------------------    -------------------
                         (clock core_clk_raw rise edge)
                                                      0.000     0.000 r  
    E3                                                0.000     0.000 r  clk (IN)
                         net (fo=0)                   0.000     0.000    clk
    E3                   IBUF (Prop_ibuf_I_O)         0.250     0.250 r  clk_IBUF_inst/O
                         net (fo=1, routed)           0.440     0.690    clk_IBUF
    MMCME2_ADV_X1Y2      MMCME2_ADV (Prop_mmcme2_adv_CLKIN1_CLKOUT0)
                                                     -2.379    -1.689 r  u_mmcm/CLKOUT0
                         net (fo=1, routed)           0.499    -1.190    core_clk_raw
    BUFGCTRL_X0Y16       BUFG (Prop_bufg_I_O)         0.026    -1.164 r  u_core_clk_buf/O
                         net (fo=11093, routed)       0.564    -0.600    u_aes_gcm/u_input_queue/core_clk
    SLICE_X29Y139        FDRE                                         r  u_aes_gcm/u_input_queue/wr_ptr_reg[0]/C
  -------------------------------------------------------------------    -------------------
    SLICE_X29Y139        FDRE (Prop_fdre_C_Q)         0.141    -0.459 r  u_aes_gcm/u_input_queue/wr_ptr_reg[0]/Q
                         net (fo=17, routed)          0.326    -0.133    u_aes_gcm/u_input_queue/mem_reg_0_1_0_5/ADDRD0
    SLICE_X30Y137        RAMD32                                       r  u_aes_gcm/u_input_queue/mem_reg_0_1_0_5/RAMC/WADR0
  -------------------------------------------------------------------    -------------------

                         (clock core_clk_raw rise edge)
                                                      0.000     0.000 r  
    E3                                                0.000     0.000 r  clk (IN)
                         net (fo=0)                   0.000     0.000    clk
    E3                   IBUF (Prop_ibuf_I_O)         0.438     0.438 r  clk_IBUF_inst/O
                         net (fo=1, routed)           0.480     0.918    clk_IBUF
    MMCME2_ADV_X1Y2      MMCME2_ADV (Prop_mmcme2_adv_CLKIN1_CLKOUT0)
                                                     -3.163    -2.245 r  u_mmcm/CLKOUT0
                         net (fo=1, routed)           0.544    -1.702    core_clk_raw
    BUFGCTRL_X0Y16       BUFG (Prop_bufg_I_O)         0.029    -1.673 r  u_core_clk_buf/O
                         net (fo=11093, routed)       0.832    -0.841    u_aes_gcm/u_input_queue/mem_reg_0_1_0_5/WCLK
    SLICE_X30Y137        RAMD32                                       r  u_aes_gcm/u_input_queue/mem_reg_0_1_0_5/RAMC/CLK
                         clock pessimism              0.275    -0.566    
    SLICE_X30Y137        RAMD32 (Hold_ramd32_CLK_WADR0)
                                                      0.310    -0.256    u_aes_gcm/u_input_queue/mem_reg_0_1_0_5/RAMC
  -------------------------------------------------------------------
                         required time                          0.256    
                         arrival time                          -0.133    
  -------------------------------------------------------------------
                         slack                                  0.123    

Slack (MET) :             0.123ns  (arrival time - required time)
  Source:                 u_aes_gcm/u_input_queue/wr_ptr_reg[0]/C
                            (rising edge-triggered cell FDRE clocked by core_clk_raw  {rise@0.000ns fall@2.857ns period=5.714ns})
  Destination:            u_aes_gcm/u_input_queue/mem_reg_0_1_0_5/RAMC_D1/WADR0
                            (rising edge-triggered cell RAMD32 clocked by core_clk_raw  {rise@0.000ns fall@2.857ns period=5.714ns})
  Path Group:             core_clk_raw
  Path Type:              Hold (Min at Fast Process Corner)
  Requirement:            0.000ns  (core_clk_raw rise@0.000ns - core_clk_raw rise@0.000ns)
  Data Path Delay:        0.467ns  (logic 0.141ns (30.184%)  route 0.326ns (69.816%))
  Logic Levels:           0  
  Clock Path Skew:        0.034ns (DCD - SCD - CPR)
    Destination Clock Delay (DCD):    -0.841ns
    Source Clock Delay      (SCD):    -0.600ns
    Clock Pessimism Removal (CPR):    -0.275ns

    Location             Delay type                Incr(ns)  Path(ns)    Netlist Resource(s)
  -------------------------------------------------------------------    -------------------
                         (clock core_clk_raw rise edge)
                                                      0.000     0.000 r  
    E3                                                0.000     0.000 r  clk (IN)
                         net (fo=0)                   0.000     0.000    clk
    E3                   IBUF (Prop_ibuf_I_O)         0.250     0.250 r  clk_IBUF_inst/O
                         net (fo=1, routed)           0.440     0.690    clk_IBUF
    MMCME2_ADV_X1Y2      MMCME2_ADV (Prop_mmcme2_adv_CLKIN1_CLKOUT0)
                                                     -2.379    -1.689 r  u_mmcm/CLKOUT0
                         net (fo=1, routed)           0.499    -1.190    core_clk_raw
    BUFGCTRL_X0Y16       BUFG (Prop_bufg_I_O)         0.026    -1.164 r  u_core_clk_buf/O
                         net (fo=11093, routed)       0.564    -0.600    u_aes_gcm/u_input_queue/core_clk
    SLICE_X29Y139        FDRE                                         r  u_aes_gcm/u_input_queue/wr_ptr_reg[0]/C
  -------------------------------------------------------------------    -------------------
    SLICE_X29Y139        FDRE (Prop_fdre_C_Q)         0.141    -0.459 r  u_aes_gcm/u_input_queue/wr_ptr_reg[0]/Q
                         net (fo=17, routed)          0.326    -0.133    u_aes_gcm/u_input_queue/mem_reg_0_1_0_5/ADDRD0
    SLICE_X30Y137        RAMD32                                       r  u_aes_gcm/u_input_queue/mem_reg_0_1_0_5/RAMC_D1/WADR0
  -------------------------------------------------------------------    -------------------

                         (clock core_clk_raw rise edge)
                                                      0.000     0.000 r  
    E3                                                0.000     0.000 r  clk (IN)
                         net (fo=0)                   0.000     0.000    clk
    E3                   IBUF (Prop_ibuf_I_O)         0.438     0.438 r  clk_IBUF_inst/O
                         net (fo=1, routed)           0.480     0.918    clk_IBUF
    MMCME2_ADV_X1Y2      MMCME2_ADV (Prop_mmcme2_adv_CLKIN1_CLKOUT0)
                                                     -3.163    -2.245 r  u_mmcm/CLKOUT0
                         net (fo=1, routed)           0.544    -1.702    core_clk_raw
    BUFGCTRL_X0Y16       BUFG (Prop_bufg_I_O)         0.029    -1.673 r  u_core_clk_buf/O
                         net (fo=11093, routed)       0.832    -0.841    u_aes_gcm/u_input_queue/mem_reg_0_1_0_5/WCLK
    SLICE_X30Y137        RAMD32                                       r  u_aes_gcm/u_input_queue/mem_reg_0_1_0_5/RAMC_D1/CLK
                         clock pessimism              0.275    -0.566    
    SLICE_X30Y137        RAMD32 (Hold_ramd32_CLK_WADR0)
                                                      0.310    -0.256    u_aes_gcm/u_input_queue/mem_reg_0_1_0_5/RAMC_D1
  -------------------------------------------------------------------
                         required time                          0.256    
                         arrival time                          -0.133    
  -------------------------------------------------------------------
                         slack                                  0.123    

Slack (MET) :             0.123ns  (arrival time - required time)
  Source:                 u_aes_gcm/u_input_queue/wr_ptr_reg[0]/C
                            (rising edge-triggered cell FDRE clocked by core_clk_raw  {rise@0.000ns fall@2.857ns period=5.714ns})
  Destination:            u_aes_gcm/u_input_queue/mem_reg_0_1_0_5/RAMD/ADR0
                            (rising edge-triggered cell RAMS32 clocked by core_clk_raw  {rise@0.000ns fall@2.857ns period=5.714ns})
  Path Group:             core_clk_raw
  Path Type:              Hold (Min at Fast Process Corner)
  Requirement:            0.000ns  (core_clk_raw rise@0.000ns - core_clk_raw rise@0.000ns)
  Data Path Delay:        0.467ns  (logic 0.141ns (30.184%)  route 0.326ns (69.816%))
  Logic Levels:           0  
  Clock Path Skew:        0.034ns (DCD - SCD - CPR)
    Destination Clock Delay (DCD):    -0.841ns
    Source Clock Delay      (SCD):    -0.600ns
    Clock Pessimism Removal (CPR):    -0.275ns

    Location             Delay type                Incr(ns)  Path(ns)    Netlist Resource(s)
  -------------------------------------------------------------------    -------------------
                         (clock core_clk_raw rise edge)
                                                      0.000     0.000 r  
    E3                                                0.000     0.000 r  clk (IN)
                         net (fo=0)                   0.000     0.000    clk
    E3                   IBUF (Prop_ibuf_I_O)         0.250     0.250 r  clk_IBUF_inst/O
                         net (fo=1, routed)           0.440     0.690    clk_IBUF
    MMCME2_ADV_X1Y2      MMCME2_ADV (Prop_mmcme2_adv_CLKIN1_CLKOUT0)
                                                     -2.379    -1.689 r  u_mmcm/CLKOUT0
                         net (fo=1, routed)           0.499    -1.190    core_clk_raw
    BUFGCTRL_X0Y16       BUFG (Prop_bufg_I_O)         0.026    -1.164 r  u_core_clk_buf/O
                         net (fo=11093, routed)       0.564    -0.600    u_aes_gcm/u_input_queue/core_clk
    SLICE_X29Y139        FDRE                                         r  u_aes_gcm/u_input_queue/wr_ptr_reg[0]/C
  -------------------------------------------------------------------    -------------------
    SLICE_X29Y139        FDRE (Prop_fdre_C_Q)         0.141    -0.459 r  u_aes_gcm/u_input_queue/wr_ptr_reg[0]/Q
                         net (fo=17, routed)          0.326    -0.133    u_aes_gcm/u_input_queue/mem_reg_0_1_0_5/ADDRD0
    SLICE_X30Y137        RAMS32                                       r  u_aes_gcm/u_input_queue/mem_reg_0_1_0_5/RAMD/ADR0
  -------------------------------------------------------------------    -------------------

                         (clock core_clk_raw rise edge)
                                                      0.000     0.000 r  
    E3                                                0.000     0.000 r  clk (IN)
                         net (fo=0)                   0.000     0.000    clk
    E3                   IBUF (Prop_ibuf_I_O)         0.438     0.438 r  clk_IBUF_inst/O
                         net (fo=1, routed)           0.480     0.918    clk_IBUF
    MMCME2_ADV_X1Y2      MMCME2_ADV (Prop_mmcme2_adv_CLKIN1_CLKOUT0)
                                                     -3.163    -2.245 r  u_mmcm/CLKOUT0
                         net (fo=1, routed)           0.544    -1.702    core_clk_raw
    BUFGCTRL_X0Y16       BUFG (Prop_bufg_I_O)         0.029    -1.673 r  u_core_clk_buf/O
                         net (fo=11093, routed)       0.832    -0.841    u_aes_gcm/u_input_queue/mem_reg_0_1_0_5/WCLK
    SLICE_X30Y137        RAMS32                                       r  u_aes_gcm/u_input_queue/mem_reg_0_1_0_5/RAMD/CLK
                         clock pessimism              0.275    -0.566    
    SLICE_X30Y137        RAMS32 (Hold_rams32_CLK_ADR0)
                                                      0.310    -0.256    u_aes_gcm/u_input_queue/mem_reg_0_1_0_5/RAMD
  -------------------------------------------------------------------
                         required time                          0.256    
                         arrival time                          -0.133    
  -------------------------------------------------------------------
                         slack                                  0.123    

Slack (MET) :             0.123ns  (arrival time - required time)
  Source:                 u_aes_gcm/u_input_queue/wr_ptr_reg[0]/C
                            (rising edge-triggered cell FDRE clocked by core_clk_raw  {rise@0.000ns fall@2.857ns period=5.714ns})
  Destination:            u_aes_gcm/u_input_queue/mem_reg_0_1_0_5/RAMD_D1/ADR0
                            (rising edge-triggered cell RAMS32 clocked by core_clk_raw  {rise@0.000ns fall@2.857ns period=5.714ns})
  Path Group:             core_clk_raw
  Path Type:              Hold (Min at Fast Process Corner)
  Requirement:            0.000ns  (core_clk_raw rise@0.000ns - core_clk_raw rise@0.000ns)
  Data Path Delay:        0.467ns  (logic 0.141ns (30.184%)  route 0.326ns (69.816%))
  Logic Levels:           0  
  Clock Path Skew:        0.034ns (DCD - SCD - CPR)
    Destination Clock Delay (DCD):    -0.841ns
    Source Clock Delay      (SCD):    -0.600ns
    Clock Pessimism Removal (CPR):    -0.275ns

    Location             Delay type                Incr(ns)  Path(ns)    Netlist Resource(s)
  -------------------------------------------------------------------    -------------------
                         (clock core_clk_raw rise edge)
                                                      0.000     0.000 r  
    E3                                                0.000     0.000 r  clk (IN)
                         net (fo=0)                   0.000     0.000    clk
    E3                   IBUF (Prop_ibuf_I_O)         0.250     0.250 r  clk_IBUF_inst/O
                         net (fo=1, routed)           0.440     0.690    clk_IBUF
    MMCME2_ADV_X1Y2      MMCME2_ADV (Prop_mmcme2_adv_CLKIN1_CLKOUT0)
                                                     -2.379    -1.689 r  u_mmcm/CLKOUT0
                         net (fo=1, routed)           0.499    -1.190    core_clk_raw
    BUFGCTRL_X0Y16       BUFG (Prop_bufg_I_O)         0.026    -1.164 r  u_core_clk_buf/O
                         net (fo=11093, routed)       0.564    -0.600    u_aes_gcm/u_input_queue/core_clk
    SLICE_X29Y139        FDRE                                         r  u_aes_gcm/u_input_queue/wr_ptr_reg[0]/C
  -------------------------------------------------------------------    -------------------
    SLICE_X29Y139        FDRE (Prop_fdre_C_Q)         0.141    -0.459 r  u_aes_gcm/u_input_queue/wr_ptr_reg[0]/Q
                         net (fo=17, routed)          0.326    -0.133    u_aes_gcm/u_input_queue/mem_reg_0_1_0_5/ADDRD0
    SLICE_X30Y137        RAMS32                                       r  u_aes_gcm/u_input_queue/mem_reg_0_1_0_5/RAMD_D1/ADR0
  -------------------------------------------------------------------    -------------------

                         (clock core_clk_raw rise edge)
                                                      0.000     0.000 r  
    E3                                                0.000     0.000 r  clk (IN)
                         net (fo=0)                   0.000     0.000    clk
    E3                   IBUF (Prop_ibuf_I_O)         0.438     0.438 r  clk_IBUF_inst/O
                         net (fo=1, routed)           0.480     0.918    clk_IBUF
    MMCME2_ADV_X1Y2      MMCME2_ADV (Prop_mmcme2_adv_CLKIN1_CLKOUT0)
                                                     -3.163    -2.245 r  u_mmcm/CLKOUT0
                         net (fo=1, routed)           0.544    -1.702    core_clk_raw
    BUFGCTRL_X0Y16       BUFG (Prop_bufg_I_O)         0.029    -1.673 r  u_core_clk_buf/O
                         net (fo=11093, routed)       0.832    -0.841    u_aes_gcm/u_input_queue/mem_reg_0_1_0_5/WCLK
    SLICE_X30Y137        RAMS32                                       r  u_aes_gcm/u_input_queue/mem_reg_0_1_0_5/RAMD_D1/CLK
                         clock pessimism              0.275    -0.566    
    SLICE_X30Y137        RAMS32 (Hold_rams32_CLK_ADR0)
                                                      0.310    -0.256    u_aes_gcm/u_input_queue/mem_reg_0_1_0_5/RAMD_D1
  -------------------------------------------------------------------
                         required time                          0.256    
                         arrival time                          -0.133    
  -------------------------------------------------------------------
                         slack                                  0.123    

Slack (MET) :             0.125ns  (arrival time - required time)
  Source:                 u_aes_gcm/u_core/tag_prod_data_reg[50]/C
                            (rising edge-triggered cell FDRE clocked by core_clk_raw  {rise@0.000ns fall@2.857ns period=5.714ns})
  Destination:            u_aes_gcm/u_core/u_tag_packet_fifo/mem_reg_0_1_48_53/RAMB/I
                            (rising edge-triggered cell RAMD32 clocked by core_clk_raw  {rise@0.000ns fall@2.857ns period=5.714ns})
  Path Group:             core_clk_raw
  Path Type:              Hold (Min at Fast Process Corner)
  Requirement:            0.000ns  (core_clk_raw rise@0.000ns - core_clk_raw rise@0.000ns)
  Data Path Delay:        0.286ns  (logic 0.164ns (57.302%)  route 0.122ns (42.698%))
  Logic Levels:           0  
  Clock Path Skew:        0.015ns (DCD - SCD - CPR)
    Destination Clock Delay (DCD):    -0.844ns
    Source Clock Delay      (SCD):    -0.605ns
    Clock Pessimism Removal (CPR):    -0.254ns

    Location             Delay type                Incr(ns)  Path(ns)    Netlist Resource(s)
  -------------------------------------------------------------------    -------------------
                         (clock core_clk_raw rise edge)
                                                      0.000     0.000 r  
    E3                                                0.000     0.000 r  clk (IN)
                         net (fo=0)                   0.000     0.000    clk
    E3                   IBUF (Prop_ibuf_I_O)         0.250     0.250 r  clk_IBUF_inst/O
                         net (fo=1, routed)           0.440     0.690    clk_IBUF
    MMCME2_ADV_X1Y2      MMCME2_ADV (Prop_mmcme2_adv_CLKIN1_CLKOUT0)
                                                     -2.379    -1.689 r  u_mmcm/CLKOUT0
                         net (fo=1, routed)           0.499    -1.190    core_clk_raw
    BUFGCTRL_X0Y16       BUFG (Prop_bufg_I_O)         0.026    -1.164 r  u_core_clk_buf/O
                         net (fo=11093, routed)       0.559    -0.605    u_aes_gcm/u_core/core_clk
    SLICE_X12Y128        FDRE                                         r  u_aes_gcm/u_core/tag_prod_data_reg[50]/C
  -------------------------------------------------------------------    -------------------
    SLICE_X12Y128        FDRE (Prop_fdre_C_Q)         0.164    -0.441 r  u_aes_gcm/u_core/tag_prod_data_reg[50]/Q
                         net (fo=2, routed)           0.122    -0.319    u_aes_gcm/u_core/u_tag_packet_fifo/mem_reg_0_1_48_53/DIB0
    SLICE_X12Y129        RAMD32                                       r  u_aes_gcm/u_core/u_tag_packet_fifo/mem_reg_0_1_48_53/RAMB/I
  -------------------------------------------------------------------    -------------------

                         (clock core_clk_raw rise edge)
                                                      0.000     0.000 r  
    E3                                                0.000     0.000 r  clk (IN)
                         net (fo=0)                   0.000     0.000    clk
    E3                   IBUF (Prop_ibuf_I_O)         0.438     0.438 r  clk_IBUF_inst/O
                         net (fo=1, routed)           0.480     0.918    clk_IBUF
    MMCME2_ADV_X1Y2      MMCME2_ADV (Prop_mmcme2_adv_CLKIN1_CLKOUT0)
                                                     -3.163    -2.245 r  u_mmcm/CLKOUT0
                         net (fo=1, routed)           0.544    -1.702    core_clk_raw
    BUFGCTRL_X0Y16       BUFG (Prop_bufg_I_O)         0.029    -1.673 r  u_core_clk_buf/O
                         net (fo=11093, routed)       0.829    -0.844    u_aes_gcm/u_core/u_tag_packet_fifo/mem_reg_0_1_48_53/WCLK
    SLICE_X12Y129        RAMD32                                       r  u_aes_gcm/u_core/u_tag_packet_fifo/mem_reg_0_1_48_53/RAMB/CLK
                         clock pessimism              0.254    -0.590    
    SLICE_X12Y129        RAMD32 (Hold_ramd32_CLK_I)
                                                      0.146    -0.444    u_aes_gcm/u_core/u_tag_packet_fifo/mem_reg_0_1_48_53/RAMB
  -------------------------------------------------------------------
                         required time                          0.444    
                         arrival time                          -0.319    
  -------------------------------------------------------------------
                         slack                                  0.125    

Slack (MET) :             0.126ns  (arrival time - required time)
  Source:                 u_aes_gcm/u_core/tag_prod_data_reg[39]/C
                            (rising edge-triggered cell FDRE clocked by core_clk_raw  {rise@0.000ns fall@2.857ns period=5.714ns})
  Destination:            u_aes_gcm/u_core/u_tag_packet_fifo/mem_reg_0_1_36_41/RAMB_D1/I
                            (rising edge-triggered cell RAMD32 clocked by core_clk_raw  {rise@0.000ns fall@2.857ns period=5.714ns})
  Path Group:             core_clk_raw
  Path Type:              Hold (Min at Fast Process Corner)
  Requirement:            0.000ns  (core_clk_raw rise@0.000ns - core_clk_raw rise@0.000ns)
  Data Path Delay:        0.263ns  (logic 0.141ns (53.626%)  route 0.122ns (46.374%))
  Logic Levels:           0  
  Clock Path Skew:        0.013ns (DCD - SCD - CPR)
    Destination Clock Delay (DCD):    -0.848ns
    Source Clock Delay      (SCD):    -0.608ns
    Clock Pessimism Removal (CPR):    -0.253ns

    Location             Delay type                Incr(ns)  Path(ns)    Netlist Resource(s)
  -------------------------------------------------------------------    -------------------
                         (clock core_clk_raw rise edge)
                                                      0.000     0.000 r  
    E3                                                0.000     0.000 r  clk (IN)
                         net (fo=0)                   0.000     0.000    clk
    E3                   IBUF (Prop_ibuf_I_O)         0.250     0.250 r  clk_IBUF_inst/O
                         net (fo=1, routed)           0.440     0.690    clk_IBUF
    MMCME2_ADV_X1Y2      MMCME2_ADV (Prop_mmcme2_adv_CLKIN1_CLKOUT0)
                                                     -2.379    -1.689 r  u_mmcm/CLKOUT0
                         net (fo=1, routed)           0.499    -1.190    core_clk_raw
    BUFGCTRL_X0Y16       BUFG (Prop_bufg_I_O)         0.026    -1.164 r  u_core_clk_buf/O
                         net (fo=11093, routed)       0.556    -0.608    u_aes_gcm/u_core/core_clk
    SLICE_X31Y129        FDRE                                         r  u_aes_gcm/u_core/tag_prod_data_reg[39]/C
  -------------------------------------------------------------------    -------------------
    SLICE_X31Y129        FDRE (Prop_fdre_C_Q)         0.141    -0.467 r  u_aes_gcm/u_core/tag_prod_data_reg[39]/Q
                         net (fo=2, routed)           0.122    -0.345    u_aes_gcm/u_core/u_tag_packet_fifo/mem_reg_0_1_36_41/DIB1
    SLICE_X30Y129        RAMD32                                       r  u_aes_gcm/u_core/u_tag_packet_fifo/mem_reg_0_1_36_41/RAMB_D1/I
  -------------------------------------------------------------------    -------------------

                         (clock core_clk_raw rise edge)
                                                      0.000     0.000 r  
    E3                                                0.000     0.000 r  clk (IN)
                         net (fo=0)                   0.000     0.000    clk
    E3                   IBUF (Prop_ibuf_I_O)         0.438     0.438 r  clk_IBUF_inst/O
                         net (fo=1, routed)           0.480     0.918    clk_IBUF
    MMCME2_ADV_X1Y2      MMCME2_ADV (Prop_mmcme2_adv_CLKIN1_CLKOUT0)
                                                     -3.163    -2.245 r  u_mmcm/CLKOUT0
                         net (fo=1, routed)           0.544    -1.702    core_clk_raw
    BUFGCTRL_X0Y16       BUFG (Prop_bufg_I_O)         0.029    -1.673 r  u_core_clk_buf/O
                         net (fo=11093, routed)       0.825    -0.848    u_aes_gcm/u_core/u_tag_packet_fifo/mem_reg_0_1_36_41/WCLK
    SLICE_X30Y129        RAMD32                                       r  u_aes_gcm/u_core/u_tag_packet_fifo/mem_reg_0_1_36_41/RAMB_D1/CLK
                         clock pessimism              0.253    -0.595    
    SLICE_X30Y129        RAMD32 (Hold_ramd32_CLK_I)
                                                      0.124    -0.471    u_aes_gcm/u_core/u_tag_packet_fifo/mem_reg_0_1_36_41/RAMB_D1
  -------------------------------------------------------------------
                         required time                          0.471    
                         arrival time                          -0.345    
  -------------------------------------------------------------------
                         slack                                  0.126    

Slack (MET) :             0.126ns  (arrival time - required time)
  Source:                 u_aes_gcm/u_core/tag_prod_data_reg[48]/C
                            (rising edge-triggered cell FDRE clocked by core_clk_raw  {rise@0.000ns fall@2.857ns period=5.714ns})
  Destination:            u_aes_gcm/u_core/u_tag_packet_fifo/mem_reg_0_1_48_53/RAMA/I
                            (rising edge-triggered cell RAMD32 clocked by core_clk_raw  {rise@0.000ns fall@2.857ns period=5.714ns})
  Path Group:             core_clk_raw
  Path Type:              Hold (Min at Fast Process Corner)
  Requirement:            0.000ns  (core_clk_raw rise@0.000ns - core_clk_raw rise@0.000ns)
  Data Path Delay:        0.288ns  (logic 0.164ns (56.917%)  route 0.124ns (43.083%))
  Logic Levels:           0  
  Clock Path Skew:        0.015ns (DCD - SCD - CPR)
    Destination Clock Delay (DCD):    -0.844ns
    Source Clock Delay      (SCD):    -0.605ns
    Clock Pessimism Removal (CPR):    -0.254ns

    Location             Delay type                Incr(ns)  Path(ns)    Netlist Resource(s)
  -------------------------------------------------------------------    -------------------
                         (clock core_clk_raw rise edge)
                                                      0.000     0.000 r  
    E3                                                0.000     0.000 r  clk (IN)
                         net (fo=0)                   0.000     0.000    clk
    E3                   IBUF (Prop_ibuf_I_O)         0.250     0.250 r  clk_IBUF_inst/O
                         net (fo=1, routed)           0.440     0.690    clk_IBUF
    MMCME2_ADV_X1Y2      MMCME2_ADV (Prop_mmcme2_adv_CLKIN1_CLKOUT0)
                                                     -2.379    -1.689 r  u_mmcm/CLKOUT0
                         net (fo=1, routed)           0.499    -1.190    core_clk_raw
    BUFGCTRL_X0Y16       BUFG (Prop_bufg_I_O)         0.026    -1.164 r  u_core_clk_buf/O
                         net (fo=11093, routed)       0.559    -0.605    u_aes_gcm/u_core/core_clk
    SLICE_X12Y128        FDRE                                         r  u_aes_gcm/u_core/tag_prod_data_reg[48]/C
  -------------------------------------------------------------------    -------------------
    SLICE_X12Y128        FDRE (Prop_fdre_C_Q)         0.164    -0.441 r  u_aes_gcm/u_core/tag_prod_data_reg[48]/Q
                         net (fo=2, routed)           0.124    -0.317    u_aes_gcm/u_core/u_tag_packet_fifo/mem_reg_0_1_48_53/DIA0
    SLICE_X12Y129        RAMD32                                       r  u_aes_gcm/u_core/u_tag_packet_fifo/mem_reg_0_1_48_53/RAMA/I
  -------------------------------------------------------------------    -------------------

                         (clock core_clk_raw rise edge)
                                                      0.000     0.000 r  
    E3                                                0.000     0.000 r  clk (IN)
                         net (fo=0)                   0.000     0.000    clk
    E3                   IBUF (Prop_ibuf_I_O)         0.438     0.438 r  clk_IBUF_inst/O
                         net (fo=1, routed)           0.480     0.918    clk_IBUF
    MMCME2_ADV_X1Y2      MMCME2_ADV (Prop_mmcme2_adv_CLKIN1_CLKOUT0)
                                                     -3.163    -2.245 r  u_mmcm/CLKOUT0
                         net (fo=1, routed)           0.544    -1.702    core_clk_raw
    BUFGCTRL_X0Y16       BUFG (Prop_bufg_I_O)         0.029    -1.673 r  u_core_clk_buf/O
                         net (fo=11093, routed)       0.829    -0.844    u_aes_gcm/u_core/u_tag_packet_fifo/mem_reg_0_1_48_53/WCLK
    SLICE_X12Y129        RAMD32                                       r  u_aes_gcm/u_core/u_tag_packet_fifo/mem_reg_0_1_48_53/RAMA/CLK
                         clock pessimism              0.254    -0.590    
    SLICE_X12Y129        RAMD32 (Hold_ramd32_CLK_I)
                                                      0.147    -0.443    u_aes_gcm/u_core/u_tag_packet_fifo/mem_reg_0_1_48_53/RAMA
  -------------------------------------------------------------------
                         required time                          0.443    
                         arrival time                          -0.317    
  -------------------------------------------------------------------
                         slack                                  0.126    

Slack (MET) :             0.127ns  (arrival time - required time)
  Source:                 u_aes_gcm/u_core/ct_prod_data_reg[65]/C
                            (rising edge-triggered cell FDRE clocked by core_clk_raw  {rise@0.000ns fall@2.857ns period=5.714ns})
  Destination:            u_aes_gcm/u_core/u_ciphertext_fifo/mem_reg_0_3_60_65/RAMC_D1/I
                            (rising edge-triggered cell RAMD32 clocked by core_clk_raw  {rise@0.000ns fall@2.857ns period=5.714ns})
  Path Group:             core_clk_raw
  Path Type:              Hold (Min at Fast Process Corner)
  Requirement:            0.000ns  (core_clk_raw rise@0.000ns - core_clk_raw rise@0.000ns)
  Data Path Delay:        0.499ns  (logic 0.164ns (32.833%)  route 0.335ns (67.167%))
  Logic Levels:           0  
  Clock Path Skew:        0.259ns (DCD - SCD - CPR)
    Destination Clock Delay (DCD):    -0.859ns
    Source Clock Delay      (SCD):    -0.614ns
    Clock Pessimism Removal (CPR):    -0.504ns

    Location             Delay type                Incr(ns)  Path(ns)    Netlist Resource(s)
  -------------------------------------------------------------------    -------------------
                         (clock core_clk_raw rise edge)
                                                      0.000     0.000 r  
    E3                                                0.000     0.000 r  clk (IN)
                         net (fo=0)                   0.000     0.000    clk
    E3                   IBUF (Prop_ibuf_I_O)         0.250     0.250 r  clk_IBUF_inst/O
                         net (fo=1, routed)           0.440     0.690    clk_IBUF
    MMCME2_ADV_X1Y2      MMCME2_ADV (Prop_mmcme2_adv_CLKIN1_CLKOUT0)
                                                     -2.379    -1.689 r  u_mmcm/CLKOUT0
                         net (fo=1, routed)           0.499    -1.190    core_clk_raw
    BUFGCTRL_X0Y16       BUFG (Prop_bufg_I_O)         0.026    -1.164 r  u_core_clk_buf/O
                         net (fo=11093, routed)       0.550    -0.614    u_aes_gcm/u_core/core_clk
    SLICE_X54Y130        FDRE                                         r  u_aes_gcm/u_core/ct_prod_data_reg[65]/C
  -------------------------------------------------------------------    -------------------
    SLICE_X54Y130        FDRE (Prop_fdre_C_Q)         0.164    -0.450 r  u_aes_gcm/u_core/ct_prod_data_reg[65]/Q
                         net (fo=3, routed)           0.335    -0.115    u_aes_gcm/u_core/u_ciphertext_fifo/mem_reg_0_3_60_65/DIC1
    SLICE_X50Y123        RAMD32                                       r  u_aes_gcm/u_core/u_ciphertext_fifo/mem_reg_0_3_60_65/RAMC_D1/I
  -------------------------------------------------------------------    -------------------

                         (clock core_clk_raw rise edge)
                                                      0.000     0.000 r  
    E3                                                0.000     0.000 r  clk (IN)
                         net (fo=0)                   0.000     0.000    clk
    E3                   IBUF (Prop_ibuf_I_O)         0.438     0.438 r  clk_IBUF_inst/O
                         net (fo=1, routed)           0.480     0.918    clk_IBUF
    MMCME2_ADV_X1Y2      MMCME2_ADV (Prop_mmcme2_adv_CLKIN1_CLKOUT0)
                                                     -3.163    -2.245 r  u_mmcm/CLKOUT0
                         net (fo=1, routed)           0.544    -1.702    core_clk_raw
    BUFGCTRL_X0Y16       BUFG (Prop_bufg_I_O)         0.029    -1.673 r  u_core_clk_buf/O
                         net (fo=11093, routed)       0.814    -0.859    u_aes_gcm/u_core/u_ciphertext_fifo/mem_reg_0_3_60_65/WCLK
    SLICE_X50Y123        RAMD32                                       r  u_aes_gcm/u_core/u_ciphertext_fifo/mem_reg_0_3_60_65/RAMC_D1/CLK
                         clock pessimism              0.504    -0.355    
    SLICE_X50Y123        RAMD32 (Hold_ramd32_CLK_I)
                                                      0.114    -0.241    u_aes_gcm/u_core/u_ciphertext_fifo/mem_reg_0_3_60_65/RAMC_D1
  -------------------------------------------------------------------
                         required time                          0.241    
                         arrival time                          -0.115    
  -------------------------------------------------------------------
                         slack                                  0.127    

Slack (MET) :             0.128ns  (arrival time - required time)
  Source:                 u_aes_gcm/u_core/tag_prod_data_reg[21]/C
                            (rising edge-triggered cell FDRE clocked by core_clk_raw  {rise@0.000ns fall@2.857ns period=5.714ns})
  Destination:            u_aes_gcm/u_core/u_tag_packet_fifo/mem_reg_0_1_18_23/RAMB_D1/I
                            (rising edge-triggered cell RAMD32 clocked by core_clk_raw  {rise@0.000ns fall@2.857ns period=5.714ns})
  Path Group:             core_clk_raw
  Path Type:              Hold (Min at Fast Process Corner)
  Requirement:            0.000ns  (core_clk_raw rise@0.000ns - core_clk_raw rise@0.000ns)
  Data Path Delay:        0.265ns  (logic 0.141ns (53.167%)  route 0.124ns (46.833%))
  Logic Levels:           0  
  Clock Path Skew:        0.013ns (DCD - SCD - CPR)
    Destination Clock Delay (DCD):    -0.848ns
    Source Clock Delay      (SCD):    -0.609ns
    Clock Pessimism Removal (CPR):    -0.252ns

    Location             Delay type                Incr(ns)  Path(ns)    Netlist Resource(s)
  -------------------------------------------------------------------    -------------------
                         (clock core_clk_raw rise edge)
                                                      0.000     0.000 r  
    E3                                                0.000     0.000 r  clk (IN)
                         net (fo=0)                   0.000     0.000    clk
    E3                   IBUF (Prop_ibuf_I_O)         0.250     0.250 r  clk_IBUF_inst/O
                         net (fo=1, routed)           0.440     0.690    clk_IBUF
    MMCME2_ADV_X1Y2      MMCME2_ADV (Prop_mmcme2_adv_CLKIN1_CLKOUT0)
                                                     -2.379    -1.689 r  u_mmcm/CLKOUT0
                         net (fo=1, routed)           0.499    -1.190    core_clk_raw
    BUFGCTRL_X0Y16       BUFG (Prop_bufg_I_O)         0.026    -1.164 r  u_core_clk_buf/O
                         net (fo=11093, routed)       0.555    -0.609    u_aes_gcm/u_core/core_clk
    SLICE_X39Y131        FDRE                                         r  u_aes_gcm/u_core/tag_prod_data_reg[21]/C
  -------------------------------------------------------------------    -------------------
    SLICE_X39Y131        FDRE (Prop_fdre_C_Q)         0.141    -0.468 r  u_aes_gcm/u_core/tag_prod_data_reg[21]/Q
                         net (fo=2, routed)           0.124    -0.344    u_aes_gcm/u_core/u_tag_packet_fifo/mem_reg_0_1_18_23/DIB1
    SLICE_X38Y131        RAMD32                                       r  u_aes_gcm/u_core/u_tag_packet_fifo/mem_reg_0_1_18_23/RAMB_D1/I
  -------------------------------------------------------------------    -------------------

                         (clock core_clk_raw rise edge)
                                                      0.000     0.000 r  
    E3                                                0.000     0.000 r  clk (IN)
                         net (fo=0)                   0.000     0.000    clk
    E3                   IBUF (Prop_ibuf_I_O)         0.438     0.438 r  clk_IBUF_inst/O
                         net (fo=1, routed)           0.480     0.918    clk_IBUF
    MMCME2_ADV_X1Y2      MMCME2_ADV (Prop_mmcme2_adv_CLKIN1_CLKOUT0)
                                                     -3.163    -2.245 r  u_mmcm/CLKOUT0
                         net (fo=1, routed)           0.544    -1.702    core_clk_raw
    BUFGCTRL_X0Y16       BUFG (Prop_bufg_I_O)         0.029    -1.673 r  u_core_clk_buf/O
                         net (fo=11093, routed)       0.825    -0.848    u_aes_gcm/u_core/u_tag_packet_fifo/mem_reg_0_1_18_23/WCLK
    SLICE_X38Y131        RAMD32                                       r  u_aes_gcm/u_core/u_tag_packet_fifo/mem_reg_0_1_18_23/RAMB_D1/CLK
                         clock pessimism              0.252    -0.596    
    SLICE_X38Y131        RAMD32 (Hold_ramd32_CLK_I)
                                                      0.124    -0.472    u_aes_gcm/u_core/u_tag_packet_fifo/mem_reg_0_1_18_23/RAMB_D1
  -------------------------------------------------------------------
                         required time                          0.472    
                         arrival time                          -0.344    
  -------------------------------------------------------------------
                         slack                                  0.128    

Slack (MET) :             0.129ns  (arrival time - required time)
  Source:                 u_aes_gcm/u_core/u_plain_release_fifo/wr_ptr_reg[0]/C
                            (rising edge-triggered cell FDRE clocked by core_clk_raw  {rise@0.000ns fall@2.857ns period=5.714ns})
  Destination:            u_aes_gcm/u_core/u_plain_release_fifo/mem_reg_0_1_6_11/RAMA/WADR0
                            (rising edge-triggered cell RAMD32 clocked by core_clk_raw  {rise@0.000ns fall@2.857ns period=5.714ns})
  Path Group:             core_clk_raw
  Path Type:              Hold (Min at Fast Process Corner)
  Requirement:            0.000ns  (core_clk_raw rise@0.000ns - core_clk_raw rise@0.000ns)
  Data Path Delay:        0.455ns  (logic 0.141ns (31.014%)  route 0.314ns (68.986%))
  Logic Levels:           0  
  Clock Path Skew:        0.016ns (DCD - SCD - CPR)
    Destination Clock Delay (DCD):    -0.840ns
    Source Clock Delay      (SCD):    -0.603ns
    Clock Pessimism Removal (CPR):    -0.253ns

    Location             Delay type                Incr(ns)  Path(ns)    Netlist Resource(s)
  -------------------------------------------------------------------    -------------------
                         (clock core_clk_raw rise edge)
                                                      0.000     0.000 r  
    E3                                                0.000     0.000 r  clk (IN)
                         net (fo=0)                   0.000     0.000    clk
    E3                   IBUF (Prop_ibuf_I_O)         0.250     0.250 r  clk_IBUF_inst/O
                         net (fo=1, routed)           0.440     0.690    clk_IBUF
    MMCME2_ADV_X1Y2      MMCME2_ADV (Prop_mmcme2_adv_CLKIN1_CLKOUT0)
                                                     -2.379    -1.689 r  u_mmcm/CLKOUT0
                         net (fo=1, routed)           0.499    -1.190    core_clk_raw
    BUFGCTRL_X0Y16       BUFG (Prop_bufg_I_O)         0.026    -1.164 r  u_core_clk_buf/O
                         net (fo=11093, routed)       0.561    -0.603    u_aes_gcm/u_core/u_plain_release_fifo/core_clk
    SLICE_X65Y141        FDRE                                         r  u_aes_gcm/u_core/u_plain_release_fifo/wr_ptr_reg[0]/C
  -------------------------------------------------------------------    -------------------
    SLICE_X65Y141        FDRE (Prop_fdre_C_Q)         0.141    -0.462 r  u_aes_gcm/u_core/u_plain_release_fifo/wr_ptr_reg[0]/Q
                         net (fo=17, routed)          0.314    -0.149    u_aes_gcm/u_core/u_plain_release_fifo/mem_reg_0_1_6_11/ADDRD0
    SLICE_X66Y141        RAMD32                                       r  u_aes_gcm/u_core/u_plain_release_fifo/mem_reg_0_1_6_11/RAMA/WADR0
  -------------------------------------------------------------------    -------------------

                         (clock core_clk_raw rise edge)
                                                      0.000     0.000 r  
    E3                                                0.000     0.000 r  clk (IN)
                         net (fo=0)                   0.000     0.000    clk
    E3                   IBUF (Prop_ibuf_I_O)         0.438     0.438 r  clk_IBUF_inst/O
                         net (fo=1, routed)           0.480     0.918    clk_IBUF
    MMCME2_ADV_X1Y2      MMCME2_ADV (Prop_mmcme2_adv_CLKIN1_CLKOUT0)
                                                     -3.163    -2.245 r  u_mmcm/CLKOUT0
                         net (fo=1, routed)           0.544    -1.702    core_clk_raw
    BUFGCTRL_X0Y16       BUFG (Prop_bufg_I_O)         0.029    -1.673 r  u_core_clk_buf/O
                         net (fo=11093, routed)       0.833    -0.840    u_aes_gcm/u_core/u_plain_release_fifo/mem_reg_0_1_6_11/WCLK
    SLICE_X66Y141        RAMD32                                       r  u_aes_gcm/u_core/u_plain_release_fifo/mem_reg_0_1_6_11/RAMA/CLK
                         clock pessimism              0.253    -0.587    
    SLICE_X66Y141        RAMD32 (Hold_ramd32_CLK_WADR0)
                                                      0.310    -0.277    u_aes_gcm/u_core/u_plain_release_fifo/mem_reg_0_1_6_11/RAMA
  -------------------------------------------------------------------
                         required time                          0.277    
                         arrival time                          -0.149    
  -------------------------------------------------------------------
                         slack                                  0.129    

Slack (MET) :             0.129ns  (arrival time - required time)
  Source:                 u_aes_gcm/u_core/u_plain_release_fifo/wr_ptr_reg[0]/C
                            (rising edge-triggered cell FDRE clocked by core_clk_raw  {rise@0.000ns fall@2.857ns period=5.714ns})
  Destination:            u_aes_gcm/u_core/u_plain_release_fifo/mem_reg_0_1_6_11/RAMA_D1/WADR0
                            (rising edge-triggered cell RAMD32 clocked by core_clk_raw  {rise@0.000ns fall@2.857ns period=5.714ns})
  Path Group:             core_clk_raw
  Path Type:              Hold (Min at Fast Process Corner)
  Requirement:            0.000ns  (core_clk_raw rise@0.000ns - core_clk_raw rise@0.000ns)
  Data Path Delay:        0.455ns  (logic 0.141ns (31.014%)  route 0.314ns (68.986%))
  Logic Levels:           0  
  Clock Path Skew:        0.016ns (DCD - SCD - CPR)
    Destination Clock Delay (DCD):    -0.840ns
    Source Clock Delay      (SCD):    -0.603ns
    Clock Pessimism Removal (CPR):    -0.253ns

    Location             Delay type                Incr(ns)  Path(ns)    Netlist Resource(s)
  -------------------------------------------------------------------    -------------------
                         (clock core_clk_raw rise edge)
                                                      0.000     0.000 r  
    E3                                                0.000     0.000 r  clk (IN)
                         net (fo=0)                   0.000     0.000    clk
    E3                   IBUF (Prop_ibuf_I_O)         0.250     0.250 r  clk_IBUF_inst/O
                         net (fo=1, routed)           0.440     0.690    clk_IBUF
    MMCME2_ADV_X1Y2      MMCME2_ADV (Prop_mmcme2_adv_CLKIN1_CLKOUT0)
                                                     -2.379    -1.689 r  u_mmcm/CLKOUT0
                         net (fo=1, routed)           0.499    -1.190    core_clk_raw
    BUFGCTRL_X0Y16       BUFG (Prop_bufg_I_O)         0.026    -1.164 r  u_core_clk_buf/O
                         net (fo=11093, routed)       0.561    -0.603    u_aes_gcm/u_core/u_plain_release_fifo/core_clk
    SLICE_X65Y141        FDRE                                         r  u_aes_gcm/u_core/u_plain_release_fifo/wr_ptr_reg[0]/C
  -------------------------------------------------------------------    -------------------
    SLICE_X65Y141        FDRE (Prop_fdre_C_Q)         0.141    -0.462 r  u_aes_gcm/u_core/u_plain_release_fifo/wr_ptr_reg[0]/Q
                         net (fo=17, routed)          0.314    -0.149    u_aes_gcm/u_core/u_plain_release_fifo/mem_reg_0_1_6_11/ADDRD0
    SLICE_X66Y141        RAMD32                                       r  u_aes_gcm/u_core/u_plain_release_fifo/mem_reg_0_1_6_11/RAMA_D1/WADR0
  -------------------------------------------------------------------    -------------------

                         (clock core_clk_raw rise edge)
                                                      0.000     0.000 r  
    E3                                                0.000     0.000 r  clk (IN)
                         net (fo=0)                   0.000     0.000    clk
    E3                   IBUF (Prop_ibuf_I_O)         0.438     0.438 r  clk_IBUF_inst/O
                         net (fo=1, routed)           0.480     0.918    clk_IBUF
    MMCME2_ADV_X1Y2      MMCME2_ADV (Prop_mmcme2_adv_CLKIN1_CLKOUT0)
                                                     -3.163    -2.245 r  u_mmcm/CLKOUT0
                         net (fo=1, routed)           0.544    -1.702    core_clk_raw
    BUFGCTRL_X0Y16       BUFG (Prop_bufg_I_O)         0.029    -1.673 r  u_core_clk_buf/O
                         net (fo=11093, routed)       0.833    -0.840    u_aes_gcm/u_core/u_plain_release_fifo/mem_reg_0_1_6_11/WCLK
    SLICE_X66Y141        RAMD32                                       r  u_aes_gcm/u_core/u_plain_release_fifo/mem_reg_0_1_6_11/RAMA_D1/CLK
                         clock pessimism              0.253    -0.587    
    SLICE_X66Y141        RAMD32 (Hold_ramd32_CLK_WADR0)
                                                      0.310    -0.277    u_aes_gcm/u_core/u_plain_release_fifo/mem_reg_0_1_6_11/RAMA_D1
  -------------------------------------------------------------------
                         required time                          0.277    
                         arrival time                          -0.149    
  -------------------------------------------------------------------
                         slack                                  0.129    

Slack (MET) :             0.129ns  (arrival time - required time)
  Source:                 u_aes_gcm/u_core/u_plain_release_fifo/wr_ptr_reg[0]/C
                            (rising edge-triggered cell FDRE clocked by core_clk_raw  {rise@0.000ns fall@2.857ns period=5.714ns})
  Destination:            u_aes_gcm/u_core/u_plain_release_fifo/mem_reg_0_1_6_11/RAMB/WADR0
                            (rising edge-triggered cell RAMD32 clocked by core_clk_raw  {rise@0.000ns fall@2.857ns period=5.714ns})
  Path Group:             core_clk_raw
  Path Type:              Hold (Min at Fast Process Corner)
  Requirement:            0.000ns  (core_clk_raw rise@0.000ns - core_clk_raw rise@0.000ns)
  Data Path Delay:        0.455ns  (logic 0.141ns (31.014%)  route 0.314ns (68.986%))
  Logic Levels:           0  
  Clock Path Skew:        0.016ns (DCD - SCD - CPR)
    Destination Clock Delay (DCD):    -0.840ns
    Source Clock Delay      (SCD):    -0.603ns
    Clock Pessimism Removal (CPR):    -0.253ns

    Location             Delay type                Incr(ns)  Path(ns)    Netlist Resource(s)
  -------------------------------------------------------------------    -------------------
                         (clock core_clk_raw rise edge)
                                                      0.000     0.000 r  
    E3                                                0.000     0.000 r  clk (IN)
                         net (fo=0)                   0.000     0.000    clk
    E3                   IBUF (Prop_ibuf_I_O)         0.250     0.250 r  clk_IBUF_inst/O
                         net (fo=1, routed)           0.440     0.690    clk_IBUF
    MMCME2_ADV_X1Y2      MMCME2_ADV (Prop_mmcme2_adv_CLKIN1_CLKOUT0)
                                                     -2.379    -1.689 r  u_mmcm/CLKOUT0
                         net (fo=1, routed)           0.499    -1.190    core_clk_raw
    BUFGCTRL_X0Y16       BUFG (Prop_bufg_I_O)         0.026    -1.164 r  u_core_clk_buf/O
                         net (fo=11093, routed)       0.561    -0.603    u_aes_gcm/u_core/u_plain_release_fifo/core_clk
    SLICE_X65Y141        FDRE                                         r  u_aes_gcm/u_core/u_plain_release_fifo/wr_ptr_reg[0]/C
  -------------------------------------------------------------------    -------------------
    SLICE_X65Y141        FDRE (Prop_fdre_C_Q)         0.141    -0.462 r  u_aes_gcm/u_core/u_plain_release_fifo/wr_ptr_reg[0]/Q
                         net (fo=17, routed)          0.314    -0.149    u_aes_gcm/u_core/u_plain_release_fifo/mem_reg_0_1_6_11/ADDRD0
    SLICE_X66Y141        RAMD32                                       r  u_aes_gcm/u_core/u_plain_release_fifo/mem_reg_0_1_6_11/RAMB/WADR0
  -------------------------------------------------------------------    -------------------

                         (clock core_clk_raw rise edge)
                                                      0.000     0.000 r  
    E3                                                0.000     0.000 r  clk (IN)
                         net (fo=0)                   0.000     0.000    clk
    E3                   IBUF (Prop_ibuf_I_O)         0.438     0.438 r  clk_IBUF_inst/O
                         net (fo=1, routed)           0.480     0.918    clk_IBUF
    MMCME2_ADV_X1Y2      MMCME2_ADV (Prop_mmcme2_adv_CLKIN1_CLKOUT0)
                                                     -3.163    -2.245 r  u_mmcm/CLKOUT0
                         net (fo=1, routed)           0.544    -1.702    core_clk_raw
    BUFGCTRL_X0Y16       BUFG (Prop_bufg_I_O)         0.029    -1.673 r  u_core_clk_buf/O
                         net (fo=11093, routed)       0.833    -0.840    u_aes_gcm/u_core/u_plain_release_fifo/mem_reg_0_1_6_11/WCLK
    SLICE_X66Y141        RAMD32                                       r  u_aes_gcm/u_core/u_plain_release_fifo/mem_reg_0_1_6_11/RAMB/CLK
                         clock pessimism              0.253    -0.587    
    SLICE_X66Y141        RAMD32 (Hold_ramd32_CLK_WADR0)
                                                      0.310    -0.277    u_aes_gcm/u_core/u_plain_release_fifo/mem_reg_0_1_6_11/RAMB
  -------------------------------------------------------------------
                         required time                          0.277    
                         arrival time                          -0.149    
  -------------------------------------------------------------------
                         slack                                  0.129    

Slack (MET) :             0.129ns  (arrival time - required time)
  Source:                 u_aes_gcm/u_core/u_plain_release_fifo/wr_ptr_reg[0]/C
                            (rising edge-triggered cell FDRE clocked by core_clk_raw  {rise@0.000ns fall@2.857ns period=5.714ns})
  Destination:            u_aes_gcm/u_core/u_plain_release_fifo/mem_reg_0_1_6_11/RAMB_D1/WADR0
                            (rising edge-triggered cell RAMD32 clocked by core_clk_raw  {rise@0.000ns fall@2.857ns period=5.714ns})
  Path Group:             core_clk_raw
  Path Type:              Hold (Min at Fast Process Corner)
  Requirement:            0.000ns  (core_clk_raw rise@0.000ns - core_clk_raw rise@0.000ns)
  Data Path Delay:        0.455ns  (logic 0.141ns (31.014%)  route 0.314ns (68.986%))
  Logic Levels:           0  
  Clock Path Skew:        0.016ns (DCD - SCD - CPR)
    Destination Clock Delay (DCD):    -0.840ns
    Source Clock Delay      (SCD):    -0.603ns
    Clock Pessimism Removal (CPR):    -0.253ns

    Location             Delay type                Incr(ns)  Path(ns)    Netlist Resource(s)
  -------------------------------------------------------------------    -------------------
                         (clock core_clk_raw rise edge)
                                                      0.000     0.000 r  
    E3                                                0.000     0.000 r  clk (IN)
                         net (fo=0)                   0.000     0.000    clk
    E3                   IBUF (Prop_ibuf_I_O)         0.250     0.250 r  clk_IBUF_inst/O
                         net (fo=1, routed)           0.440     0.690    clk_IBUF
    MMCME2_ADV_X1Y2      MMCME2_ADV (Prop_mmcme2_adv_CLKIN1_CLKOUT0)
                                                     -2.379    -1.689 r  u_mmcm/CLKOUT0
                         net (fo=1, routed)           0.499    -1.190    core_clk_raw
    BUFGCTRL_X0Y16       BUFG (Prop_bufg_I_O)         0.026    -1.164 r  u_core_clk_buf/O
                         net (fo=11093, routed)       0.561    -0.603    u_aes_gcm/u_core/u_plain_release_fifo/core_clk
    SLICE_X65Y141        FDRE                                         r  u_aes_gcm/u_core/u_plain_release_fifo/wr_ptr_reg[0]/C
  -------------------------------------------------------------------    -------------------
    SLICE_X65Y141        FDRE (Prop_fdre_C_Q)         0.141    -0.462 r  u_aes_gcm/u_core/u_plain_release_fifo/wr_ptr_reg[0]/Q
                         net (fo=17, routed)          0.314    -0.149    u_aes_gcm/u_core/u_plain_release_fifo/mem_reg_0_1_6_11/ADDRD0
    SLICE_X66Y141        RAMD32                                       r  u_aes_gcm/u_core/u_plain_release_fifo/mem_reg_0_1_6_11/RAMB_D1/WADR0
  -------------------------------------------------------------------    -------------------

                         (clock core_clk_raw rise edge)
                                                      0.000     0.000 r  
    E3                                                0.000     0.000 r  clk (IN)
                         net (fo=0)                   0.000     0.000    clk
    E3                   IBUF (Prop_ibuf_I_O)         0.438     0.438 r  clk_IBUF_inst/O
                         net (fo=1, routed)           0.480     0.918    clk_IBUF
    MMCME2_ADV_X1Y2      MMCME2_ADV (Prop_mmcme2_adv_CLKIN1_CLKOUT0)
                                                     -3.163    -2.245 r  u_mmcm/CLKOUT0
                         net (fo=1, routed)           0.544    -1.702    core_clk_raw
    BUFGCTRL_X0Y16       BUFG (Prop_bufg_I_O)         0.029    -1.673 r  u_core_clk_buf/O
                         net (fo=11093, routed)       0.833    -0.840    u_aes_gcm/u_core/u_plain_release_fifo/mem_reg_0_1_6_11/WCLK
    SLICE_X66Y141        RAMD32                                       r  u_aes_gcm/u_core/u_plain_release_fifo/mem_reg_0_1_6_11/RAMB_D1/CLK
                         clock pessimism              0.253    -0.587    
    SLICE_X66Y141        RAMD32 (Hold_ramd32_CLK_WADR0)
                                                      0.310    -0.277    u_aes_gcm/u_core/u_plain_release_fifo/mem_reg_0_1_6_11/RAMB_D1
  -------------------------------------------------------------------
                         required time                          0.277    
                         arrival time                          -0.149    
  -------------------------------------------------------------------
                         slack                                  0.129    

Slack (MET) :             0.129ns  (arrival time - required time)
  Source:                 u_aes_gcm/u_core/u_plain_release_fifo/wr_ptr_reg[0]/C
                            (rising edge-triggered cell FDRE clocked by core_clk_raw  {rise@0.000ns fall@2.857ns period=5.714ns})
  Destination:            u_aes_gcm/u_core/u_plain_release_fifo/mem_reg_0_1_6_11/RAMC/WADR0
                            (rising edge-triggered cell RAMD32 clocked by core_clk_raw  {rise@0.000ns fall@2.857ns period=5.714ns})
  Path Group:             core_clk_raw
  Path Type:              Hold (Min at Fast Process Corner)
  Requirement:            0.000ns  (core_clk_raw rise@0.000ns - core_clk_raw rise@0.000ns)
  Data Path Delay:        0.455ns  (logic 0.141ns (31.014%)  route 0.314ns (68.986%))
  Logic Levels:           0  
  Clock Path Skew:        0.016ns (DCD - SCD - CPR)
    Destination Clock Delay (DCD):    -0.840ns
    Source Clock Delay      (SCD):    -0.603ns
    Clock Pessimism Removal (CPR):    -0.253ns

    Location             Delay type                Incr(ns)  Path(ns)    Netlist Resource(s)
  -------------------------------------------------------------------    -------------------
                         (clock core_clk_raw rise edge)
                                                      0.000     0.000 r  
    E3                                                0.000     0.000 r  clk (IN)
                         net (fo=0)                   0.000     0.000    clk
    E3                   IBUF (Prop_ibuf_I_O)         0.250     0.250 r  clk_IBUF_inst/O
                         net (fo=1, routed)           0.440     0.690    clk_IBUF
    MMCME2_ADV_X1Y2      MMCME2_ADV (Prop_mmcme2_adv_CLKIN1_CLKOUT0)
                                                     -2.379    -1.689 r  u_mmcm/CLKOUT0
                         net (fo=1, routed)           0.499    -1.190    core_clk_raw
    BUFGCTRL_X0Y16       BUFG (Prop_bufg_I_O)         0.026    -1.164 r  u_core_clk_buf/O
                         net (fo=11093, routed)       0.561    -0.603    u_aes_gcm/u_core/u_plain_release_fifo/core_clk
    SLICE_X65Y141        FDRE                                         r  u_aes_gcm/u_core/u_plain_release_fifo/wr_ptr_reg[0]/C
  -------------------------------------------------------------------    -------------------
    SLICE_X65Y141        FDRE (Prop_fdre_C_Q)         0.141    -0.462 r  u_aes_gcm/u_core/u_plain_release_fifo/wr_ptr_reg[0]/Q
                         net (fo=17, routed)          0.314    -0.149    u_aes_gcm/u_core/u_plain_release_fifo/mem_reg_0_1_6_11/ADDRD0
    SLICE_X66Y141        RAMD32                                       r  u_aes_gcm/u_core/u_plain_release_fifo/mem_reg_0_1_6_11/RAMC/WADR0
  -------------------------------------------------------------------    -------------------

                         (clock core_clk_raw rise edge)
                                                      0.000     0.000 r  
    E3                                                0.000     0.000 r  clk (IN)
                         net (fo=0)                   0.000     0.000    clk
    E3                   IBUF (Prop_ibuf_I_O)         0.438     0.438 r  clk_IBUF_inst/O
                         net (fo=1, routed)           0.480     0.918    clk_IBUF
    MMCME2_ADV_X1Y2      MMCME2_ADV (Prop_mmcme2_adv_CLKIN1_CLKOUT0)
                                                     -3.163    -2.245 r  u_mmcm/CLKOUT0
                         net (fo=1, routed)           0.544    -1.702    core_clk_raw
    BUFGCTRL_X0Y16       BUFG (Prop_bufg_I_O)         0.029    -1.673 r  u_core_clk_buf/O
                         net (fo=11093, routed)       0.833    -0.840    u_aes_gcm/u_core/u_plain_release_fifo/mem_reg_0_1_6_11/WCLK
    SLICE_X66Y141        RAMD32                                       r  u_aes_gcm/u_core/u_plain_release_fifo/mem_reg_0_1_6_11/RAMC/CLK
                         clock pessimism              0.253    -0.587    
    SLICE_X66Y141        RAMD32 (Hold_ramd32_CLK_WADR0)
                                                      0.310    -0.277    u_aes_gcm/u_core/u_plain_release_fifo/mem_reg_0_1_6_11/RAMC
  -------------------------------------------------------------------
                         required time                          0.277    
                         arrival time                          -0.149    
  -------------------------------------------------------------------
                         slack                                  0.129    

Slack (MET) :             0.129ns  (arrival time - required time)
  Source:                 u_aes_gcm/u_core/u_plain_release_fifo/wr_ptr_reg[0]/C
                            (rising edge-triggered cell FDRE clocked by core_clk_raw  {rise@0.000ns fall@2.857ns period=5.714ns})
  Destination:            u_aes_gcm/u_core/u_plain_release_fifo/mem_reg_0_1_6_11/RAMC_D1/WADR0
                            (rising edge-triggered cell RAMD32 clocked by core_clk_raw  {rise@0.000ns fall@2.857ns period=5.714ns})
  Path Group:             core_clk_raw
  Path Type:              Hold (Min at Fast Process Corner)
  Requirement:            0.000ns  (core_clk_raw rise@0.000ns - core_clk_raw rise@0.000ns)
  Data Path Delay:        0.455ns  (logic 0.141ns (31.014%)  route 0.314ns (68.986%))
  Logic Levels:           0  
  Clock Path Skew:        0.016ns (DCD - SCD - CPR)
    Destination Clock Delay (DCD):    -0.840ns
    Source Clock Delay      (SCD):    -0.603ns
    Clock Pessimism Removal (CPR):    -0.253ns

    Location             Delay type                Incr(ns)  Path(ns)    Netlist Resource(s)
  -------------------------------------------------------------------    -------------------
                         (clock core_clk_raw rise edge)
                                                      0.000     0.000 r  
    E3                                                0.000     0.000 r  clk (IN)
                         net (fo=0)                   0.000     0.000    clk
    E3                   IBUF (Prop_ibuf_I_O)         0.250     0.250 r  clk_IBUF_inst/O
                         net (fo=1, routed)           0.440     0.690    clk_IBUF
    MMCME2_ADV_X1Y2      MMCME2_ADV (Prop_mmcme2_adv_CLKIN1_CLKOUT0)
                                                     -2.379    -1.689 r  u_mmcm/CLKOUT0
                         net (fo=1, routed)           0.499    -1.190    core_clk_raw
    BUFGCTRL_X0Y16       BUFG (Prop_bufg_I_O)         0.026    -1.164 r  u_core_clk_buf/O
                         net (fo=11093, routed)       0.561    -0.603    u_aes_gcm/u_core/u_plain_release_fifo/core_clk
    SLICE_X65Y141        FDRE                                         r  u_aes_gcm/u_core/u_plain_release_fifo/wr_ptr_reg[0]/C
  -------------------------------------------------------------------    -------------------
    SLICE_X65Y141        FDRE (Prop_fdre_C_Q)         0.141    -0.462 r  u_aes_gcm/u_core/u_plain_release_fifo/wr_ptr_reg[0]/Q
                         net (fo=17, routed)          0.314    -0.149    u_aes_gcm/u_core/u_plain_release_fifo/mem_reg_0_1_6_11/ADDRD0
    SLICE_X66Y141        RAMD32                                       r  u_aes_gcm/u_core/u_plain_release_fifo/mem_reg_0_1_6_11/RAMC_D1/WADR0
  -------------------------------------------------------------------    -------------------

                         (clock core_clk_raw rise edge)
                                                      0.000     0.000 r  
    E3                                                0.000     0.000 r  clk (IN)
                         net (fo=0)                   0.000     0.000    clk
    E3                   IBUF (Prop_ibuf_I_O)         0.438     0.438 r  clk_IBUF_inst/O
                         net (fo=1, routed)           0.480     0.918    clk_IBUF
    MMCME2_ADV_X1Y2      MMCME2_ADV (Prop_mmcme2_adv_CLKIN1_CLKOUT0)
                                                     -3.163    -2.245 r  u_mmcm/CLKOUT0
                         net (fo=1, routed)           0.544    -1.702    core_clk_raw
    BUFGCTRL_X0Y16       BUFG (Prop_bufg_I_O)         0.029    -1.673 r  u_core_clk_buf/O
                         net (fo=11093, routed)       0.833    -0.840    u_aes_gcm/u_core/u_plain_release_fifo/mem_reg_0_1_6_11/WCLK
    SLICE_X66Y141        RAMD32                                       r  u_aes_gcm/u_core/u_plain_release_fifo/mem_reg_0_1_6_11/RAMC_D1/CLK
                         clock pessimism              0.253    -0.587    
    SLICE_X66Y141        RAMD32 (Hold_ramd32_CLK_WADR0)
                                                      0.310    -0.277    u_aes_gcm/u_core/u_plain_release_fifo/mem_reg_0_1_6_11/RAMC_D1
  -------------------------------------------------------------------
                         required time                          0.277    
                         arrival time                          -0.149    
  -------------------------------------------------------------------
                         slack                                  0.129    

Slack (MET) :             0.129ns  (arrival time - required time)
  Source:                 u_aes_gcm/u_core/u_plain_release_fifo/wr_ptr_reg[0]/C
                            (rising edge-triggered cell FDRE clocked by core_clk_raw  {rise@0.000ns fall@2.857ns period=5.714ns})
  Destination:            u_aes_gcm/u_core/u_plain_release_fifo/mem_reg_0_1_6_11/RAMD/ADR0
                            (rising edge-triggered cell RAMS32 clocked by core_clk_raw  {rise@0.000ns fall@2.857ns period=5.714ns})
  Path Group:             core_clk_raw
  Path Type:              Hold (Min at Fast Process Corner)
  Requirement:            0.000ns  (core_clk_raw rise@0.000ns - core_clk_raw rise@0.000ns)
  Data Path Delay:        0.455ns  (logic 0.141ns (31.014%)  route 0.314ns (68.986%))
  Logic Levels:           0  
  Clock Path Skew:        0.016ns (DCD - SCD - CPR)
    Destination Clock Delay (DCD):    -0.840ns
    Source Clock Delay      (SCD):    -0.603ns
    Clock Pessimism Removal (CPR):    -0.253ns

    Location             Delay type                Incr(ns)  Path(ns)    Netlist Resource(s)
  -------------------------------------------------------------------    -------------------
                         (clock core_clk_raw rise edge)
                                                      0.000     0.000 r  
    E3                                                0.000     0.000 r  clk (IN)
                         net (fo=0)                   0.000     0.000    clk
    E3                   IBUF (Prop_ibuf_I_O)         0.250     0.250 r  clk_IBUF_inst/O
                         net (fo=1, routed)           0.440     0.690    clk_IBUF
    MMCME2_ADV_X1Y2      MMCME2_ADV (Prop_mmcme2_adv_CLKIN1_CLKOUT0)
                                                     -2.379    -1.689 r  u_mmcm/CLKOUT0
                         net (fo=1, routed)           0.499    -1.190    core_clk_raw
    BUFGCTRL_X0Y16       BUFG (Prop_bufg_I_O)         0.026    -1.164 r  u_core_clk_buf/O
                         net (fo=11093, routed)       0.561    -0.603    u_aes_gcm/u_core/u_plain_release_fifo/core_clk
    SLICE_X65Y141        FDRE                                         r  u_aes_gcm/u_core/u_plain_release_fifo/wr_ptr_reg[0]/C
  -------------------------------------------------------------------    -------------------
    SLICE_X65Y141        FDRE (Prop_fdre_C_Q)         0.141    -0.462 r  u_aes_gcm/u_core/u_plain_release_fifo/wr_ptr_reg[0]/Q
                         net (fo=17, routed)          0.314    -0.149    u_aes_gcm/u_core/u_plain_release_fifo/mem_reg_0_1_6_11/ADDRD0
    SLICE_X66Y141        RAMS32                                       r  u_aes_gcm/u_core/u_plain_release_fifo/mem_reg_0_1_6_11/RAMD/ADR0
  -------------------------------------------------------------------    -------------------

                         (clock core_clk_raw rise edge)
                                                      0.000     0.000 r  
    E3                                                0.000     0.000 r  clk (IN)
                         net (fo=0)                   0.000     0.000    clk
    E3                   IBUF (Prop_ibuf_I_O)         0.438     0.438 r  clk_IBUF_inst/O
                         net (fo=1, routed)           0.480     0.918    clk_IBUF
    MMCME2_ADV_X1Y2      MMCME2_ADV (Prop_mmcme2_adv_CLKIN1_CLKOUT0)
                                                     -3.163    -2.245 r  u_mmcm/CLKOUT0
                         net (fo=1, routed)           0.544    -1.702    core_clk_raw
    BUFGCTRL_X0Y16       BUFG (Prop_bufg_I_O)         0.029    -1.673 r  u_core_clk_buf/O
                         net (fo=11093, routed)       0.833    -0.840    u_aes_gcm/u_core/u_plain_release_fifo/mem_reg_0_1_6_11/WCLK
    SLICE_X66Y141        RAMS32                                       r  u_aes_gcm/u_core/u_plain_release_fifo/mem_reg_0_1_6_11/RAMD/CLK
                         clock pessimism              0.253    -0.587    
    SLICE_X66Y141        RAMS32 (Hold_rams32_CLK_ADR0)
                                                      0.310    -0.277    u_aes_gcm/u_core/u_plain_release_fifo/mem_reg_0_1_6_11/RAMD
  -------------------------------------------------------------------
                         required time                          0.277    
                         arrival time                          -0.149    
  -------------------------------------------------------------------
                         slack                                  0.129    

Slack (MET) :             0.129ns  (arrival time - required time)
  Source:                 u_aes_gcm/u_core/u_plain_release_fifo/wr_ptr_reg[0]/C
                            (rising edge-triggered cell FDRE clocked by core_clk_raw  {rise@0.000ns fall@2.857ns period=5.714ns})
  Destination:            u_aes_gcm/u_core/u_plain_release_fifo/mem_reg_0_1_6_11/RAMD_D1/ADR0
                            (rising edge-triggered cell RAMS32 clocked by core_clk_raw  {rise@0.000ns fall@2.857ns period=5.714ns})
  Path Group:             core_clk_raw
  Path Type:              Hold (Min at Fast Process Corner)
  Requirement:            0.000ns  (core_clk_raw rise@0.000ns - core_clk_raw rise@0.000ns)
  Data Path Delay:        0.455ns  (logic 0.141ns (31.014%)  route 0.314ns (68.986%))
  Logic Levels:           0  
  Clock Path Skew:        0.016ns (DCD - SCD - CPR)
    Destination Clock Delay (DCD):    -0.840ns
    Source Clock Delay      (SCD):    -0.603ns
    Clock Pessimism Removal (CPR):    -0.253ns

    Location             Delay type                Incr(ns)  Path(ns)    Netlist Resource(s)
  -------------------------------------------------------------------    -------------------
                         (clock core_clk_raw rise edge)
                                                      0.000     0.000 r  
    E3                                                0.000     0.000 r  clk (IN)
                         net (fo=0)                   0.000     0.000    clk
    E3                   IBUF (Prop_ibuf_I_O)         0.250     0.250 r  clk_IBUF_inst/O
                         net (fo=1, routed)           0.440     0.690    clk_IBUF
    MMCME2_ADV_X1Y2      MMCME2_ADV (Prop_mmcme2_adv_CLKIN1_CLKOUT0)
                                                     -2.379    -1.689 r  u_mmcm/CLKOUT0
                         net (fo=1, routed)           0.499    -1.190    core_clk_raw
    BUFGCTRL_X0Y16       BUFG (Prop_bufg_I_O)         0.026    -1.164 r  u_core_clk_buf/O
                         net (fo=11093, routed)       0.561    -0.603    u_aes_gcm/u_core/u_plain_release_fifo/core_clk
    SLICE_X65Y141        FDRE                                         r  u_aes_gcm/u_core/u_plain_release_fifo/wr_ptr_reg[0]/C
  -------------------------------------------------------------------    -------------------
    SLICE_X65Y141        FDRE (Prop_fdre_C_Q)         0.141    -0.462 r  u_aes_gcm/u_core/u_plain_release_fifo/wr_ptr_reg[0]/Q
                         net (fo=17, routed)          0.314    -0.149    u_aes_gcm/u_core/u_plain_release_fifo/mem_reg_0_1_6_11/ADDRD0
    SLICE_X66Y141        RAMS32                                       r  u_aes_gcm/u_core/u_plain_release_fifo/mem_reg_0_1_6_11/RAMD_D1/ADR0
  -------------------------------------------------------------------    -------------------

                         (clock core_clk_raw rise edge)
                                                      0.000     0.000 r  
    E3                                                0.000     0.000 r  clk (IN)
                         net (fo=0)                   0.000     0.000    clk
    E3                   IBUF (Prop_ibuf_I_O)         0.438     0.438 r  clk_IBUF_inst/O
                         net (fo=1, routed)           0.480     0.918    clk_IBUF
    MMCME2_ADV_X1Y2      MMCME2_ADV (Prop_mmcme2_adv_CLKIN1_CLKOUT0)
                                                     -3.163    -2.245 r  u_mmcm/CLKOUT0
                         net (fo=1, routed)           0.544    -1.702    core_clk_raw
    BUFGCTRL_X0Y16       BUFG (Prop_bufg_I_O)         0.029    -1.673 r  u_core_clk_buf/O
                         net (fo=11093, routed)       0.833    -0.840    u_aes_gcm/u_core/u_plain_release_fifo/mem_reg_0_1_6_11/WCLK
    SLICE_X66Y141        RAMS32                                       r  u_aes_gcm/u_core/u_plain_release_fifo/mem_reg_0_1_6_11/RAMD_D1/CLK
                         clock pessimism              0.253    -0.587    
    SLICE_X66Y141        RAMS32 (Hold_rams32_CLK_ADR0)
                                                      0.310    -0.277    u_aes_gcm/u_core/u_plain_release_fifo/mem_reg_0_1_6_11/RAMD_D1
  -------------------------------------------------------------------
                         required time                          0.277    
                         arrival time                          -0.149    
  -------------------------------------------------------------------
                         slack                                  0.129    

Slack (MET) :             0.129ns  (arrival time - required time)
  Source:                 u_aes_gcm/u_core/tag_prod_data_reg[11]/C
                            (rising edge-triggered cell FDRE clocked by core_clk_raw  {rise@0.000ns fall@2.857ns period=5.714ns})
  Destination:            u_aes_gcm/u_core/u_tag_packet_fifo/mem_reg_0_1_6_11/RAMC_D1/I
                            (rising edge-triggered cell RAMD32 clocked by core_clk_raw  {rise@0.000ns fall@2.857ns period=5.714ns})
  Path Group:             core_clk_raw
  Path Type:              Hold (Min at Fast Process Corner)
  Requirement:            0.000ns  (core_clk_raw rise@0.000ns - core_clk_raw rise@0.000ns)
  Data Path Delay:        0.257ns  (logic 0.141ns (54.866%)  route 0.116ns (45.134%))
  Logic Levels:           0  
  Clock Path Skew:        0.014ns (DCD - SCD - CPR)
    Destination Clock Delay (DCD):    -0.848ns
    Source Clock Delay      (SCD):    -0.608ns
    Clock Pessimism Removal (CPR):    -0.254ns

    Location             Delay type                Incr(ns)  Path(ns)    Netlist Resource(s)
  -------------------------------------------------------------------    -------------------
                         (clock core_clk_raw rise edge)
                                                      0.000     0.000 r  
    E3                                                0.000     0.000 r  clk (IN)
                         net (fo=0)                   0.000     0.000    clk
    E3                   IBUF (Prop_ibuf_I_O)         0.250     0.250 r  clk_IBUF_inst/O
                         net (fo=1, routed)           0.440     0.690    clk_IBUF
    MMCME2_ADV_X1Y2      MMCME2_ADV (Prop_mmcme2_adv_CLKIN1_CLKOUT0)
                                                     -2.379    -1.689 r  u_mmcm/CLKOUT0
                         net (fo=1, routed)           0.499    -1.190    core_clk_raw
    BUFGCTRL_X0Y16       BUFG (Prop_bufg_I_O)         0.026    -1.164 r  u_core_clk_buf/O
                         net (fo=11093, routed)       0.556    -0.608    u_aes_gcm/u_core/core_clk
    SLICE_X36Y130        FDRE                                         r  u_aes_gcm/u_core/tag_prod_data_reg[11]/C
  -------------------------------------------------------------------    -------------------
    SLICE_X36Y130        FDRE (Prop_fdre_C_Q)         0.141    -0.467 r  u_aes_gcm/u_core/tag_prod_data_reg[11]/Q
                         net (fo=2, routed)           0.116    -0.351    u_aes_gcm/u_core/u_tag_packet_fifo/mem_reg_0_1_6_11/DIC1
    SLICE_X34Y130        RAMD32                                       r  u_aes_gcm/u_core/u_tag_packet_fifo/mem_reg_0_1_6_11/RAMC_D1/I
  -------------------------------------------------------------------    -------------------

                         (clock core_clk_raw rise edge)
                                                      0.000     0.000 r  
    E3                                                0.000     0.000 r  clk (IN)
                         net (fo=0)                   0.000     0.000    clk
    E3                   IBUF (Prop_ibuf_I_O)         0.438     0.438 r  clk_IBUF_inst/O
                         net (fo=1, routed)           0.480     0.918    clk_IBUF
    MMCME2_ADV_X1Y2      MMCME2_ADV (Prop_mmcme2_adv_CLKIN1_CLKOUT0)
                                                     -3.163    -2.245 r  u_mmcm/CLKOUT0
                         net (fo=1, routed)           0.544    -1.702    core_clk_raw
    BUFGCTRL_X0Y16       BUFG (Prop_bufg_I_O)         0.029    -1.673 r  u_core_clk_buf/O
                         net (fo=11093, routed)       0.825    -0.848    u_aes_gcm/u_core/u_tag_packet_fifo/mem_reg_0_1_6_11/WCLK
    SLICE_X34Y130        RAMD32                                       r  u_aes_gcm/u_core/u_tag_packet_fifo/mem_reg_0_1_6_11/RAMC_D1/CLK
                         clock pessimism              0.254    -0.594    
    SLICE_X34Y130        RAMD32 (Hold_ramd32_CLK_I)
                                                      0.114    -0.480    u_aes_gcm/u_core/u_tag_packet_fifo/mem_reg_0_1_6_11/RAMC_D1
  -------------------------------------------------------------------
                         required time                          0.480    
                         arrival time                          -0.351    
  -------------------------------------------------------------------
                         slack                                  0.129    

Slack (MET) :             0.129ns  (arrival time - required time)
  Source:                 u_aes_gcm/u_registers/key_staging_o_reg[227]/C
                            (rising edge-triggered cell FDRE clocked by core_clk_raw  {rise@0.000ns fall@2.857ns period=5.714ns})
  Destination:            u_aes_gcm/u_core/u_key_context/window_w0_r_reg[3]/D
                            (rising edge-triggered cell FDRE clocked by core_clk_raw  {rise@0.000ns fall@2.857ns period=5.714ns})
  Path Group:             core_clk_raw
  Path Type:              Hold (Min at Fast Process Corner)
  Requirement:            0.000ns  (core_clk_raw rise@0.000ns - core_clk_raw rise@0.000ns)
  Data Path Delay:        0.408ns  (logic 0.186ns (45.632%)  route 0.222ns (54.368%))
  Logic Levels:           1  (LUT5=1)
  Clock Path Skew:        0.186ns (DCD - SCD - CPR)
    Destination Clock Delay (DCD):    -0.801ns
    Source Clock Delay      (SCD):    -0.484ns
    Clock Pessimism Removal (CPR):    -0.504ns

    Location             Delay type                Incr(ns)  Path(ns)    Netlist Resource(s)
  -------------------------------------------------------------------    -------------------
                         (clock core_clk_raw rise edge)
                                                      0.000     0.000 r  
    E3                                                0.000     0.000 r  clk (IN)
                         net (fo=0)                   0.000     0.000    clk
    E3                   IBUF (Prop_ibuf_I_O)         0.250     0.250 r  clk_IBUF_inst/O
                         net (fo=1, routed)           0.440     0.690    clk_IBUF
    MMCME2_ADV_X1Y2      MMCME2_ADV (Prop_mmcme2_adv_CLKIN1_CLKOUT0)
                                                     -2.379    -1.689 r  u_mmcm/CLKOUT0
                         net (fo=1, routed)           0.499    -1.190    core_clk_raw
    BUFGCTRL_X0Y16       BUFG (Prop_bufg_I_O)         0.026    -1.164 r  u_core_clk_buf/O
                         net (fo=11093, routed)       0.680    -0.484    u_aes_gcm/u_registers/core_clk
    SLICE_X4Y152         FDRE                                         r  u_aes_gcm/u_registers/key_staging_o_reg[227]/C
  -------------------------------------------------------------------    -------------------
    SLICE_X4Y152         FDRE (Prop_fdre_C_Q)         0.141    -0.343 r  u_aes_gcm/u_registers/key_staging_o_reg[227]/Q
                         net (fo=2, routed)           0.222    -0.121    u_aes_gcm/u_core/u_key_context/round_keys_r_reg[127]_4[227]
    SLICE_X3Y149         LUT5 (Prop_lut5_I4_O)        0.045    -0.076 r  u_aes_gcm/u_core/u_key_context/window_w0_r[3]_i_1/O
                         net (fo=1, routed)           0.000    -0.076    u_aes_gcm/u_core/u_key_context/window_w0_r[3]_i_1_n_0
    SLICE_X3Y149         FDRE                                         r  u_aes_gcm/u_core/u_key_context/window_w0_r_reg[3]/D
  -------------------------------------------------------------------    -------------------

                         (clock core_clk_raw rise edge)
                                                      0.000     0.000 r  
    E3                                                0.000     0.000 r  clk (IN)
                         net (fo=0)                   0.000     0.000    clk
    E3                   IBUF (Prop_ibuf_I_O)         0.438     0.438 r  clk_IBUF_inst/O
                         net (fo=1, routed)           0.480     0.918    clk_IBUF
    MMCME2_ADV_X1Y2      MMCME2_ADV (Prop_mmcme2_adv_CLKIN1_CLKOUT0)
                                                     -3.163    -2.245 r  u_mmcm/CLKOUT0
                         net (fo=1, routed)           0.544    -1.702    core_clk_raw
    BUFGCTRL_X0Y16       BUFG (Prop_bufg_I_O)         0.029    -1.673 r  u_core_clk_buf/O
                         net (fo=11093, routed)       0.872    -0.801    u_aes_gcm/u_core/u_key_context/core_clk
    SLICE_X3Y149         FDRE                                         r  u_aes_gcm/u_core/u_key_context/window_w0_r_reg[3]/C
                         clock pessimism              0.504    -0.297    
    SLICE_X3Y149         FDRE (Hold_fdre_C_D)         0.092    -0.205    u_aes_gcm/u_core/u_key_context/window_w0_r_reg[3]
  -------------------------------------------------------------------
                         required time                          0.205    
                         arrival time                          -0.076    
  -------------------------------------------------------------------
                         slack                                  0.129    

Slack (MET) :             0.129ns  (arrival time - required time)
  Source:                 u_aes_gcm/u_registers/data_len_bits_o_reg[2]/C
                            (rising edge-triggered cell FDRE clocked by core_clk_raw  {rise@0.000ns fall@2.857ns period=5.714ns})
  Destination:            u_aes_gcm/u_core/u_desc_fifo/mem_reg_0_1_0_5/RAMB/I
                            (rising edge-triggered cell RAMD32 clocked by core_clk_raw  {rise@0.000ns fall@2.857ns period=5.714ns})
  Path Group:             core_clk_raw
  Path Type:              Hold (Min at Fast Process Corner)
  Requirement:            0.000ns  (core_clk_raw rise@0.000ns - core_clk_raw rise@0.000ns)
  Data Path Delay:        0.312ns  (logic 0.141ns (45.143%)  route 0.171ns (54.857%))
  Logic Levels:           0  
  Clock Path Skew:        0.037ns (DCD - SCD - CPR)
    Destination Clock Delay (DCD):    -0.841ns
    Source Clock Delay      (SCD):    -0.603ns
    Clock Pessimism Removal (CPR):    -0.275ns

    Location             Delay type                Incr(ns)  Path(ns)    Netlist Resource(s)
  -------------------------------------------------------------------    -------------------
                         (clock core_clk_raw rise edge)
                                                      0.000     0.000 r  
    E3                                                0.000     0.000 r  clk (IN)
                         net (fo=0)                   0.000     0.000    clk
    E3                   IBUF (Prop_ibuf_I_O)         0.250     0.250 r  clk_IBUF_inst/O
                         net (fo=1, routed)           0.440     0.690    clk_IBUF
    MMCME2_ADV_X1Y2      MMCME2_ADV (Prop_mmcme2_adv_CLKIN1_CLKOUT0)
                                                     -2.379    -1.689 r  u_mmcm/CLKOUT0
                         net (fo=1, routed)           0.499    -1.190    core_clk_raw
    BUFGCTRL_X0Y16       BUFG (Prop_bufg_I_O)         0.026    -1.164 r  u_core_clk_buf/O
                         net (fo=11093, routed)       0.561    -0.603    u_aes_gcm/u_registers/core_clk
    SLICE_X63Y140        FDRE                                         r  u_aes_gcm/u_registers/data_len_bits_o_reg[2]/C
  -------------------------------------------------------------------    -------------------
    SLICE_X63Y140        FDRE (Prop_fdre_C_Q)         0.141    -0.462 r  u_aes_gcm/u_registers/data_len_bits_o_reg[2]/Q
                         net (fo=2, routed)           0.171    -0.291    u_aes_gcm/u_core/u_desc_fifo/mem_reg_0_1_0_5/DIB0
    SLICE_X66Y139        RAMD32                                       r  u_aes_gcm/u_core/u_desc_fifo/mem_reg_0_1_0_5/RAMB/I
  -------------------------------------------------------------------    -------------------

                         (clock core_clk_raw rise edge)
                                                      0.000     0.000 r  
    E3                                                0.000     0.000 r  clk (IN)
                         net (fo=0)                   0.000     0.000    clk
    E3                   IBUF (Prop_ibuf_I_O)         0.438     0.438 r  clk_IBUF_inst/O
                         net (fo=1, routed)           0.480     0.918    clk_IBUF
    MMCME2_ADV_X1Y2      MMCME2_ADV (Prop_mmcme2_adv_CLKIN1_CLKOUT0)
                                                     -3.163    -2.245 r  u_mmcm/CLKOUT0
                         net (fo=1, routed)           0.544    -1.702    core_clk_raw
    BUFGCTRL_X0Y16       BUFG (Prop_bufg_I_O)         0.029    -1.673 r  u_core_clk_buf/O
                         net (fo=11093, routed)       0.832    -0.841    u_aes_gcm/u_core/u_desc_fifo/mem_reg_0_1_0_5/WCLK
    SLICE_X66Y139        RAMD32                                       r  u_aes_gcm/u_core/u_desc_fifo/mem_reg_0_1_0_5/RAMB/CLK
                         clock pessimism              0.275    -0.566    
    SLICE_X66Y139        RAMD32 (Hold_ramd32_CLK_I)
                                                      0.146    -0.420    u_aes_gcm/u_core/u_desc_fifo/mem_reg_0_1_0_5/RAMB
  -------------------------------------------------------------------
                         required time                          0.420    
                         arrival time                          -0.291    
  -------------------------------------------------------------------
                         slack                                  0.129    

Slack (MET) :             0.131ns  (arrival time - required time)
  Source:                 u_aes_gcm/u_core/tag_prod_data_reg[70]/C
                            (rising edge-triggered cell FDRE clocked by core_clk_raw  {rise@0.000ns fall@2.857ns period=5.714ns})
  Destination:            u_aes_gcm/u_core/u_tag_packet_fifo/mem_reg_0_1_66_71/RAMC/I
                            (rising edge-triggered cell RAMD32 clocked by core_clk_raw  {rise@0.000ns fall@2.857ns period=5.714ns})
  Path Group:             core_clk_raw
  Path Type:              Hold (Min at Fast Process Corner)
  Requirement:            0.000ns  (core_clk_raw rise@0.000ns - core_clk_raw rise@0.000ns)
  Data Path Delay:        0.256ns  (logic 0.128ns (49.933%)  route 0.128ns (50.067%))
  Logic Levels:           0  
  Clock Path Skew:        0.034ns (DCD - SCD - CPR)
    Destination Clock Delay (DCD):    -0.850ns
    Source Clock Delay      (SCD):    -0.609ns
    Clock Pessimism Removal (CPR):    -0.275ns

    Location             Delay type                Incr(ns)  Path(ns)    Netlist Resource(s)
  -------------------------------------------------------------------    -------------------
                         (clock core_clk_raw rise edge)
                                                      0.000     0.000 r  
    E3                                                0.000     0.000 r  clk (IN)
                         net (fo=0)                   0.000     0.000    clk
    E3                   IBUF (Prop_ibuf_I_O)         0.250     0.250 r  clk_IBUF_inst/O
                         net (fo=1, routed)           0.440     0.690    clk_IBUF
    MMCME2_ADV_X1Y2      MMCME2_ADV (Prop_mmcme2_adv_CLKIN1_CLKOUT0)
                                                     -2.379    -1.689 r  u_mmcm/CLKOUT0
                         net (fo=1, routed)           0.499    -1.190    core_clk_raw
    BUFGCTRL_X0Y16       BUFG (Prop_bufg_I_O)         0.026    -1.164 r  u_core_clk_buf/O
                         net (fo=11093, routed)       0.555    -0.609    u_aes_gcm/u_core/core_clk
    SLICE_X37Y129        FDRE                                         r  u_aes_gcm/u_core/tag_prod_data_reg[70]/C
  -------------------------------------------------------------------    -------------------
    SLICE_X37Y129        FDRE (Prop_fdre_C_Q)         0.128    -0.481 r  u_aes_gcm/u_core/tag_prod_data_reg[70]/Q
                         net (fo=2, routed)           0.128    -0.353    u_aes_gcm/u_core/u_tag_packet_fifo/mem_reg_0_1_66_71/DIC0
    SLICE_X38Y129        RAMD32                                       r  u_aes_gcm/u_core/u_tag_packet_fifo/mem_reg_0_1_66_71/RAMC/I
  -------------------------------------------------------------------    -------------------

                         (clock core_clk_raw rise edge)
                                                      0.000     0.000 r  
    E3                                                0.000     0.000 r  clk (IN)
                         net (fo=0)                   0.000     0.000    clk
    E3                   IBUF (Prop_ibuf_I_O)         0.438     0.438 r  clk_IBUF_inst/O
                         net (fo=1, routed)           0.480     0.918    clk_IBUF
    MMCME2_ADV_X1Y2      MMCME2_ADV (Prop_mmcme2_adv_CLKIN1_CLKOUT0)
                                                     -3.163    -2.245 r  u_mmcm/CLKOUT0
                         net (fo=1, routed)           0.544    -1.702    core_clk_raw
    BUFGCTRL_X0Y16       BUFG (Prop_bufg_I_O)         0.029    -1.673 r  u_core_clk_buf/O
                         net (fo=11093, routed)       0.823    -0.850    u_aes_gcm/u_core/u_tag_packet_fifo/mem_reg_0_1_66_71/WCLK
    SLICE_X38Y129        RAMD32                                       r  u_aes_gcm/u_core/u_tag_packet_fifo/mem_reg_0_1_66_71/RAMC/CLK
                         clock pessimism              0.275    -0.575    
    SLICE_X38Y129        RAMD32 (Hold_ramd32_CLK_I)
                                                      0.091    -0.484    u_aes_gcm/u_core/u_tag_packet_fifo/mem_reg_0_1_66_71/RAMC
  -------------------------------------------------------------------
                         required time                          0.484    
                         arrival time                          -0.353    
  -------------------------------------------------------------------
                         slack                                  0.131    

Slack (MET) :             0.132ns  (arrival time - required time)
  Source:                 u_aes_gcm/u_core/j0_reg_reg[29]/C
                            (rising edge-triggered cell FDRE clocked by core_clk_raw  {rise@0.000ns fall@2.857ns period=5.714ns})
  Destination:            u_aes_gcm/u_core/aes_prod_data_reg[169]/D
                            (rising edge-triggered cell FDRE clocked by core_clk_raw  {rise@0.000ns fall@2.857ns period=5.714ns})
  Path Group:             core_clk_raw
  Path Type:              Hold (Min at Fast Process Corner)
  Requirement:            0.000ns  (core_clk_raw rise@0.000ns - core_clk_raw rise@0.000ns)
  Data Path Delay:        0.237ns  (logic 0.186ns (78.504%)  route 0.051ns (21.496%))
  Logic Levels:           1  (LUT4=1)
  Clock Path Skew:        0.013ns (DCD - SCD - CPR)
    Destination Clock Delay (DCD):    -0.840ns
    Source Clock Delay      (SCD):    -0.603ns
    Clock Pessimism Removal (CPR):    -0.250ns

    Location             Delay type                Incr(ns)  Path(ns)    Netlist Resource(s)
  -------------------------------------------------------------------    -------------------
                         (clock core_clk_raw rise edge)
                                                      0.000     0.000 r  
    E3                                                0.000     0.000 r  clk (IN)
                         net (fo=0)                   0.000     0.000    clk
    E3                   IBUF (Prop_ibuf_I_O)         0.250     0.250 r  clk_IBUF_inst/O
                         net (fo=1, routed)           0.440     0.690    clk_IBUF
    MMCME2_ADV_X1Y2      MMCME2_ADV (Prop_mmcme2_adv_CLKIN1_CLKOUT0)
                                                     -2.379    -1.689 r  u_mmcm/CLKOUT0
                         net (fo=1, routed)           0.499    -1.190    core_clk_raw
    BUFGCTRL_X0Y16       BUFG (Prop_bufg_I_O)         0.026    -1.164 r  u_core_clk_buf/O
                         net (fo=11093, routed)       0.561    -0.603    u_aes_gcm/u_core/core_clk
    SLICE_X40Y140        FDRE                                         r  u_aes_gcm/u_core/j0_reg_reg[29]/C
  -------------------------------------------------------------------    -------------------
    SLICE_X40Y140        FDRE (Prop_fdre_C_Q)         0.141    -0.462 r  u_aes_gcm/u_core/j0_reg_reg[29]/Q
                         net (fo=1, routed)           0.051    -0.411    u_aes_gcm/u_core/j0_reg[29]
    SLICE_X41Y140        LUT4 (Prop_lut4_I1_O)        0.045    -0.366 r  u_aes_gcm/u_core/aes_prod_data[169]_i_1/O
                         net (fo=1, routed)           0.000    -0.366    u_aes_gcm/u_core/aes_prod_data[169]_i_1_n_0
    SLICE_X41Y140        FDRE                                         r  u_aes_gcm/u_core/aes_prod_data_reg[169]/D
  -------------------------------------------------------------------    -------------------

                         (clock core_clk_raw rise edge)
                                                      0.000     0.000 r  
    E3                                                0.000     0.000 r  clk (IN)
                         net (fo=0)                   0.000     0.000    clk
    E3                   IBUF (Prop_ibuf_I_O)         0.438     0.438 r  clk_IBUF_inst/O
                         net (fo=1, routed)           0.480     0.918    clk_IBUF
    MMCME2_ADV_X1Y2      MMCME2_ADV (Prop_mmcme2_adv_CLKIN1_CLKOUT0)
                                                     -3.163    -2.245 r  u_mmcm/CLKOUT0
                         net (fo=1, routed)           0.544    -1.702    core_clk_raw
    BUFGCTRL_X0Y16       BUFG (Prop_bufg_I_O)         0.029    -1.673 r  u_core_clk_buf/O
                         net (fo=11093, routed)       0.833    -0.840    u_aes_gcm/u_core/core_clk
    SLICE_X41Y140        FDRE                                         r  u_aes_gcm/u_core/aes_prod_data_reg[169]/C
                         clock pessimism              0.250    -0.590    
    SLICE_X41Y140        FDRE (Hold_fdre_C_D)         0.092    -0.498    u_aes_gcm/u_core/aes_prod_data_reg[169]
  -------------------------------------------------------------------
                         required time                          0.498    
                         arrival time                          -0.366    
  -------------------------------------------------------------------
                         slack                                  0.132    

Slack (MET) :             0.132ns  (arrival time - required time)
  Source:                 u_aes_gcm/u_core/j0_reg_reg[28]/C
                            (rising edge-triggered cell FDRE clocked by core_clk_raw  {rise@0.000ns fall@2.857ns period=5.714ns})
  Destination:            u_aes_gcm/u_core/aes_prod_data_reg[168]/D
                            (rising edge-triggered cell FDRE clocked by core_clk_raw  {rise@0.000ns fall@2.857ns period=5.714ns})
  Path Group:             core_clk_raw
  Path Type:              Hold (Min at Fast Process Corner)
  Requirement:            0.000ns  (core_clk_raw rise@0.000ns - core_clk_raw rise@0.000ns)
  Data Path Delay:        0.266ns  (logic 0.186ns (69.897%)  route 0.080ns (30.103%))
  Logic Levels:           1  (LUT4=1)
  Clock Path Skew:        0.013ns (DCD - SCD - CPR)
    Destination Clock Delay (DCD):    -0.841ns
    Source Clock Delay      (SCD):    -0.604ns
    Clock Pessimism Removal (CPR):    -0.250ns

    Location             Delay type                Incr(ns)  Path(ns)    Netlist Resource(s)
  -------------------------------------------------------------------    -------------------
                         (clock core_clk_raw rise edge)
                                                      0.000     0.000 r  
    E3                                                0.000     0.000 r  clk (IN)
                         net (fo=0)                   0.000     0.000    clk
    E3                   IBUF (Prop_ibuf_I_O)         0.250     0.250 r  clk_IBUF_inst/O
                         net (fo=1, routed)           0.440     0.690    clk_IBUF
    MMCME2_ADV_X1Y2      MMCME2_ADV (Prop_mmcme2_adv_CLKIN1_CLKOUT0)
                                                     -2.379    -1.689 r  u_mmcm/CLKOUT0
                         net (fo=1, routed)           0.499    -1.190    core_clk_raw
    BUFGCTRL_X0Y16       BUFG (Prop_bufg_I_O)         0.026    -1.164 r  u_core_clk_buf/O
                         net (fo=11093, routed)       0.560    -0.604    u_aes_gcm/u_core/core_clk
    SLICE_X39Y139        FDRE                                         r  u_aes_gcm/u_core/j0_reg_reg[28]/C
  -------------------------------------------------------------------    -------------------
    SLICE_X39Y139        FDRE (Prop_fdre_C_Q)         0.141    -0.463 r  u_aes_gcm/u_core/j0_reg_reg[28]/Q
                         net (fo=1, routed)           0.080    -0.383    u_aes_gcm/u_core/j0_reg[28]
    SLICE_X38Y139        LUT4 (Prop_lut4_I1_O)        0.045    -0.338 r  u_aes_gcm/u_core/aes_prod_data[168]_i_1/O
                         net (fo=1, routed)           0.000    -0.338    u_aes_gcm/u_core/aes_prod_data[168]_i_1_n_0
    SLICE_X38Y139        FDRE                                         r  u_aes_gcm/u_core/aes_prod_data_reg[168]/D
  -------------------------------------------------------------------    -------------------

                         (clock core_clk_raw rise edge)
                                                      0.000     0.000 r  
    E3                                                0.000     0.000 r  clk (IN)
                         net (fo=0)                   0.000     0.000    clk
    E3                   IBUF (Prop_ibuf_I_O)         0.438     0.438 r  clk_IBUF_inst/O
                         net (fo=1, routed)           0.480     0.918    clk_IBUF
    MMCME2_ADV_X1Y2      MMCME2_ADV (Prop_mmcme2_adv_CLKIN1_CLKOUT0)
                                                     -3.163    -2.245 r  u_mmcm/CLKOUT0
                         net (fo=1, routed)           0.544    -1.702    core_clk_raw
    BUFGCTRL_X0Y16       BUFG (Prop_bufg_I_O)         0.029    -1.673 r  u_core_clk_buf/O
                         net (fo=11093, routed)       0.832    -0.841    u_aes_gcm/u_core/core_clk
    SLICE_X38Y139        FDRE                                         r  u_aes_gcm/u_core/aes_prod_data_reg[168]/C
                         clock pessimism              0.250    -0.591    
    SLICE_X38Y139        FDRE (Hold_fdre_C_D)         0.121    -0.470    u_aes_gcm/u_core/aes_prod_data_reg[168]
  -------------------------------------------------------------------
                         required time                          0.470    
                         arrival time                          -0.338    
  -------------------------------------------------------------------
                         slack                                  0.132    

Slack (MET) :             0.133ns  (arrival time - required time)
  Source:                 u_aes_gcm/u_core/u_aes_first_engine/block_out_r_reg[29]/C
                            (rising edge-triggered cell FDRE clocked by core_clk_raw  {rise@0.000ns fall@2.857ns period=5.714ns})
  Destination:            u_aes_gcm/u_core/aes_first_result_block_r_reg[29]/D
                            (rising edge-triggered cell FDRE clocked by core_clk_raw  {rise@0.000ns fall@2.857ns period=5.714ns})
  Path Group:             core_clk_raw
  Path Type:              Hold (Min at Fast Process Corner)
  Requirement:            0.000ns  (core_clk_raw rise@0.000ns - core_clk_raw rise@0.000ns)
  Data Path Delay:        0.460ns  (logic 0.141ns (30.679%)  route 0.319ns (69.321%))
  Logic Levels:           0  
  Clock Path Skew:        0.261ns (DCD - SCD - CPR)
    Destination Clock Delay (DCD):    -0.847ns
    Source Clock Delay      (SCD):    -0.604ns
    Clock Pessimism Removal (CPR):    -0.504ns

    Location             Delay type                Incr(ns)  Path(ns)    Netlist Resource(s)
  -------------------------------------------------------------------    -------------------
                         (clock core_clk_raw rise edge)
                                                      0.000     0.000 r  
    E3                                                0.000     0.000 r  clk (IN)
                         net (fo=0)                   0.000     0.000    clk
    E3                   IBUF (Prop_ibuf_I_O)         0.250     0.250 r  clk_IBUF_inst/O
                         net (fo=1, routed)           0.440     0.690    clk_IBUF
    MMCME2_ADV_X1Y2      MMCME2_ADV (Prop_mmcme2_adv_CLKIN1_CLKOUT0)
                                                     -2.379    -1.689 r  u_mmcm/CLKOUT0
                         net (fo=1, routed)           0.499    -1.190    core_clk_raw
    BUFGCTRL_X0Y16       BUFG (Prop_bufg_I_O)         0.026    -1.164 r  u_core_clk_buf/O
                         net (fo=11093, routed)       0.560    -0.604    u_aes_gcm/u_core/u_aes_first_engine/core_clk
    SLICE_X51Y148        FDRE                                         r  u_aes_gcm/u_core/u_aes_first_engine/block_out_r_reg[29]/C
  -------------------------------------------------------------------    -------------------
    SLICE_X51Y148        FDRE (Prop_fdre_C_Q)         0.141    -0.463 r  u_aes_gcm/u_core/u_aes_first_engine/block_out_r_reg[29]/Q
                         net (fo=1, routed)           0.319    -0.145    u_aes_gcm/u_core/aes_first_out[29]
    SLICE_X53Y139        FDRE                                         r  u_aes_gcm/u_core/aes_first_result_block_r_reg[29]/D
  -------------------------------------------------------------------    -------------------

                         (clock core_clk_raw rise edge)
                                                      0.000     0.000 r  
    E3                                                0.000     0.000 r  clk (IN)
                         net (fo=0)                   0.000     0.000    clk
    E3                   IBUF (Prop_ibuf_I_O)         0.438     0.438 r  clk_IBUF_inst/O
                         net (fo=1, routed)           0.480     0.918    clk_IBUF
    MMCME2_ADV_X1Y2      MMCME2_ADV (Prop_mmcme2_adv_CLKIN1_CLKOUT0)
                                                     -3.163    -2.245 r  u_mmcm/CLKOUT0
                         net (fo=1, routed)           0.544    -1.702    core_clk_raw
    BUFGCTRL_X0Y16       BUFG (Prop_bufg_I_O)         0.029    -1.673 r  u_core_clk_buf/O
                         net (fo=11093, routed)       0.826    -0.847    u_aes_gcm/u_core/core_clk
    SLICE_X53Y139        FDRE                                         r  u_aes_gcm/u_core/aes_first_result_block_r_reg[29]/C
                         clock pessimism              0.504    -0.343    
    SLICE_X53Y139        FDRE (Hold_fdre_C_D)         0.066    -0.277    u_aes_gcm/u_core/aes_first_result_block_r_reg[29]
  -------------------------------------------------------------------
                         required time                          0.277    
                         arrival time                          -0.145    
  -------------------------------------------------------------------
                         slack                                  0.133    

Slack (MET) :             0.133ns  (arrival time - required time)
  Source:                 u_aes_gcm/u_core/ct_prod_data_reg[5]/C
                            (rising edge-triggered cell FDRE clocked by core_clk_raw  {rise@0.000ns fall@2.857ns period=5.714ns})
  Destination:            u_aes_gcm/u_core/u_ciphertext_fifo/mem_reg_0_3_0_5/RAMC_D1/I
                            (rising edge-triggered cell RAMD32 clocked by core_clk_raw  {rise@0.000ns fall@2.857ns period=5.714ns})
  Path Group:             core_clk_raw
  Path Type:              Hold (Min at Fast Process Corner)
  Requirement:            0.000ns  (core_clk_raw rise@0.000ns - core_clk_raw rise@0.000ns)
  Data Path Delay:        0.262ns  (logic 0.141ns (53.808%)  route 0.121ns (46.192%))
  Logic Levels:           0  
  Clock Path Skew:        0.015ns (DCD - SCD - CPR)
    Destination Clock Delay (DCD):    -0.855ns
    Source Clock Delay      (SCD):    -0.616ns
    Clock Pessimism Removal (CPR):    -0.254ns

    Location             Delay type                Incr(ns)  Path(ns)    Netlist Resource(s)
  -------------------------------------------------------------------    -------------------
                         (clock core_clk_raw rise edge)
                                                      0.000     0.000 r  
    E3                                                0.000     0.000 r  clk (IN)
                         net (fo=0)                   0.000     0.000    clk
    E3                   IBUF (Prop_ibuf_I_O)         0.250     0.250 r  clk_IBUF_inst/O
                         net (fo=1, routed)           0.440     0.690    clk_IBUF
    MMCME2_ADV_X1Y2      MMCME2_ADV (Prop_mmcme2_adv_CLKIN1_CLKOUT0)
                                                     -2.379    -1.689 r  u_mmcm/CLKOUT0
                         net (fo=1, routed)           0.499    -1.190    core_clk_raw
    BUFGCTRL_X0Y16       BUFG (Prop_bufg_I_O)         0.026    -1.164 r  u_core_clk_buf/O
                         net (fo=11093, routed)       0.548    -0.616    u_aes_gcm/u_core/core_clk
    SLICE_X47Y126        FDRE                                         r  u_aes_gcm/u_core/ct_prod_data_reg[5]/C
  -------------------------------------------------------------------    -------------------
    SLICE_X47Y126        FDRE (Prop_fdre_C_Q)         0.141    -0.475 r  u_aes_gcm/u_core/ct_prod_data_reg[5]/Q
                         net (fo=2, routed)           0.121    -0.354    u_aes_gcm/u_core/u_ciphertext_fifo/mem_reg_0_3_0_5/DIC1
    SLICE_X46Y127        RAMD32                                       r  u_aes_gcm/u_core/u_ciphertext_fifo/mem_reg_0_3_0_5/RAMC_D1/I
  -------------------------------------------------------------------    -------------------

                         (clock core_clk_raw rise edge)
                                                      0.000     0.000 r  
    E3                                                0.000     0.000 r  clk (IN)
                         net (fo=0)                   0.000     0.000    clk
    E3                   IBUF (Prop_ibuf_I_O)         0.438     0.438 r  clk_IBUF_inst/O
                         net (fo=1, routed)           0.480     0.918    clk_IBUF
    MMCME2_ADV_X1Y2      MMCME2_ADV (Prop_mmcme2_adv_CLKIN1_CLKOUT0)
                                                     -3.163    -2.245 r  u_mmcm/CLKOUT0
                         net (fo=1, routed)           0.544    -1.702    core_clk_raw
    BUFGCTRL_X0Y16       BUFG (Prop_bufg_I_O)         0.029    -1.673 r  u_core_clk_buf/O
                         net (fo=11093, routed)       0.817    -0.855    u_aes_gcm/u_core/u_ciphertext_fifo/mem_reg_0_3_0_5/WCLK
    SLICE_X46Y127        RAMD32                                       r  u_aes_gcm/u_core/u_ciphertext_fifo/mem_reg_0_3_0_5/RAMC_D1/CLK
                         clock pessimism              0.254    -0.601    
    SLICE_X46Y127        RAMD32 (Hold_ramd32_CLK_I)
                                                      0.114    -0.487    u_aes_gcm/u_core/u_ciphertext_fifo/mem_reg_0_3_0_5/RAMC_D1
  -------------------------------------------------------------------
                         required time                          0.487    
                         arrival time                          -0.354    
  -------------------------------------------------------------------
                         slack                                  0.133    

Slack (MET) :             0.135ns  (arrival time - required time)
  Source:                 u_aes_gcm/u_core/ct_prod_data_reg[71]/C
                            (rising edge-triggered cell FDRE clocked by core_clk_raw  {rise@0.000ns fall@2.857ns period=5.714ns})
  Destination:            u_aes_gcm/u_core/u_ciphertext_fifo/mem_reg_0_3_66_71/RAMC_D1/I
                            (rising edge-triggered cell RAMD32 clocked by core_clk_raw  {rise@0.000ns fall@2.857ns period=5.714ns})
  Path Group:             core_clk_raw
  Path Type:              Hold (Min at Fast Process Corner)
  Requirement:            0.000ns  (core_clk_raw rise@0.000ns - core_clk_raw rise@0.000ns)
  Data Path Delay:        0.512ns  (logic 0.164ns (32.006%)  route 0.348ns (67.994%))
  Logic Levels:           0  
  Clock Path Skew:        0.264ns (DCD - SCD - CPR)
    Destination Clock Delay (DCD):    -0.854ns
    Source Clock Delay      (SCD):    -0.614ns
    Clock Pessimism Removal (CPR):    -0.504ns

    Location             Delay type                Incr(ns)  Path(ns)    Netlist Resource(s)
  -------------------------------------------------------------------    -------------------
                         (clock core_clk_raw rise edge)
                                                      0.000     0.000 r  
    E3                                                0.000     0.000 r  clk (IN)
                         net (fo=0)                   0.000     0.000    clk
    E3                   IBUF (Prop_ibuf_I_O)         0.250     0.250 r  clk_IBUF_inst/O
                         net (fo=1, routed)           0.440     0.690    clk_IBUF
    MMCME2_ADV_X1Y2      MMCME2_ADV (Prop_mmcme2_adv_CLKIN1_CLKOUT0)
                                                     -2.379    -1.689 r  u_mmcm/CLKOUT0
                         net (fo=1, routed)           0.499    -1.190    core_clk_raw
    BUFGCTRL_X0Y16       BUFG (Prop_bufg_I_O)         0.026    -1.164 r  u_core_clk_buf/O
                         net (fo=11093, routed)       0.550    -0.614    u_aes_gcm/u_core/core_clk
    SLICE_X60Y122        FDRE                                         r  u_aes_gcm/u_core/ct_prod_data_reg[71]/C
  -------------------------------------------------------------------    -------------------
    SLICE_X60Y122        FDRE (Prop_fdre_C_Q)         0.164    -0.450 r  u_aes_gcm/u_core/ct_prod_data_reg[71]/Q
                         net (fo=3, routed)           0.348    -0.102    u_aes_gcm/u_core/u_ciphertext_fifo/mem_reg_0_3_66_71/DIC1
    SLICE_X42Y122        RAMD32                                       r  u_aes_gcm/u_core/u_ciphertext_fifo/mem_reg_0_3_66_71/RAMC_D1/I
  -------------------------------------------------------------------    -------------------

                         (clock core_clk_raw rise edge)
                                                      0.000     0.000 r  
    E3                                                0.000     0.000 r  clk (IN)
                         net (fo=0)                   0.000     0.000    clk
    E3                   IBUF (Prop_ibuf_I_O)         0.438     0.438 r  clk_IBUF_inst/O
                         net (fo=1, routed)           0.480     0.918    clk_IBUF
    MMCME2_ADV_X1Y2      MMCME2_ADV (Prop_mmcme2_adv_CLKIN1_CLKOUT0)
                                                     -3.163    -2.245 r  u_mmcm/CLKOUT0
                         net (fo=1, routed)           0.544    -1.702    core_clk_raw
    BUFGCTRL_X0Y16       BUFG (Prop_bufg_I_O)         0.029    -1.673 r  u_core_clk_buf/O
                         net (fo=11093, routed)       0.818    -0.854    u_aes_gcm/u_core/u_ciphertext_fifo/mem_reg_0_3_66_71/WCLK
    SLICE_X42Y122        RAMD32                                       r  u_aes_gcm/u_core/u_ciphertext_fifo/mem_reg_0_3_66_71/RAMC_D1/CLK
                         clock pessimism              0.504    -0.350    
    SLICE_X42Y122        RAMD32 (Hold_ramd32_CLK_I)
                                                      0.114    -0.236    u_aes_gcm/u_core/u_ciphertext_fifo/mem_reg_0_3_66_71/RAMC_D1
  -------------------------------------------------------------------
                         required time                          0.236    
                         arrival time                          -0.102    
  -------------------------------------------------------------------
                         slack                                  0.135    

Slack (MET) :             0.135ns  (arrival time - required time)
  Source:                 u_aes_gcm/u_core/u_key_context/generated_word_r_reg[13]/C
                            (rising edge-triggered cell FDRE clocked by core_clk_raw  {rise@0.000ns fall@2.857ns period=5.714ns})
  Destination:            u_aes_gcm/u_core/u_key_context/round_keys_r_reg[109]/D
                            (rising edge-triggered cell FDRE clocked by core_clk_raw  {rise@0.000ns fall@2.857ns period=5.714ns})
  Path Group:             core_clk_raw
  Path Type:              Hold (Min at Fast Process Corner)
  Requirement:            0.000ns  (core_clk_raw rise@0.000ns - core_clk_raw rise@0.000ns)
  Data Path Delay:        0.268ns  (logic 0.186ns (69.461%)  route 0.082ns (30.539%))
  Logic Levels:           1  (LUT6=1)
  Clock Path Skew:        0.013ns (DCD - SCD - CPR)
    Destination Clock Delay (DCD):    -0.717ns
    Source Clock Delay      (SCD):    -0.485ns
    Clock Pessimism Removal (CPR):    -0.245ns

    Location             Delay type                Incr(ns)  Path(ns)    Netlist Resource(s)
  -------------------------------------------------------------------    -------------------
                         (clock core_clk_raw rise edge)
                                                      0.000     0.000 r  
    E3                                                0.000     0.000 r  clk (IN)
                         net (fo=0)                   0.000     0.000    clk
    E3                   IBUF (Prop_ibuf_I_O)         0.250     0.250 r  clk_IBUF_inst/O
                         net (fo=1, routed)           0.440     0.690    clk_IBUF
    MMCME2_ADV_X1Y2      MMCME2_ADV (Prop_mmcme2_adv_CLKIN1_CLKOUT0)
                                                     -2.379    -1.689 r  u_mmcm/CLKOUT0
                         net (fo=1, routed)           0.499    -1.190    core_clk_raw
    BUFGCTRL_X0Y16       BUFG (Prop_bufg_I_O)         0.026    -1.164 r  u_core_clk_buf/O
                         net (fo=11093, routed)       0.679    -0.485    u_aes_gcm/u_core/u_key_context/core_clk
    SLICE_X7Y153         FDRE                                         r  u_aes_gcm/u_core/u_key_context/generated_word_r_reg[13]/C
  -------------------------------------------------------------------    -------------------
    SLICE_X7Y153         FDRE (Prop_fdre_C_Q)         0.141    -0.344 r  u_aes_gcm/u_core/u_key_context/generated_word_r_reg[13]/Q
                         net (fo=12, routed)          0.082    -0.262    u_aes_gcm/u_core/u_key_context/generated_word_r_reg_n_0_[13]
    SLICE_X6Y153         LUT6 (Prop_lut6_I1_O)        0.045    -0.217 r  u_aes_gcm/u_core/u_key_context/round_keys_r[109]_i_1/O
                         net (fo=1, routed)           0.000    -0.217    u_aes_gcm/u_core/u_key_context/round_keys_r[109]_i_1_n_0
    SLICE_X6Y153         FDRE                                         r  u_aes_gcm/u_core/u_key_context/round_keys_r_reg[109]/D
  -------------------------------------------------------------------    -------------------

                         (clock core_clk_raw rise edge)
                                                      0.000     0.000 r  
    E3                                                0.000     0.000 r  clk (IN)
                         net (fo=0)                   0.000     0.000    clk
    E3                   IBUF (Prop_ibuf_I_O)         0.438     0.438 r  clk_IBUF_inst/O
                         net (fo=1, routed)           0.480     0.918    clk_IBUF
    MMCME2_ADV_X1Y2      MMCME2_ADV (Prop_mmcme2_adv_CLKIN1_CLKOUT0)
                                                     -3.163    -2.245 r  u_mmcm/CLKOUT0
                         net (fo=1, routed)           0.544    -1.702    core_clk_raw
    BUFGCTRL_X0Y16       BUFG (Prop_bufg_I_O)         0.029    -1.673 r  u_core_clk_buf/O
                         net (fo=11093, routed)       0.956    -0.717    u_aes_gcm/u_core/u_key_context/core_clk
    SLICE_X6Y153         FDRE                                         r  u_aes_gcm/u_core/u_key_context/round_keys_r_reg[109]/C
                         clock pessimism              0.245    -0.472    
    SLICE_X6Y153         FDRE (Hold_fdre_C_D)         0.120    -0.352    u_aes_gcm/u_core/u_key_context/round_keys_r_reg[109]
  -------------------------------------------------------------------
                         required time                          0.352    
                         arrival time                          -0.217    
  -------------------------------------------------------------------
                         slack                                  0.135    

Slack (MET) :             0.135ns  (arrival time - required time)
  Source:                 u_aes_gcm/u_core/tag_prod_data_reg[104]/C
                            (rising edge-triggered cell FDRE clocked by core_clk_raw  {rise@0.000ns fall@2.857ns period=5.714ns})
  Destination:            u_aes_gcm/u_core/u_tag_packet_fifo/mem_reg_0_1_102_107/RAMB/I
                            (rising edge-triggered cell RAMD32 clocked by core_clk_raw  {rise@0.000ns fall@2.857ns period=5.714ns})
  Path Group:             core_clk_raw
  Path Type:              Hold (Min at Fast Process Corner)
  Requirement:            0.000ns  (core_clk_raw rise@0.000ns - core_clk_raw rise@0.000ns)
  Data Path Delay:        0.315ns  (logic 0.141ns (44.725%)  route 0.174ns (55.275%))
  Logic Levels:           0  
  Clock Path Skew:        0.034ns (DCD - SCD - CPR)
    Destination Clock Delay (DCD):    -0.851ns
    Source Clock Delay      (SCD):    -0.610ns
    Clock Pessimism Removal (CPR):    -0.275ns

    Location             Delay type                Incr(ns)  Path(ns)    Netlist Resource(s)
  -------------------------------------------------------------------    -------------------
                         (clock core_clk_raw rise edge)
                                                      0.000     0.000 r  
    E3                                                0.000     0.000 r  clk (IN)
                         net (fo=0)                   0.000     0.000    clk
    E3                   IBUF (Prop_ibuf_I_O)         0.250     0.250 r  clk_IBUF_inst/O
                         net (fo=1, routed)           0.440     0.690    clk_IBUF
    MMCME2_ADV_X1Y2      MMCME2_ADV (Prop_mmcme2_adv_CLKIN1_CLKOUT0)
                                                     -2.379    -1.689 r  u_mmcm/CLKOUT0
                         net (fo=1, routed)           0.499    -1.190    core_clk_raw
    BUFGCTRL_X0Y16       BUFG (Prop_bufg_I_O)         0.026    -1.164 r  u_core_clk_buf/O
                         net (fo=11093, routed)       0.554    -0.610    u_aes_gcm/u_core/core_clk
    SLICE_X37Y128        FDRE                                         r  u_aes_gcm/u_core/tag_prod_data_reg[104]/C
  -------------------------------------------------------------------    -------------------
    SLICE_X37Y128        FDRE (Prop_fdre_C_Q)         0.141    -0.469 r  u_aes_gcm/u_core/tag_prod_data_reg[104]/Q
                         net (fo=2, routed)           0.174    -0.295    u_aes_gcm/u_core/u_tag_packet_fifo/mem_reg_0_1_102_107/DIB0
    SLICE_X38Y128        RAMD32                                       r  u_aes_gcm/u_core/u_tag_packet_fifo/mem_reg_0_1_102_107/RAMB/I
  -------------------------------------------------------------------    -------------------

                         (clock core_clk_raw rise edge)
                                                      0.000     0.000 r  
    E3                                                0.000     0.000 r  clk (IN)
                         net (fo=0)                   0.000     0.000    clk
    E3                   IBUF (Prop_ibuf_I_O)         0.438     0.438 r  clk_IBUF_inst/O
                         net (fo=1, routed)           0.480     0.918    clk_IBUF
    MMCME2_ADV_X1Y2      MMCME2_ADV (Prop_mmcme2_adv_CLKIN1_CLKOUT0)
                                                     -3.163    -2.245 r  u_mmcm/CLKOUT0
                         net (fo=1, routed)           0.544    -1.702    core_clk_raw
    BUFGCTRL_X0Y16       BUFG (Prop_bufg_I_O)         0.029    -1.673 r  u_core_clk_buf/O
                         net (fo=11093, routed)       0.822    -0.851    u_aes_gcm/u_core/u_tag_packet_fifo/mem_reg_0_1_102_107/WCLK
    SLICE_X38Y128        RAMD32                                       r  u_aes_gcm/u_core/u_tag_packet_fifo/mem_reg_0_1_102_107/RAMB/CLK
                         clock pessimism              0.275    -0.576    
    SLICE_X38Y128        RAMD32 (Hold_ramd32_CLK_I)
                                                      0.146    -0.430    u_aes_gcm/u_core/u_tag_packet_fifo/mem_reg_0_1_102_107/RAMB
  -------------------------------------------------------------------
                         required time                          0.430    
                         arrival time                          -0.295    
  -------------------------------------------------------------------
                         slack                                  0.135    

Slack (MET) :             0.137ns  (arrival time - required time)
  Source:                 u_aes_gcm/u_core/dataq0_block_r_reg[80]/C
                            (rising edge-triggered cell FDRE clocked by core_clk_raw  {rise@0.000ns fall@2.857ns period=5.714ns})
  Destination:            u_aes_gcm/u_core/gh_input_data_reg[80]/D
                            (rising edge-triggered cell FDRE clocked by core_clk_raw  {rise@0.000ns fall@2.857ns period=5.714ns})
  Path Group:             core_clk_raw
  Path Type:              Hold (Min at Fast Process Corner)
  Requirement:            0.000ns  (core_clk_raw rise@0.000ns - core_clk_raw rise@0.000ns)
  Data Path Delay:        0.498ns  (logic 0.186ns (37.364%)  route 0.312ns (62.636%))
  Logic Levels:           1  (LUT6=1)
  Clock Path Skew:        0.270ns (DCD - SCD - CPR)
    Destination Clock Delay (DCD):    -0.847ns
    Source Clock Delay      (SCD):    -0.613ns
    Clock Pessimism Removal (CPR):    -0.504ns

    Location             Delay type                Incr(ns)  Path(ns)    Netlist Resource(s)
  -------------------------------------------------------------------    -------------------
                         (clock core_clk_raw rise edge)
                                                      0.000     0.000 r  
    E3                                                0.000     0.000 r  clk (IN)
                         net (fo=0)                   0.000     0.000    clk
    E3                   IBUF (Prop_ibuf_I_O)         0.250     0.250 r  clk_IBUF_inst/O
                         net (fo=1, routed)           0.440     0.690    clk_IBUF
    MMCME2_ADV_X1Y2      MMCME2_ADV (Prop_mmcme2_adv_CLKIN1_CLKOUT0)
                                                     -2.379    -1.689 r  u_mmcm/CLKOUT0
                         net (fo=1, routed)           0.499    -1.190    core_clk_raw
    BUFGCTRL_X0Y16       BUFG (Prop_bufg_I_O)         0.026    -1.164 r  u_core_clk_buf/O
                         net (fo=11093, routed)       0.551    -0.613    u_aes_gcm/u_core/core_clk
    SLICE_X55Y118        FDRE                                         r  u_aes_gcm/u_core/dataq0_block_r_reg[80]/C
  -------------------------------------------------------------------    -------------------
    SLICE_X55Y118        FDRE (Prop_fdre_C_Q)         0.141    -0.472 r  u_aes_gcm/u_core/dataq0_block_r_reg[80]/Q
                         net (fo=3, routed)           0.312    -0.160    u_aes_gcm/u_core/dataq0_block_r[80]
    SLICE_X45Y115        LUT6 (Prop_lut6_I5_O)        0.045    -0.115 r  u_aes_gcm/u_core/gh_input_data[80]_i_1/O
                         net (fo=1, routed)           0.000    -0.115    u_aes_gcm/u_core/gh_input_data[80]_i_1_n_0
    SLICE_X45Y115        FDRE                                         r  u_aes_gcm/u_core/gh_input_data_reg[80]/D
  -------------------------------------------------------------------    -------------------

                         (clock core_clk_raw rise edge)
                                                      0.000     0.000 r  
    E3                                                0.000     0.000 r  clk (IN)
                         net (fo=0)                   0.000     0.000    clk
    E3                   IBUF (Prop_ibuf_I_O)         0.438     0.438 r  clk_IBUF_inst/O
                         net (fo=1, routed)           0.480     0.918    clk_IBUF
    MMCME2_ADV_X1Y2      MMCME2_ADV (Prop_mmcme2_adv_CLKIN1_CLKOUT0)
                                                     -3.163    -2.245 r  u_mmcm/CLKOUT0
                         net (fo=1, routed)           0.544    -1.702    core_clk_raw
    BUFGCTRL_X0Y16       BUFG (Prop_bufg_I_O)         0.029    -1.673 r  u_core_clk_buf/O
                         net (fo=11093, routed)       0.826    -0.847    u_aes_gcm/u_core/core_clk
    SLICE_X45Y115        FDRE                                         r  u_aes_gcm/u_core/gh_input_data_reg[80]/C
                         clock pessimism              0.504    -0.343    
    SLICE_X45Y115        FDRE (Hold_fdre_C_D)         0.091    -0.252    u_aes_gcm/u_core/gh_input_data_reg[80]
  -------------------------------------------------------------------
                         required time                          0.252    
                         arrival time                          -0.115    
  -------------------------------------------------------------------
                         slack                                  0.137    

Slack (MET) :             0.137ns  (arrival time - required time)
  Source:                 u_aes_gcm/u_core/tag_prod_data_reg[116]/C
                            (rising edge-triggered cell FDRE clocked by core_clk_raw  {rise@0.000ns fall@2.857ns period=5.714ns})
  Destination:            u_aes_gcm/u_core/u_tag_packet_fifo/mem_reg_0_1_114_119/RAMB/I
                            (rising edge-triggered cell RAMD32 clocked by core_clk_raw  {rise@0.000ns fall@2.857ns period=5.714ns})
  Path Group:             core_clk_raw
  Path Type:              Hold (Min at Fast Process Corner)
  Requirement:            0.000ns  (core_clk_raw rise@0.000ns - core_clk_raw rise@0.000ns)
  Data Path Delay:        0.264ns  (logic 0.128ns (48.406%)  route 0.136ns (51.594%))
  Logic Levels:           0  
  Clock Path Skew:        0.034ns (DCD - SCD - CPR)
    Destination Clock Delay (DCD):    -0.852ns
    Source Clock Delay      (SCD):    -0.611ns
    Clock Pessimism Removal (CPR):    -0.275ns

    Location             Delay type                Incr(ns)  Path(ns)    Netlist Resource(s)
  -------------------------------------------------------------------    -------------------
                         (clock core_clk_raw rise edge)
                                                      0.000     0.000 r  
    E3                                                0.000     0.000 r  clk (IN)
                         net (fo=0)                   0.000     0.000    clk
    E3                   IBUF (Prop_ibuf_I_O)         0.250     0.250 r  clk_IBUF_inst/O
                         net (fo=1, routed)           0.440     0.690    clk_IBUF
    MMCME2_ADV_X1Y2      MMCME2_ADV (Prop_mmcme2_adv_CLKIN1_CLKOUT0)
                                                     -2.379    -1.689 r  u_mmcm/CLKOUT0
                         net (fo=1, routed)           0.499    -1.190    core_clk_raw
    BUFGCTRL_X0Y16       BUFG (Prop_bufg_I_O)         0.026    -1.164 r  u_core_clk_buf/O
                         net (fo=11093, routed)       0.553    -0.611    u_aes_gcm/u_core/core_clk
    SLICE_X29Y125        FDRE                                         r  u_aes_gcm/u_core/tag_prod_data_reg[116]/C
  -------------------------------------------------------------------    -------------------
    SLICE_X29Y125        FDRE (Prop_fdre_C_Q)         0.128    -0.483 r  u_aes_gcm/u_core/tag_prod_data_reg[116]/Q
                         net (fo=2, routed)           0.136    -0.347    u_aes_gcm/u_core/u_tag_packet_fifo/mem_reg_0_1_114_119/DIB0
    SLICE_X30Y126        RAMD32                                       r  u_aes_gcm/u_core/u_tag_packet_fifo/mem_reg_0_1_114_119/RAMB/I
  -------------------------------------------------------------------    -------------------

                         (clock core_clk_raw rise edge)
                                                      0.000     0.000 r  
    E3                                                0.000     0.000 r  clk (IN)
                         net (fo=0)                   0.000     0.000    clk
    E3                   IBUF (Prop_ibuf_I_O)         0.438     0.438 r  clk_IBUF_inst/O
                         net (fo=1, routed)           0.480     0.918    clk_IBUF
    MMCME2_ADV_X1Y2      MMCME2_ADV (Prop_mmcme2_adv_CLKIN1_CLKOUT0)
                                                     -3.163    -2.245 r  u_mmcm/CLKOUT0
                         net (fo=1, routed)           0.544    -1.702    core_clk_raw
    BUFGCTRL_X0Y16       BUFG (Prop_bufg_I_O)         0.029    -1.673 r  u_core_clk_buf/O
                         net (fo=11093, routed)       0.821    -0.852    u_aes_gcm/u_core/u_tag_packet_fifo/mem_reg_0_1_114_119/WCLK
    SLICE_X30Y126        RAMD32                                       r  u_aes_gcm/u_core/u_tag_packet_fifo/mem_reg_0_1_114_119/RAMB/CLK
                         clock pessimism              0.275    -0.577    
    SLICE_X30Y126        RAMD32 (Hold_ramd32_CLK_I)
                                                      0.093    -0.484    u_aes_gcm/u_core/u_tag_packet_fifo/mem_reg_0_1_114_119/RAMB
  -------------------------------------------------------------------
                         required time                          0.484    
                         arrival time                          -0.347    
  -------------------------------------------------------------------
                         slack                                  0.137    

Slack (MET) :             0.137ns  (arrival time - required time)
  Source:                 u_aes_gcm/u_core/u_aes_meta_fifo/out_data_q_reg[5]/C
                            (rising edge-triggered cell FDRE clocked by core_clk_raw  {rise@0.000ns fall@2.857ns period=5.714ns})
  Destination:            u_aes_gcm/u_core/u_aes_result_fifo/mem_reg_0_3_0_5/RAMC_D1/I
                            (rising edge-triggered cell RAMD32 clocked by core_clk_raw  {rise@0.000ns fall@2.857ns period=5.714ns})
  Path Group:             core_clk_raw
  Path Type:              Hold (Min at Fast Process Corner)
  Requirement:            0.000ns  (core_clk_raw rise@0.000ns - core_clk_raw rise@0.000ns)
  Data Path Delay:        0.265ns  (logic 0.141ns (53.116%)  route 0.124ns (46.884%))
  Logic Levels:           0  
  Clock Path Skew:        0.014ns (DCD - SCD - CPR)
    Destination Clock Delay (DCD):    -0.842ns
    Source Clock Delay      (SCD):    -0.602ns
    Clock Pessimism Removal (CPR):    -0.254ns

    Location             Delay type                Incr(ns)  Path(ns)    Netlist Resource(s)
  -------------------------------------------------------------------    -------------------
                         (clock core_clk_raw rise edge)
                                                      0.000     0.000 r  
    E3                                                0.000     0.000 r  clk (IN)
                         net (fo=0)                   0.000     0.000    clk
    E3                   IBUF (Prop_ibuf_I_O)         0.250     0.250 r  clk_IBUF_inst/O
                         net (fo=1, routed)           0.440     0.690    clk_IBUF
    MMCME2_ADV_X1Y2      MMCME2_ADV (Prop_mmcme2_adv_CLKIN1_CLKOUT0)
                                                     -2.379    -1.689 r  u_mmcm/CLKOUT0
                         net (fo=1, routed)           0.499    -1.190    core_clk_raw
    BUFGCTRL_X0Y16       BUFG (Prop_bufg_I_O)         0.026    -1.164 r  u_core_clk_buf/O
                         net (fo=11093, routed)       0.562    -0.602    u_aes_gcm/u_core/u_aes_meta_fifo/core_clk
    SLICE_X35Y139        FDRE                                         r  u_aes_gcm/u_core/u_aes_meta_fifo/out_data_q_reg[5]/C
  -------------------------------------------------------------------    -------------------
    SLICE_X35Y139        FDRE (Prop_fdre_C_Q)         0.141    -0.461 r  u_aes_gcm/u_core/u_aes_meta_fifo/out_data_q_reg[5]/Q
                         net (fo=2, routed)           0.124    -0.337    u_aes_gcm/u_core/u_aes_result_fifo/mem_reg_0_3_0_5/DIC1
    SLICE_X34Y137        RAMD32                                       r  u_aes_gcm/u_core/u_aes_result_fifo/mem_reg_0_3_0_5/RAMC_D1/I
  -------------------------------------------------------------------    -------------------

                         (clock core_clk_raw rise edge)
                                                      0.000     0.000 r  
    E3                                                0.000     0.000 r  clk (IN)
                         net (fo=0)                   0.000     0.000    clk
    E3                   IBUF (Prop_ibuf_I_O)         0.438     0.438 r  clk_IBUF_inst/O
                         net (fo=1, routed)           0.480     0.918    clk_IBUF
    MMCME2_ADV_X1Y2      MMCME2_ADV (Prop_mmcme2_adv_CLKIN1_CLKOUT0)
                                                     -3.163    -2.245 r  u_mmcm/CLKOUT0
                         net (fo=1, routed)           0.544    -1.702    core_clk_raw
    BUFGCTRL_X0Y16       BUFG (Prop_bufg_I_O)         0.029    -1.673 r  u_core_clk_buf/O
                         net (fo=11093, routed)       0.831    -0.842    u_aes_gcm/u_core/u_aes_result_fifo/mem_reg_0_3_0_5/WCLK
    SLICE_X34Y137        RAMD32                                       r  u_aes_gcm/u_core/u_aes_result_fifo/mem_reg_0_3_0_5/RAMC_D1/CLK
                         clock pessimism              0.254    -0.588    
    SLICE_X34Y137        RAMD32 (Hold_ramd32_CLK_I)
                                                      0.114    -0.474    u_aes_gcm/u_core/u_aes_result_fifo/mem_reg_0_3_0_5/RAMC_D1
  -------------------------------------------------------------------
                         required time                          0.474    
                         arrival time                          -0.337    
  -------------------------------------------------------------------
                         slack                                  0.137    

Slack (MET) :             0.138ns  (arrival time - required time)
  Source:                 u_aes_gcm/u_core/u_ghash_request_fifo/out_data_q_reg[23]/C
                            (rising edge-triggered cell FDRE clocked by core_clk_raw  {rise@0.000ns fall@2.857ns period=5.714ns})
  Destination:            u_aes_gcm/u_core/u_ghash/x_work_r_reg[23]/D
                            (rising edge-triggered cell FDRE clocked by core_clk_raw  {rise@0.000ns fall@2.857ns period=5.714ns})
  Path Group:             core_clk_raw
  Path Type:              Hold (Min at Fast Process Corner)
  Requirement:            0.000ns  (core_clk_raw rise@0.000ns - core_clk_raw rise@0.000ns)
  Data Path Delay:        0.243ns  (logic 0.186ns (76.391%)  route 0.057ns (23.609%))
  Logic Levels:           1  (LUT5=1)
  Clock Path Skew:        0.013ns (DCD - SCD - CPR)
    Destination Clock Delay (DCD):    -0.849ns
    Source Clock Delay      (SCD):    -0.609ns
    Clock Pessimism Removal (CPR):    -0.253ns

    Location             Delay type                Incr(ns)  Path(ns)    Netlist Resource(s)
  -------------------------------------------------------------------    -------------------
                         (clock core_clk_raw rise edge)
                                                      0.000     0.000 r  
    E3                                                0.000     0.000 r  clk (IN)
                         net (fo=0)                   0.000     0.000    clk
    E3                   IBUF (Prop_ibuf_I_O)         0.250     0.250 r  clk_IBUF_inst/O
                         net (fo=1, routed)           0.440     0.690    clk_IBUF
    MMCME2_ADV_X1Y2      MMCME2_ADV (Prop_mmcme2_adv_CLKIN1_CLKOUT0)
                                                     -2.379    -1.689 r  u_mmcm/CLKOUT0
                         net (fo=1, routed)           0.499    -1.190    core_clk_raw
    BUFGCTRL_X0Y16       BUFG (Prop_bufg_I_O)         0.026    -1.164 r  u_core_clk_buf/O
                         net (fo=11093, routed)       0.555    -0.609    u_aes_gcm/u_core/u_ghash_request_fifo/core_clk
    SLICE_X37Y120        FDRE                                         r  u_aes_gcm/u_core/u_ghash_request_fifo/out_data_q_reg[23]/C
  -------------------------------------------------------------------    -------------------
    SLICE_X37Y120        FDRE (Prop_fdre_C_Q)         0.141    -0.468 r  u_aes_gcm/u_core/u_ghash_request_fifo/out_data_q_reg[23]/Q
                         net (fo=1, routed)           0.057    -0.411    u_aes_gcm/u_core/u_ghash/x_work_r_reg[40]_0[7]
    SLICE_X36Y120        LUT5 (Prop_lut5_I2_O)        0.045    -0.366 r  u_aes_gcm/u_core/u_ghash/x_work_r[23]_i_1/O
                         net (fo=1, routed)           0.000    -0.366    u_aes_gcm/u_core/u_ghash/x_work_r[23]_i_1_n_0
    SLICE_X36Y120        FDRE                                         r  u_aes_gcm/u_core/u_ghash/x_work_r_reg[23]/D
  -------------------------------------------------------------------    -------------------

                         (clock core_clk_raw rise edge)
                                                      0.000     0.000 r  
    E3                                                0.000     0.000 r  clk (IN)
                         net (fo=0)                   0.000     0.000    clk
    E3                   IBUF (Prop_ibuf_I_O)         0.438     0.438 r  clk_IBUF_inst/O
                         net (fo=1, routed)           0.480     0.918    clk_IBUF
    MMCME2_ADV_X1Y2      MMCME2_ADV (Prop_mmcme2_adv_CLKIN1_CLKOUT0)
                                                     -3.163    -2.245 r  u_mmcm/CLKOUT0
                         net (fo=1, routed)           0.544    -1.702    core_clk_raw
    BUFGCTRL_X0Y16       BUFG (Prop_bufg_I_O)         0.029    -1.673 r  u_core_clk_buf/O
                         net (fo=11093, routed)       0.824    -0.849    u_aes_gcm/u_core/u_ghash/core_clk
    SLICE_X36Y120        FDRE                                         r  u_aes_gcm/u_core/u_ghash/x_work_r_reg[23]/C
                         clock pessimism              0.253    -0.596    
    SLICE_X36Y120        FDRE (Hold_fdre_C_D)         0.092    -0.504    u_aes_gcm/u_core/u_ghash/x_work_r_reg[23]
  -------------------------------------------------------------------
                         required time                          0.504    
                         arrival time                          -0.366    
  -------------------------------------------------------------------
                         slack                                  0.138    

Slack (MET) :             0.139ns  (arrival time - required time)
  Source:                 u_aes_gcm/u_registers/aad_len_bits_o_reg[3]/C
                            (rising edge-triggered cell FDRE clocked by core_clk_raw  {rise@0.000ns fall@2.857ns period=5.714ns})
  Destination:            u_aes_gcm/u_core/u_desc_fifo/mem_reg_0_1_12_17/RAMB/I
                            (rising edge-triggered cell RAMD32 clocked by core_clk_raw  {rise@0.000ns fall@2.857ns period=5.714ns})
  Path Group:             core_clk_raw
  Path Type:              Hold (Min at Fast Process Corner)
  Requirement:            0.000ns  (core_clk_raw rise@0.000ns - core_clk_raw rise@0.000ns)
  Data Path Delay:        0.320ns  (logic 0.141ns (44.124%)  route 0.179ns (55.876%))
  Logic Levels:           0  
  Clock Path Skew:        0.035ns (DCD - SCD - CPR)
    Destination Clock Delay (DCD):    -0.845ns
    Source Clock Delay      (SCD):    -0.605ns
    Clock Pessimism Removal (CPR):    -0.275ns

    Location             Delay type                Incr(ns)  Path(ns)    Netlist Resource(s)
  -------------------------------------------------------------------    -------------------
                         (clock core_clk_raw rise edge)
                                                      0.000     0.000 r  
    E3                                                0.000     0.000 r  clk (IN)
                         net (fo=0)                   0.000     0.000    clk
    E3                   IBUF (Prop_ibuf_I_O)         0.250     0.250 r  clk_IBUF_inst/O
                         net (fo=1, routed)           0.440     0.690    clk_IBUF
    MMCME2_ADV_X1Y2      MMCME2_ADV (Prop_mmcme2_adv_CLKIN1_CLKOUT0)
                                                     -2.379    -1.689 r  u_mmcm/CLKOUT0
                         net (fo=1, routed)           0.499    -1.190    core_clk_raw
    BUFGCTRL_X0Y16       BUFG (Prop_bufg_I_O)         0.026    -1.164 r  u_core_clk_buf/O
                         net (fo=11093, routed)       0.559    -0.605    u_aes_gcm/u_registers/core_clk
    SLICE_X59Y140        FDRE                                         r  u_aes_gcm/u_registers/aad_len_bits_o_reg[3]/C
  -------------------------------------------------------------------    -------------------
    SLICE_X59Y140        FDRE (Prop_fdre_C_Q)         0.141    -0.464 r  u_aes_gcm/u_registers/aad_len_bits_o_reg[3]/Q
                         net (fo=2, routed)           0.179    -0.286    u_aes_gcm/u_core/u_desc_fifo/mem_reg_0_1_12_17/DIB0
    SLICE_X56Y140        RAMD32                                       r  u_aes_gcm/u_core/u_desc_fifo/mem_reg_0_1_12_17/RAMB/I
  -------------------------------------------------------------------    -------------------

                         (clock core_clk_raw rise edge)
                                                      0.000     0.000 r  
    E3                                                0.000     0.000 r  clk (IN)
                         net (fo=0)                   0.000     0.000    clk
    E3                   IBUF (Prop_ibuf_I_O)         0.438     0.438 r  clk_IBUF_inst/O
                         net (fo=1, routed)           0.480     0.918    clk_IBUF
    MMCME2_ADV_X1Y2      MMCME2_ADV (Prop_mmcme2_adv_CLKIN1_CLKOUT0)
                                                     -3.163    -2.245 r  u_mmcm/CLKOUT0
                         net (fo=1, routed)           0.544    -1.702    core_clk_raw
    BUFGCTRL_X0Y16       BUFG (Prop_bufg_I_O)         0.029    -1.673 r  u_core_clk_buf/O
                         net (fo=11093, routed)       0.828    -0.845    u_aes_gcm/u_core/u_desc_fifo/mem_reg_0_1_12_17/WCLK
    SLICE_X56Y140        RAMD32                                       r  u_aes_gcm/u_core/u_desc_fifo/mem_reg_0_1_12_17/RAMB/CLK
                         clock pessimism              0.275    -0.570    
    SLICE_X56Y140        RAMD32 (Hold_ramd32_CLK_I)
                                                      0.146    -0.424    u_aes_gcm/u_core/u_desc_fifo/mem_reg_0_1_12_17/RAMB
  -------------------------------------------------------------------
                         required time                          0.424    
                         arrival time                          -0.286    
  -------------------------------------------------------------------
                         slack                                  0.139    

Slack (MET) :             0.140ns  (arrival time - required time)
  Source:                 u_aes_gcm/u_registers/key_staging_o_reg[171]/C
                            (rising edge-triggered cell FDRE clocked by core_clk_raw  {rise@0.000ns fall@2.857ns period=5.714ns})
  Destination:            u_aes_gcm/u_core/u_key_context/window_w2_r_reg[11]/D
                            (rising edge-triggered cell FDRE clocked by core_clk_raw  {rise@0.000ns fall@2.857ns period=5.714ns})
  Path Group:             core_clk_raw
  Path Type:              Hold (Min at Fast Process Corner)
  Requirement:            0.000ns  (core_clk_raw rise@0.000ns - core_clk_raw rise@0.000ns)
  Data Path Delay:        0.418ns  (logic 0.186ns (44.501%)  route 0.232ns (55.499%))
  Logic Levels:           1  (LUT5=1)
  Clock Path Skew:        0.186ns (DCD - SCD - CPR)
    Destination Clock Delay (DCD):    -0.801ns
    Source Clock Delay      (SCD):    -0.484ns
    Clock Pessimism Removal (CPR):    -0.504ns

    Location             Delay type                Incr(ns)  Path(ns)    Netlist Resource(s)
  -------------------------------------------------------------------    -------------------
                         (clock core_clk_raw rise edge)
                                                      0.000     0.000 r  
    E3                                                0.000     0.000 r  clk (IN)
                         net (fo=0)                   0.000     0.000    clk
    E3                   IBUF (Prop_ibuf_I_O)         0.250     0.250 r  clk_IBUF_inst/O
                         net (fo=1, routed)           0.440     0.690    clk_IBUF
    MMCME2_ADV_X1Y2      MMCME2_ADV (Prop_mmcme2_adv_CLKIN1_CLKOUT0)
                                                     -2.379    -1.689 r  u_mmcm/CLKOUT0
                         net (fo=1, routed)           0.499    -1.190    core_clk_raw
    BUFGCTRL_X0Y16       BUFG (Prop_bufg_I_O)         0.026    -1.164 r  u_core_clk_buf/O
                         net (fo=11093, routed)       0.680    -0.484    u_aes_gcm/u_registers/core_clk
    SLICE_X5Y150         FDRE                                         r  u_aes_gcm/u_registers/key_staging_o_reg[171]/C
  -------------------------------------------------------------------    -------------------
    SLICE_X5Y150         FDRE (Prop_fdre_C_Q)         0.141    -0.343 r  u_aes_gcm/u_registers/key_staging_o_reg[171]/Q
                         net (fo=2, routed)           0.232    -0.111    u_aes_gcm/u_core/u_key_context/round_keys_r_reg[127]_4[171]
    SLICE_X3Y149         LUT5 (Prop_lut5_I4_O)        0.045    -0.066 r  u_aes_gcm/u_core/u_key_context/window_w2_r[11]_i_1/O
                         net (fo=1, routed)           0.000    -0.066    u_aes_gcm/u_core/u_key_context/window_w2_r[11]_i_1_n_0
    SLICE_X3Y149         FDRE                                         r  u_aes_gcm/u_core/u_key_context/window_w2_r_reg[11]/D
  -------------------------------------------------------------------    -------------------

                         (clock core_clk_raw rise edge)
                                                      0.000     0.000 r  
    E3                                                0.000     0.000 r  clk (IN)
                         net (fo=0)                   0.000     0.000    clk
    E3                   IBUF (Prop_ibuf_I_O)         0.438     0.438 r  clk_IBUF_inst/O
                         net (fo=1, routed)           0.480     0.918    clk_IBUF
    MMCME2_ADV_X1Y2      MMCME2_ADV (Prop_mmcme2_adv_CLKIN1_CLKOUT0)
                                                     -3.163    -2.245 r  u_mmcm/CLKOUT0
                         net (fo=1, routed)           0.544    -1.702    core_clk_raw
    BUFGCTRL_X0Y16       BUFG (Prop_bufg_I_O)         0.029    -1.673 r  u_core_clk_buf/O
                         net (fo=11093, routed)       0.872    -0.801    u_aes_gcm/u_core/u_key_context/core_clk
    SLICE_X3Y149         FDRE                                         r  u_aes_gcm/u_core/u_key_context/window_w2_r_reg[11]/C
                         clock pessimism              0.504    -0.297    
    SLICE_X3Y149         FDRE (Hold_fdre_C_D)         0.092    -0.205    u_aes_gcm/u_core/u_key_context/window_w2_r_reg[11]
  -------------------------------------------------------------------
                         required time                          0.205    
                         arrival time                          -0.066    
  -------------------------------------------------------------------
                         slack                                  0.140    

Slack (MET) :             0.140ns  (arrival time - required time)
  Source:                 u_aes_gcm/u_core/u_aes_meta_fifo/wr_ptr_reg[0]/C
                            (rising edge-triggered cell FDRE clocked by core_clk_raw  {rise@0.000ns fall@2.857ns period=5.714ns})
  Destination:            u_aes_gcm/u_core/u_aes_meta_fifo/mem_reg_0_3_6_11/RAMA/WADR0
                            (rising edge-triggered cell RAMD32 clocked by core_clk_raw  {rise@0.000ns fall@2.857ns period=5.714ns})
  Path Group:             core_clk_raw
  Path Type:              Hold (Min at Fast Process Corner)
  Requirement:            0.000ns  (core_clk_raw rise@0.000ns - core_clk_raw rise@0.000ns)
  Data Path Delay:        0.486ns  (logic 0.141ns (29.032%)  route 0.345ns (70.968%))
  Logic Levels:           0  
  Clock Path Skew:        0.036ns (DCD - SCD - CPR)
    Destination Clock Delay (DCD):    -0.839ns
    Source Clock Delay      (SCD):    -0.600ns
    Clock Pessimism Removal (CPR):    -0.275ns

    Location             Delay type                Incr(ns)  Path(ns)    Netlist Resource(s)
  -------------------------------------------------------------------    -------------------
                         (clock core_clk_raw rise edge)
                                                      0.000     0.000 r  
    E3                                                0.000     0.000 r  clk (IN)
                         net (fo=0)                   0.000     0.000    clk
    E3                   IBUF (Prop_ibuf_I_O)         0.250     0.250 r  clk_IBUF_inst/O
                         net (fo=1, routed)           0.440     0.690    clk_IBUF
    MMCME2_ADV_X1Y2      MMCME2_ADV (Prop_mmcme2_adv_CLKIN1_CLKOUT0)
                                                     -2.379    -1.689 r  u_mmcm/CLKOUT0
                         net (fo=1, routed)           0.499    -1.190    core_clk_raw
    BUFGCTRL_X0Y16       BUFG (Prop_bufg_I_O)         0.026    -1.164 r  u_core_clk_buf/O
                         net (fo=11093, routed)       0.564    -0.600    u_aes_gcm/u_core/u_aes_meta_fifo/core_clk
    SLICE_X33Y140        FDRE                                         r  u_aes_gcm/u_core/u_aes_meta_fifo/wr_ptr_reg[0]/C
  -------------------------------------------------------------------    -------------------
    SLICE_X33Y140        FDRE (Prop_fdre_C_Q)         0.141    -0.459 r  u_aes_gcm/u_core/u_aes_meta_fifo/wr_ptr_reg[0]/Q
                         net (fo=26, routed)          0.345    -0.115    u_aes_gcm/u_core/u_aes_meta_fifo/mem_reg_0_3_6_11/ADDRD0
    SLICE_X34Y140        RAMD32                                       r  u_aes_gcm/u_core/u_aes_meta_fifo/mem_reg_0_3_6_11/RAMA/WADR0
  -------------------------------------------------------------------    -------------------

                         (clock core_clk_raw rise edge)
                                                      0.000     0.000 r  
    E3                                                0.000     0.000 r  clk (IN)
                         net (fo=0)                   0.000     0.000    clk
    E3                   IBUF (Prop_ibuf_I_O)         0.438     0.438 r  clk_IBUF_inst/O
                         net (fo=1, routed)           0.480     0.918    clk_IBUF
    MMCME2_ADV_X1Y2      MMCME2_ADV (Prop_mmcme2_adv_CLKIN1_CLKOUT0)
                                                     -3.163    -2.245 r  u_mmcm/CLKOUT0
                         net (fo=1, routed)           0.544    -1.702    core_clk_raw
    BUFGCTRL_X0Y16       BUFG (Prop_bufg_I_O)         0.029    -1.673 r  u_core_clk_buf/O
                         net (fo=11093, routed)       0.834    -0.839    u_aes_gcm/u_core/u_aes_meta_fifo/mem_reg_0_3_6_11/WCLK
    SLICE_X34Y140        RAMD32                                       r  u_aes_gcm/u_core/u_aes_meta_fifo/mem_reg_0_3_6_11/RAMA/CLK
                         clock pessimism              0.275    -0.564    
    SLICE_X34Y140        RAMD32 (Hold_ramd32_CLK_WADR0)
                                                      0.310    -0.254    u_aes_gcm/u_core/u_aes_meta_fifo/mem_reg_0_3_6_11/RAMA
  -------------------------------------------------------------------
                         required time                          0.254    
                         arrival time                          -0.115    
  -------------------------------------------------------------------
                         slack                                  0.140    

Slack (MET) :             0.140ns  (arrival time - required time)
  Source:                 u_aes_gcm/u_core/u_aes_meta_fifo/wr_ptr_reg[0]/C
                            (rising edge-triggered cell FDRE clocked by core_clk_raw  {rise@0.000ns fall@2.857ns period=5.714ns})
  Destination:            u_aes_gcm/u_core/u_aes_meta_fifo/mem_reg_0_3_6_11/RAMA_D1/WADR0
                            (rising edge-triggered cell RAMD32 clocked by core_clk_raw  {rise@0.000ns fall@2.857ns period=5.714ns})
  Path Group:             core_clk_raw
  Path Type:              Hold (Min at Fast Process Corner)
  Requirement:            0.000ns  (core_clk_raw rise@0.000ns - core_clk_raw rise@0.000ns)
  Data Path Delay:        0.486ns  (logic 0.141ns (29.032%)  route 0.345ns (70.968%))
  Logic Levels:           0  
  Clock Path Skew:        0.036ns (DCD - SCD - CPR)
    Destination Clock Delay (DCD):    -0.839ns
    Source Clock Delay      (SCD):    -0.600ns
    Clock Pessimism Removal (CPR):    -0.275ns

    Location             Delay type                Incr(ns)  Path(ns)    Netlist Resource(s)
  -------------------------------------------------------------------    -------------------
                         (clock core_clk_raw rise edge)
                                                      0.000     0.000 r  
    E3                                                0.000     0.000 r  clk (IN)
                         net (fo=0)                   0.000     0.000    clk
    E3                   IBUF (Prop_ibuf_I_O)         0.250     0.250 r  clk_IBUF_inst/O
                         net (fo=1, routed)           0.440     0.690    clk_IBUF
    MMCME2_ADV_X1Y2      MMCME2_ADV (Prop_mmcme2_adv_CLKIN1_CLKOUT0)
                                                     -2.379    -1.689 r  u_mmcm/CLKOUT0
                         net (fo=1, routed)           0.499    -1.190    core_clk_raw
    BUFGCTRL_X0Y16       BUFG (Prop_bufg_I_O)         0.026    -1.164 r  u_core_clk_buf/O
                         net (fo=11093, routed)       0.564    -0.600    u_aes_gcm/u_core/u_aes_meta_fifo/core_clk
    SLICE_X33Y140        FDRE                                         r  u_aes_gcm/u_core/u_aes_meta_fifo/wr_ptr_reg[0]/C
  -------------------------------------------------------------------    -------------------
    SLICE_X33Y140        FDRE (Prop_fdre_C_Q)         0.141    -0.459 r  u_aes_gcm/u_core/u_aes_meta_fifo/wr_ptr_reg[0]/Q
                         net (fo=26, routed)          0.345    -0.115    u_aes_gcm/u_core/u_aes_meta_fifo/mem_reg_0_3_6_11/ADDRD0
    SLICE_X34Y140        RAMD32                                       r  u_aes_gcm/u_core/u_aes_meta_fifo/mem_reg_0_3_6_11/RAMA_D1/WADR0
  -------------------------------------------------------------------    -------------------

                         (clock core_clk_raw rise edge)
                                                      0.000     0.000 r  
    E3                                                0.000     0.000 r  clk (IN)
                         net (fo=0)                   0.000     0.000    clk
    E3                   IBUF (Prop_ibuf_I_O)         0.438     0.438 r  clk_IBUF_inst/O
                         net (fo=1, routed)           0.480     0.918    clk_IBUF
    MMCME2_ADV_X1Y2      MMCME2_ADV (Prop_mmcme2_adv_CLKIN1_CLKOUT0)
                                                     -3.163    -2.245 r  u_mmcm/CLKOUT0
                         net (fo=1, routed)           0.544    -1.702    core_clk_raw
    BUFGCTRL_X0Y16       BUFG (Prop_bufg_I_O)         0.029    -1.673 r  u_core_clk_buf/O
                         net (fo=11093, routed)       0.834    -0.839    u_aes_gcm/u_core/u_aes_meta_fifo/mem_reg_0_3_6_11/WCLK
    SLICE_X34Y140        RAMD32                                       r  u_aes_gcm/u_core/u_aes_meta_fifo/mem_reg_0_3_6_11/RAMA_D1/CLK
                         clock pessimism              0.275    -0.564    
    SLICE_X34Y140        RAMD32 (Hold_ramd32_CLK_WADR0)
                                                      0.310    -0.254    u_aes_gcm/u_core/u_aes_meta_fifo/mem_reg_0_3_6_11/RAMA_D1
  -------------------------------------------------------------------
                         required time                          0.254    
                         arrival time                          -0.115    
  -------------------------------------------------------------------
                         slack                                  0.140    

Slack (MET) :             0.140ns  (arrival time - required time)
  Source:                 u_aes_gcm/u_core/u_aes_meta_fifo/wr_ptr_reg[0]/C
                            (rising edge-triggered cell FDRE clocked by core_clk_raw  {rise@0.000ns fall@2.857ns period=5.714ns})
  Destination:            u_aes_gcm/u_core/u_aes_meta_fifo/mem_reg_0_3_6_11/RAMB/WADR0
                            (rising edge-triggered cell RAMD32 clocked by core_clk_raw  {rise@0.000ns fall@2.857ns period=5.714ns})
  Path Group:             core_clk_raw
  Path Type:              Hold (Min at Fast Process Corner)
  Requirement:            0.000ns  (core_clk_raw rise@0.000ns - core_clk_raw rise@0.000ns)
  Data Path Delay:        0.486ns  (logic 0.141ns (29.032%)  route 0.345ns (70.968%))
  Logic Levels:           0  
  Clock Path Skew:        0.036ns (DCD - SCD - CPR)
    Destination Clock Delay (DCD):    -0.839ns
    Source Clock Delay      (SCD):    -0.600ns
    Clock Pessimism Removal (CPR):    -0.275ns

    Location             Delay type                Incr(ns)  Path(ns)    Netlist Resource(s)
  -------------------------------------------------------------------    -------------------
                         (clock core_clk_raw rise edge)
                                                      0.000     0.000 r  
    E3                                                0.000     0.000 r  clk (IN)
                         net (fo=0)                   0.000     0.000    clk
    E3                   IBUF (Prop_ibuf_I_O)         0.250     0.250 r  clk_IBUF_inst/O
                         net (fo=1, routed)           0.440     0.690    clk_IBUF
    MMCME2_ADV_X1Y2      MMCME2_ADV (Prop_mmcme2_adv_CLKIN1_CLKOUT0)
                                                     -2.379    -1.689 r  u_mmcm/CLKOUT0
                         net (fo=1, routed)           0.499    -1.190    core_clk_raw
    BUFGCTRL_X0Y16       BUFG (Prop_bufg_I_O)         0.026    -1.164 r  u_core_clk_buf/O
                         net (fo=11093, routed)       0.564    -0.600    u_aes_gcm/u_core/u_aes_meta_fifo/core_clk
    SLICE_X33Y140        FDRE                                         r  u_aes_gcm/u_core/u_aes_meta_fifo/wr_ptr_reg[0]/C
  -------------------------------------------------------------------    -------------------
    SLICE_X33Y140        FDRE (Prop_fdre_C_Q)         0.141    -0.459 r  u_aes_gcm/u_core/u_aes_meta_fifo/wr_ptr_reg[0]/Q
                         net (fo=26, routed)          0.345    -0.115    u_aes_gcm/u_core/u_aes_meta_fifo/mem_reg_0_3_6_11/ADDRD0
    SLICE_X34Y140        RAMD32                                       r  u_aes_gcm/u_core/u_aes_meta_fifo/mem_reg_0_3_6_11/RAMB/WADR0
  -------------------------------------------------------------------    -------------------

                         (clock core_clk_raw rise edge)
                                                      0.000     0.000 r  
    E3                                                0.000     0.000 r  clk (IN)
                         net (fo=0)                   0.000     0.000    clk
    E3                   IBUF (Prop_ibuf_I_O)         0.438     0.438 r  clk_IBUF_inst/O
                         net (fo=1, routed)           0.480     0.918    clk_IBUF
    MMCME2_ADV_X1Y2      MMCME2_ADV (Prop_mmcme2_adv_CLKIN1_CLKOUT0)
                                                     -3.163    -2.245 r  u_mmcm/CLKOUT0
                         net (fo=1, routed)           0.544    -1.702    core_clk_raw
    BUFGCTRL_X0Y16       BUFG (Prop_bufg_I_O)         0.029    -1.673 r  u_core_clk_buf/O
                         net (fo=11093, routed)       0.834    -0.839    u_aes_gcm/u_core/u_aes_meta_fifo/mem_reg_0_3_6_11/WCLK
    SLICE_X34Y140        RAMD32                                       r  u_aes_gcm/u_core/u_aes_meta_fifo/mem_reg_0_3_6_11/RAMB/CLK
                         clock pessimism              0.275    -0.564    
    SLICE_X34Y140        RAMD32 (Hold_ramd32_CLK_WADR0)
                                                      0.310    -0.254    u_aes_gcm/u_core/u_aes_meta_fifo/mem_reg_0_3_6_11/RAMB
  -------------------------------------------------------------------
                         required time                          0.254    
                         arrival time                          -0.115    
  -------------------------------------------------------------------
                         slack                                  0.140    

Slack (MET) :             0.140ns  (arrival time - required time)
  Source:                 u_aes_gcm/u_core/u_aes_meta_fifo/wr_ptr_reg[0]/C
                            (rising edge-triggered cell FDRE clocked by core_clk_raw  {rise@0.000ns fall@2.857ns period=5.714ns})
  Destination:            u_aes_gcm/u_core/u_aes_meta_fifo/mem_reg_0_3_6_11/RAMB_D1/WADR0
                            (rising edge-triggered cell RAMD32 clocked by core_clk_raw  {rise@0.000ns fall@2.857ns period=5.714ns})
  Path Group:             core_clk_raw
  Path Type:              Hold (Min at Fast Process Corner)
  Requirement:            0.000ns  (core_clk_raw rise@0.000ns - core_clk_raw rise@0.000ns)
  Data Path Delay:        0.486ns  (logic 0.141ns (29.032%)  route 0.345ns (70.968%))
  Logic Levels:           0  
  Clock Path Skew:        0.036ns (DCD - SCD - CPR)
    Destination Clock Delay (DCD):    -0.839ns
    Source Clock Delay      (SCD):    -0.600ns
    Clock Pessimism Removal (CPR):    -0.275ns

    Location             Delay type                Incr(ns)  Path(ns)    Netlist Resource(s)
  -------------------------------------------------------------------    -------------------
                         (clock core_clk_raw rise edge)
                                                      0.000     0.000 r  
    E3                                                0.000     0.000 r  clk (IN)
                         net (fo=0)                   0.000     0.000    clk
    E3                   IBUF (Prop_ibuf_I_O)         0.250     0.250 r  clk_IBUF_inst/O
                         net (fo=1, routed)           0.440     0.690    clk_IBUF
    MMCME2_ADV_X1Y2      MMCME2_ADV (Prop_mmcme2_adv_CLKIN1_CLKOUT0)
                                                     -2.379    -1.689 r  u_mmcm/CLKOUT0
                         net (fo=1, routed)           0.499    -1.190    core_clk_raw
    BUFGCTRL_X0Y16       BUFG (Prop_bufg_I_O)         0.026    -1.164 r  u_core_clk_buf/O
                         net (fo=11093, routed)       0.564    -0.600    u_aes_gcm/u_core/u_aes_meta_fifo/core_clk
    SLICE_X33Y140        FDRE                                         r  u_aes_gcm/u_core/u_aes_meta_fifo/wr_ptr_reg[0]/C
  -------------------------------------------------------------------    -------------------
    SLICE_X33Y140        FDRE (Prop_fdre_C_Q)         0.141    -0.459 r  u_aes_gcm/u_core/u_aes_meta_fifo/wr_ptr_reg[0]/Q
                         net (fo=26, routed)          0.345    -0.115    u_aes_gcm/u_core/u_aes_meta_fifo/mem_reg_0_3_6_11/ADDRD0
    SLICE_X34Y140        RAMD32                                       r  u_aes_gcm/u_core/u_aes_meta_fifo/mem_reg_0_3_6_11/RAMB_D1/WADR0
  -------------------------------------------------------------------    -------------------

                         (clock core_clk_raw rise edge)
                                                      0.000     0.000 r  
    E3                                                0.000     0.000 r  clk (IN)
                         net (fo=0)                   0.000     0.000    clk
    E3                   IBUF (Prop_ibuf_I_O)         0.438     0.438 r  clk_IBUF_inst/O
                         net (fo=1, routed)           0.480     0.918    clk_IBUF
    MMCME2_ADV_X1Y2      MMCME2_ADV (Prop_mmcme2_adv_CLKIN1_CLKOUT0)
                                                     -3.163    -2.245 r  u_mmcm/CLKOUT0
                         net (fo=1, routed)           0.544    -1.702    core_clk_raw
    BUFGCTRL_X0Y16       BUFG (Prop_bufg_I_O)         0.029    -1.673 r  u_core_clk_buf/O
                         net (fo=11093, routed)       0.834    -0.839    u_aes_gcm/u_core/u_aes_meta_fifo/mem_reg_0_3_6_11/WCLK
    SLICE_X34Y140        RAMD32                                       r  u_aes_gcm/u_core/u_aes_meta_fifo/mem_reg_0_3_6_11/RAMB_D1/CLK
                         clock pessimism              0.275    -0.564    
    SLICE_X34Y140        RAMD32 (Hold_ramd32_CLK_WADR0)
                                                      0.310    -0.254    u_aes_gcm/u_core/u_aes_meta_fifo/mem_reg_0_3_6_11/RAMB_D1
  -------------------------------------------------------------------
                         required time                          0.254    
                         arrival time                          -0.115    
  -------------------------------------------------------------------
                         slack                                  0.140    

Slack (MET) :             0.140ns  (arrival time - required time)
  Source:                 u_aes_gcm/u_core/u_aes_meta_fifo/wr_ptr_reg[0]/C
                            (rising edge-triggered cell FDRE clocked by core_clk_raw  {rise@0.000ns fall@2.857ns period=5.714ns})
  Destination:            u_aes_gcm/u_core/u_aes_meta_fifo/mem_reg_0_3_6_11/RAMC/WADR0
                            (rising edge-triggered cell RAMD32 clocked by core_clk_raw  {rise@0.000ns fall@2.857ns period=5.714ns})
  Path Group:             core_clk_raw
  Path Type:              Hold (Min at Fast Process Corner)
  Requirement:            0.000ns  (core_clk_raw rise@0.000ns - core_clk_raw rise@0.000ns)
  Data Path Delay:        0.486ns  (logic 0.141ns (29.032%)  route 0.345ns (70.968%))
  Logic Levels:           0  
  Clock Path Skew:        0.036ns (DCD - SCD - CPR)
    Destination Clock Delay (DCD):    -0.839ns
    Source Clock Delay      (SCD):    -0.600ns
    Clock Pessimism Removal (CPR):    -0.275ns

    Location             Delay type                Incr(ns)  Path(ns)    Netlist Resource(s)
  -------------------------------------------------------------------    -------------------
                         (clock core_clk_raw rise edge)
                                                      0.000     0.000 r  
    E3                                                0.000     0.000 r  clk (IN)
                         net (fo=0)                   0.000     0.000    clk
    E3                   IBUF (Prop_ibuf_I_O)         0.250     0.250 r  clk_IBUF_inst/O
                         net (fo=1, routed)           0.440     0.690    clk_IBUF
    MMCME2_ADV_X1Y2      MMCME2_ADV (Prop_mmcme2_adv_CLKIN1_CLKOUT0)
                                                     -2.379    -1.689 r  u_mmcm/CLKOUT0
                         net (fo=1, routed)           0.499    -1.190    core_clk_raw
    BUFGCTRL_X0Y16       BUFG (Prop_bufg_I_O)         0.026    -1.164 r  u_core_clk_buf/O
                         net (fo=11093, routed)       0.564    -0.600    u_aes_gcm/u_core/u_aes_meta_fifo/core_clk
    SLICE_X33Y140        FDRE                                         r  u_aes_gcm/u_core/u_aes_meta_fifo/wr_ptr_reg[0]/C
  -------------------------------------------------------------------    -------------------
    SLICE_X33Y140        FDRE (Prop_fdre_C_Q)         0.141    -0.459 r  u_aes_gcm/u_core/u_aes_meta_fifo/wr_ptr_reg[0]/Q
                         net (fo=26, routed)          0.345    -0.115    u_aes_gcm/u_core/u_aes_meta_fifo/mem_reg_0_3_6_11/ADDRD0
    SLICE_X34Y140        RAMD32                                       r  u_aes_gcm/u_core/u_aes_meta_fifo/mem_reg_0_3_6_11/RAMC/WADR0
  -------------------------------------------------------------------    -------------------

                         (clock core_clk_raw rise edge)
                                                      0.000     0.000 r  
    E3                                                0.000     0.000 r  clk (IN)
                         net (fo=0)                   0.000     0.000    clk
    E3                   IBUF (Prop_ibuf_I_O)         0.438     0.438 r  clk_IBUF_inst/O
                         net (fo=1, routed)           0.480     0.918    clk_IBUF
    MMCME2_ADV_X1Y2      MMCME2_ADV (Prop_mmcme2_adv_CLKIN1_CLKOUT0)
                                                     -3.163    -2.245 r  u_mmcm/CLKOUT0
                         net (fo=1, routed)           0.544    -1.702    core_clk_raw
    BUFGCTRL_X0Y16       BUFG (Prop_bufg_I_O)         0.029    -1.673 r  u_core_clk_buf/O
                         net (fo=11093, routed)       0.834    -0.839    u_aes_gcm/u_core/u_aes_meta_fifo/mem_reg_0_3_6_11/WCLK
    SLICE_X34Y140        RAMD32                                       r  u_aes_gcm/u_core/u_aes_meta_fifo/mem_reg_0_3_6_11/RAMC/CLK
                         clock pessimism              0.275    -0.564    
    SLICE_X34Y140        RAMD32 (Hold_ramd32_CLK_WADR0)
                                                      0.310    -0.254    u_aes_gcm/u_core/u_aes_meta_fifo/mem_reg_0_3_6_11/RAMC
  -------------------------------------------------------------------
                         required time                          0.254    
                         arrival time                          -0.115    
  -------------------------------------------------------------------
                         slack                                  0.140    

Slack (MET) :             0.140ns  (arrival time - required time)
  Source:                 u_aes_gcm/u_core/u_aes_meta_fifo/wr_ptr_reg[0]/C
                            (rising edge-triggered cell FDRE clocked by core_clk_raw  {rise@0.000ns fall@2.857ns period=5.714ns})
  Destination:            u_aes_gcm/u_core/u_aes_meta_fifo/mem_reg_0_3_6_11/RAMC_D1/WADR0
                            (rising edge-triggered cell RAMD32 clocked by core_clk_raw  {rise@0.000ns fall@2.857ns period=5.714ns})
  Path Group:             core_clk_raw
  Path Type:              Hold (Min at Fast Process Corner)
  Requirement:            0.000ns  (core_clk_raw rise@0.000ns - core_clk_raw rise@0.000ns)
  Data Path Delay:        0.486ns  (logic 0.141ns (29.032%)  route 0.345ns (70.968%))
  Logic Levels:           0  
  Clock Path Skew:        0.036ns (DCD - SCD - CPR)
    Destination Clock Delay (DCD):    -0.839ns
    Source Clock Delay      (SCD):    -0.600ns
    Clock Pessimism Removal (CPR):    -0.275ns

    Location             Delay type                Incr(ns)  Path(ns)    Netlist Resource(s)
  -------------------------------------------------------------------    -------------------
                         (clock core_clk_raw rise edge)
                                                      0.000     0.000 r  
    E3                                                0.000     0.000 r  clk (IN)
                         net (fo=0)                   0.000     0.000    clk
    E3                   IBUF (Prop_ibuf_I_O)         0.250     0.250 r  clk_IBUF_inst/O
                         net (fo=1, routed)           0.440     0.690    clk_IBUF
    MMCME2_ADV_X1Y2      MMCME2_ADV (Prop_mmcme2_adv_CLKIN1_CLKOUT0)
                                                     -2.379    -1.689 r  u_mmcm/CLKOUT0
                         net (fo=1, routed)           0.499    -1.190    core_clk_raw
    BUFGCTRL_X0Y16       BUFG (Prop_bufg_I_O)         0.026    -1.164 r  u_core_clk_buf/O
                         net (fo=11093, routed)       0.564    -0.600    u_aes_gcm/u_core/u_aes_meta_fifo/core_clk
    SLICE_X33Y140        FDRE                                         r  u_aes_gcm/u_core/u_aes_meta_fifo/wr_ptr_reg[0]/C
  -------------------------------------------------------------------    -------------------
    SLICE_X33Y140        FDRE (Prop_fdre_C_Q)         0.141    -0.459 r  u_aes_gcm/u_core/u_aes_meta_fifo/wr_ptr_reg[0]/Q
                         net (fo=26, routed)          0.345    -0.115    u_aes_gcm/u_core/u_aes_meta_fifo/mem_reg_0_3_6_11/ADDRD0
    SLICE_X34Y140        RAMD32                                       r  u_aes_gcm/u_core/u_aes_meta_fifo/mem_reg_0_3_6_11/RAMC_D1/WADR0
  -------------------------------------------------------------------    -------------------

                         (clock core_clk_raw rise edge)
                                                      0.000     0.000 r  
    E3                                                0.000     0.000 r  clk (IN)
                         net (fo=0)                   0.000     0.000    clk
    E3                   IBUF (Prop_ibuf_I_O)         0.438     0.438 r  clk_IBUF_inst/O
                         net (fo=1, routed)           0.480     0.918    clk_IBUF
    MMCME2_ADV_X1Y2      MMCME2_ADV (Prop_mmcme2_adv_CLKIN1_CLKOUT0)
                                                     -3.163    -2.245 r  u_mmcm/CLKOUT0
                         net (fo=1, routed)           0.544    -1.702    core_clk_raw
    BUFGCTRL_X0Y16       BUFG (Prop_bufg_I_O)         0.029    -1.673 r  u_core_clk_buf/O
                         net (fo=11093, routed)       0.834    -0.839    u_aes_gcm/u_core/u_aes_meta_fifo/mem_reg_0_3_6_11/WCLK
    SLICE_X34Y140        RAMD32                                       r  u_aes_gcm/u_core/u_aes_meta_fifo/mem_reg_0_3_6_11/RAMC_D1/CLK
                         clock pessimism              0.275    -0.564    
    SLICE_X34Y140        RAMD32 (Hold_ramd32_CLK_WADR0)
                                                      0.310    -0.254    u_aes_gcm/u_core/u_aes_meta_fifo/mem_reg_0_3_6_11/RAMC_D1
  -------------------------------------------------------------------
                         required time                          0.254    
                         arrival time                          -0.115    
  -------------------------------------------------------------------
                         slack                                  0.140    

Slack (MET) :             0.140ns  (arrival time - required time)
  Source:                 u_aes_gcm/u_core/u_aes_meta_fifo/wr_ptr_reg[0]/C
                            (rising edge-triggered cell FDRE clocked by core_clk_raw  {rise@0.000ns fall@2.857ns period=5.714ns})
  Destination:            u_aes_gcm/u_core/u_aes_meta_fifo/mem_reg_0_3_6_11/RAMD/ADR0
                            (rising edge-triggered cell RAMS32 clocked by core_clk_raw  {rise@0.000ns fall@2.857ns period=5.714ns})
  Path Group:             core_clk_raw
  Path Type:              Hold (Min at Fast Process Corner)
  Requirement:            0.000ns  (core_clk_raw rise@0.000ns - core_clk_raw rise@0.000ns)
  Data Path Delay:        0.486ns  (logic 0.141ns (29.032%)  route 0.345ns (70.968%))
  Logic Levels:           0  
  Clock Path Skew:        0.036ns (DCD - SCD - CPR)
    Destination Clock Delay (DCD):    -0.839ns
    Source Clock Delay      (SCD):    -0.600ns
    Clock Pessimism Removal (CPR):    -0.275ns

    Location             Delay type                Incr(ns)  Path(ns)    Netlist Resource(s)
  -------------------------------------------------------------------    -------------------
                         (clock core_clk_raw rise edge)
                                                      0.000     0.000 r  
    E3                                                0.000     0.000 r  clk (IN)
                         net (fo=0)                   0.000     0.000    clk
    E3                   IBUF (Prop_ibuf_I_O)         0.250     0.250 r  clk_IBUF_inst/O
                         net (fo=1, routed)           0.440     0.690    clk_IBUF
    MMCME2_ADV_X1Y2      MMCME2_ADV (Prop_mmcme2_adv_CLKIN1_CLKOUT0)
                                                     -2.379    -1.689 r  u_mmcm/CLKOUT0
                         net (fo=1, routed)           0.499    -1.190    core_clk_raw
    BUFGCTRL_X0Y16       BUFG (Prop_bufg_I_O)         0.026    -1.164 r  u_core_clk_buf/O
                         net (fo=11093, routed)       0.564    -0.600    u_aes_gcm/u_core/u_aes_meta_fifo/core_clk
    SLICE_X33Y140        FDRE                                         r  u_aes_gcm/u_core/u_aes_meta_fifo/wr_ptr_reg[0]/C
  -------------------------------------------------------------------    -------------------
    SLICE_X33Y140        FDRE (Prop_fdre_C_Q)         0.141    -0.459 r  u_aes_gcm/u_core/u_aes_meta_fifo/wr_ptr_reg[0]/Q
                         net (fo=26, routed)          0.345    -0.115    u_aes_gcm/u_core/u_aes_meta_fifo/mem_reg_0_3_6_11/ADDRD0
    SLICE_X34Y140        RAMS32                                       r  u_aes_gcm/u_core/u_aes_meta_fifo/mem_reg_0_3_6_11/RAMD/ADR0
  -------------------------------------------------------------------    -------------------

                         (clock core_clk_raw rise edge)
                                                      0.000     0.000 r  
    E3                                                0.000     0.000 r  clk (IN)
                         net (fo=0)                   0.000     0.000    clk
    E3                   IBUF (Prop_ibuf_I_O)         0.438     0.438 r  clk_IBUF_inst/O
                         net (fo=1, routed)           0.480     0.918    clk_IBUF
    MMCME2_ADV_X1Y2      MMCME2_ADV (Prop_mmcme2_adv_CLKIN1_CLKOUT0)
                                                     -3.163    -2.245 r  u_mmcm/CLKOUT0
                         net (fo=1, routed)           0.544    -1.702    core_clk_raw
    BUFGCTRL_X0Y16       BUFG (Prop_bufg_I_O)         0.029    -1.673 r  u_core_clk_buf/O
                         net (fo=11093, routed)       0.834    -0.839    u_aes_gcm/u_core/u_aes_meta_fifo/mem_reg_0_3_6_11/WCLK
    SLICE_X34Y140        RAMS32                                       r  u_aes_gcm/u_core/u_aes_meta_fifo/mem_reg_0_3_6_11/RAMD/CLK
                         clock pessimism              0.275    -0.564    
    SLICE_X34Y140        RAMS32 (Hold_rams32_CLK_ADR0)
                                                      0.310    -0.254    u_aes_gcm/u_core/u_aes_meta_fifo/mem_reg_0_3_6_11/RAMD
  -------------------------------------------------------------------
                         required time                          0.254    
                         arrival time                          -0.115    
  -------------------------------------------------------------------
                         slack                                  0.140    

Slack (MET) :             0.140ns  (arrival time - required time)
  Source:                 u_aes_gcm/u_core/u_aes_meta_fifo/wr_ptr_reg[0]/C
                            (rising edge-triggered cell FDRE clocked by core_clk_raw  {rise@0.000ns fall@2.857ns period=5.714ns})
  Destination:            u_aes_gcm/u_core/u_aes_meta_fifo/mem_reg_0_3_6_11/RAMD_D1/ADR0
                            (rising edge-triggered cell RAMS32 clocked by core_clk_raw  {rise@0.000ns fall@2.857ns period=5.714ns})
  Path Group:             core_clk_raw
  Path Type:              Hold (Min at Fast Process Corner)
  Requirement:            0.000ns  (core_clk_raw rise@0.000ns - core_clk_raw rise@0.000ns)
  Data Path Delay:        0.486ns  (logic 0.141ns (29.032%)  route 0.345ns (70.968%))
  Logic Levels:           0  
  Clock Path Skew:        0.036ns (DCD - SCD - CPR)
    Destination Clock Delay (DCD):    -0.839ns
    Source Clock Delay      (SCD):    -0.600ns
    Clock Pessimism Removal (CPR):    -0.275ns

    Location             Delay type                Incr(ns)  Path(ns)    Netlist Resource(s)
  -------------------------------------------------------------------    -------------------
                         (clock core_clk_raw rise edge)
                                                      0.000     0.000 r  
    E3                                                0.000     0.000 r  clk (IN)
                         net (fo=0)                   0.000     0.000    clk
    E3                   IBUF (Prop_ibuf_I_O)         0.250     0.250 r  clk_IBUF_inst/O
                         net (fo=1, routed)           0.440     0.690    clk_IBUF
    MMCME2_ADV_X1Y2      MMCME2_ADV (Prop_mmcme2_adv_CLKIN1_CLKOUT0)
                                                     -2.379    -1.689 r  u_mmcm/CLKOUT0
                         net (fo=1, routed)           0.499    -1.190    core_clk_raw
    BUFGCTRL_X0Y16       BUFG (Prop_bufg_I_O)         0.026    -1.164 r  u_core_clk_buf/O
                         net (fo=11093, routed)       0.564    -0.600    u_aes_gcm/u_core/u_aes_meta_fifo/core_clk
    SLICE_X33Y140        FDRE                                         r  u_aes_gcm/u_core/u_aes_meta_fifo/wr_ptr_reg[0]/C
  -------------------------------------------------------------------    -------------------
    SLICE_X33Y140        FDRE (Prop_fdre_C_Q)         0.141    -0.459 r  u_aes_gcm/u_core/u_aes_meta_fifo/wr_ptr_reg[0]/Q
                         net (fo=26, routed)          0.345    -0.115    u_aes_gcm/u_core/u_aes_meta_fifo/mem_reg_0_3_6_11/ADDRD0
    SLICE_X34Y140        RAMS32                                       r  u_aes_gcm/u_core/u_aes_meta_fifo/mem_reg_0_3_6_11/RAMD_D1/ADR0
  -------------------------------------------------------------------    -------------------

                         (clock core_clk_raw rise edge)
                                                      0.000     0.000 r  
    E3                                                0.000     0.000 r  clk (IN)
                         net (fo=0)                   0.000     0.000    clk
    E3                   IBUF (Prop_ibuf_I_O)         0.438     0.438 r  clk_IBUF_inst/O
                         net (fo=1, routed)           0.480     0.918    clk_IBUF
    MMCME2_ADV_X1Y2      MMCME2_ADV (Prop_mmcme2_adv_CLKIN1_CLKOUT0)
                                                     -3.163    -2.245 r  u_mmcm/CLKOUT0
                         net (fo=1, routed)           0.544    -1.702    core_clk_raw
    BUFGCTRL_X0Y16       BUFG (Prop_bufg_I_O)         0.029    -1.673 r  u_core_clk_buf/O
                         net (fo=11093, routed)       0.834    -0.839    u_aes_gcm/u_core/u_aes_meta_fifo/mem_reg_0_3_6_11/WCLK
    SLICE_X34Y140        RAMS32                                       r  u_aes_gcm/u_core/u_aes_meta_fifo/mem_reg_0_3_6_11/RAMD_D1/CLK
                         clock pessimism              0.275    -0.564    
    SLICE_X34Y140        RAMS32 (Hold_rams32_CLK_ADR0)
                                                      0.310    -0.254    u_aes_gcm/u_core/u_aes_meta_fifo/mem_reg_0_3_6_11/RAMD_D1
  -------------------------------------------------------------------
                         required time                          0.254    
                         arrival time                          -0.115    
  -------------------------------------------------------------------
                         slack                                  0.140    

Slack (MET) :             0.140ns  (arrival time - required time)
  Source:                 u_aes_gcm/u_core/j0_reg_reg[19]/C
                            (rising edge-triggered cell FDRE clocked by core_clk_raw  {rise@0.000ns fall@2.857ns period=5.714ns})
  Destination:            u_aes_gcm/u_core/aes_prod_data_reg[159]/D
                            (rising edge-triggered cell FDRE clocked by core_clk_raw  {rise@0.000ns fall@2.857ns period=5.714ns})
  Path Group:             core_clk_raw
  Path Type:              Hold (Min at Fast Process Corner)
  Requirement:            0.000ns  (core_clk_raw rise@0.000ns - core_clk_raw rise@0.000ns)
  Data Path Delay:        0.273ns  (logic 0.186ns (68.106%)  route 0.087ns (31.894%))
  Logic Levels:           1  (LUT4=1)
  Clock Path Skew:        0.013ns (DCD - SCD - CPR)
    Destination Clock Delay (DCD):    -0.841ns
    Source Clock Delay      (SCD):    -0.604ns
    Clock Pessimism Removal (CPR):    -0.250ns

    Location             Delay type                Incr(ns)  Path(ns)    Netlist Resource(s)
  -------------------------------------------------------------------    -------------------
                         (clock core_clk_raw rise edge)
                                                      0.000     0.000 r  
    E3                                                0.000     0.000 r  clk (IN)
                         net (fo=0)                   0.000     0.000    clk
    E3                   IBUF (Prop_ibuf_I_O)         0.250     0.250 r  clk_IBUF_inst/O
                         net (fo=1, routed)           0.440     0.690    clk_IBUF
    MMCME2_ADV_X1Y2      MMCME2_ADV (Prop_mmcme2_adv_CLKIN1_CLKOUT0)
                                                     -2.379    -1.689 r  u_mmcm/CLKOUT0
                         net (fo=1, routed)           0.499    -1.190    core_clk_raw
    BUFGCTRL_X0Y16       BUFG (Prop_bufg_I_O)         0.026    -1.164 r  u_core_clk_buf/O
                         net (fo=11093, routed)       0.560    -0.604    u_aes_gcm/u_core/core_clk
    SLICE_X39Y139        FDRE                                         r  u_aes_gcm/u_core/j0_reg_reg[19]/C
  -------------------------------------------------------------------    -------------------
    SLICE_X39Y139        FDRE (Prop_fdre_C_Q)         0.141    -0.463 r  u_aes_gcm/u_core/j0_reg_reg[19]/Q
                         net (fo=1, routed)           0.087    -0.376    u_aes_gcm/u_core/j0_reg[19]
    SLICE_X38Y139        LUT4 (Prop_lut4_I1_O)        0.045    -0.331 r  u_aes_gcm/u_core/aes_prod_data[159]_i_1/O
                         net (fo=1, routed)           0.000    -0.331    u_aes_gcm/u_core/aes_prod_data[159]_i_1_n_0
    SLICE_X38Y139        FDRE                                         r  u_aes_gcm/u_core/aes_prod_data_reg[159]/D
  -------------------------------------------------------------------    -------------------

                         (clock core_clk_raw rise edge)
                                                      0.000     0.000 r  
    E3                                                0.000     0.000 r  clk (IN)
                         net (fo=0)                   0.000     0.000    clk
    E3                   IBUF (Prop_ibuf_I_O)         0.438     0.438 r  clk_IBUF_inst/O
                         net (fo=1, routed)           0.480     0.918    clk_IBUF
    MMCME2_ADV_X1Y2      MMCME2_ADV (Prop_mmcme2_adv_CLKIN1_CLKOUT0)
                                                     -3.163    -2.245 r  u_mmcm/CLKOUT0
                         net (fo=1, routed)           0.544    -1.702    core_clk_raw
    BUFGCTRL_X0Y16       BUFG (Prop_bufg_I_O)         0.029    -1.673 r  u_core_clk_buf/O
                         net (fo=11093, routed)       0.832    -0.841    u_aes_gcm/u_core/core_clk
    SLICE_X38Y139        FDRE                                         r  u_aes_gcm/u_core/aes_prod_data_reg[159]/C
                         clock pessimism              0.250    -0.591    
    SLICE_X38Y139        FDRE (Hold_fdre_C_D)         0.120    -0.471    u_aes_gcm/u_core/aes_prod_data_reg[159]
  -------------------------------------------------------------------
                         required time                          0.471    
                         arrival time                          -0.331    
  -------------------------------------------------------------------
                         slack                                  0.140    

Slack (MET) :             0.140ns  (arrival time - required time)
  Source:                 u_aes_gcm/u_core/u_ghash_request_fifo/out_data_q_reg[31]/C
                            (rising edge-triggered cell FDRE clocked by core_clk_raw  {rise@0.000ns fall@2.857ns period=5.714ns})
  Destination:            u_aes_gcm/u_core/u_ghash/x_work_r_reg[31]/D
                            (rising edge-triggered cell FDRE clocked by core_clk_raw  {rise@0.000ns fall@2.857ns period=5.714ns})
  Path Group:             core_clk_raw
  Path Type:              Hold (Min at Fast Process Corner)
  Requirement:            0.000ns  (core_clk_raw rise@0.000ns - core_clk_raw rise@0.000ns)
  Data Path Delay:        0.245ns  (logic 0.186ns (75.768%)  route 0.059ns (24.232%))
  Logic Levels:           1  (LUT5=1)
  Clock Path Skew:        0.013ns (DCD - SCD - CPR)
    Destination Clock Delay (DCD):    -0.852ns
    Source Clock Delay      (SCD):    -0.611ns
    Clock Pessimism Removal (CPR):    -0.254ns

    Location             Delay type                Incr(ns)  Path(ns)    Netlist Resource(s)
  -------------------------------------------------------------------    -------------------
                         (clock core_clk_raw rise edge)
                                                      0.000     0.000 r  
    E3                                                0.000     0.000 r  clk (IN)
                         net (fo=0)                   0.000     0.000    clk
    E3                   IBUF (Prop_ibuf_I_O)         0.250     0.250 r  clk_IBUF_inst/O
                         net (fo=1, routed)           0.440     0.690    clk_IBUF
    MMCME2_ADV_X1Y2      MMCME2_ADV (Prop_mmcme2_adv_CLKIN1_CLKOUT0)
                                                     -2.379    -1.689 r  u_mmcm/CLKOUT0
                         net (fo=1, routed)           0.499    -1.190    core_clk_raw
    BUFGCTRL_X0Y16       BUFG (Prop_bufg_I_O)         0.026    -1.164 r  u_core_clk_buf/O
                         net (fo=11093, routed)       0.553    -0.611    u_aes_gcm/u_core/u_ghash_request_fifo/core_clk
    SLICE_X33Y123        FDRE                                         r  u_aes_gcm/u_core/u_ghash_request_fifo/out_data_q_reg[31]/C
  -------------------------------------------------------------------    -------------------
    SLICE_X33Y123        FDRE (Prop_fdre_C_Q)         0.141    -0.470 r  u_aes_gcm/u_core/u_ghash_request_fifo/out_data_q_reg[31]/Q
                         net (fo=1, routed)           0.059    -0.411    u_aes_gcm/u_core/u_ghash/x_work_r_reg[40]_0[15]
    SLICE_X32Y123        LUT5 (Prop_lut5_I2_O)        0.045    -0.366 r  u_aes_gcm/u_core/u_ghash/x_work_r[31]_i_1/O
                         net (fo=1, routed)           0.000    -0.366    u_aes_gcm/u_core/u_ghash/x_work_r[31]_i_1_n_0
    SLICE_X32Y123        FDRE                                         r  u_aes_gcm/u_core/u_ghash/x_work_r_reg[31]/D
  -------------------------------------------------------------------    -------------------

                         (clock core_clk_raw rise edge)
                                                      0.000     0.000 r  
    E3                                                0.000     0.000 r  clk (IN)
                         net (fo=0)                   0.000     0.000    clk
    E3                   IBUF (Prop_ibuf_I_O)         0.438     0.438 r  clk_IBUF_inst/O
                         net (fo=1, routed)           0.480     0.918    clk_IBUF
    MMCME2_ADV_X1Y2      MMCME2_ADV (Prop_mmcme2_adv_CLKIN1_CLKOUT0)
                                                     -3.163    -2.245 r  u_mmcm/CLKOUT0
                         net (fo=1, routed)           0.544    -1.702    core_clk_raw
    BUFGCTRL_X0Y16       BUFG (Prop_bufg_I_O)         0.029    -1.673 r  u_core_clk_buf/O
                         net (fo=11093, routed)       0.821    -0.852    u_aes_gcm/u_core/u_ghash/core_clk
    SLICE_X32Y123        FDRE                                         r  u_aes_gcm/u_core/u_ghash/x_work_r_reg[31]/C
                         clock pessimism              0.254    -0.598    
    SLICE_X32Y123        FDRE (Hold_fdre_C_D)         0.092    -0.506    u_aes_gcm/u_core/u_ghash/x_work_r_reg[31]
  -------------------------------------------------------------------
                         required time                          0.506    
                         arrival time                          -0.366    
  -------------------------------------------------------------------
                         slack                                  0.140    

Slack (MET) :             0.141ns  (arrival time - required time)
  Source:                 u_aes_gcm/u_tag_output_register/wr_ptr_reg[0]/C
                            (rising edge-triggered cell FDRE clocked by core_clk_raw  {rise@0.000ns fall@2.857ns period=5.714ns})
  Destination:            u_aes_gcm/u_tag_output_register/mem_reg_0_1_6_8/RAMA/WADR0
                            (rising edge-triggered cell RAMD32 clocked by core_clk_raw  {rise@0.000ns fall@2.857ns period=5.714ns})
  Path Group:             core_clk_raw
  Path Type:              Hold (Min at Fast Process Corner)
  Requirement:            0.000ns  (core_clk_raw rise@0.000ns - core_clk_raw rise@0.000ns)
  Data Path Delay:        0.488ns  (logic 0.141ns (28.899%)  route 0.347ns (71.101%))
  Logic Levels:           0  
  Clock Path Skew:        0.037ns (DCD - SCD - CPR)
    Destination Clock Delay (DCD):    -0.839ns
    Source Clock Delay      (SCD):    -0.601ns
    Clock Pessimism Removal (CPR):    -0.275ns

    Location             Delay type                Incr(ns)  Path(ns)    Netlist Resource(s)
  -------------------------------------------------------------------    -------------------
                         (clock core_clk_raw rise edge)
                                                      0.000     0.000 r  
    E3                                                0.000     0.000 r  clk (IN)
                         net (fo=0)                   0.000     0.000    clk
    E3                   IBUF (Prop_ibuf_I_O)         0.250     0.250 r  clk_IBUF_inst/O
                         net (fo=1, routed)           0.440     0.690    clk_IBUF
    MMCME2_ADV_X1Y2      MMCME2_ADV (Prop_mmcme2_adv_CLKIN1_CLKOUT0)
                                                     -2.379    -1.689 r  u_mmcm/CLKOUT0
                         net (fo=1, routed)           0.499    -1.190    core_clk_raw
    BUFGCTRL_X0Y16       BUFG (Prop_bufg_I_O)         0.026    -1.164 r  u_core_clk_buf/O
                         net (fo=11093, routed)       0.563    -0.601    u_aes_gcm/u_tag_output_register/core_clk
    SLICE_X31Y138        FDRE                                         r  u_aes_gcm/u_tag_output_register/wr_ptr_reg[0]/C
  -------------------------------------------------------------------    -------------------
    SLICE_X31Y138        FDRE (Prop_fdre_C_Q)         0.141    -0.460 r  u_aes_gcm/u_tag_output_register/wr_ptr_reg[0]/Q
                         net (fo=17, routed)          0.347    -0.113    u_aes_gcm/u_tag_output_register/mem_reg_0_1_6_8/ADDRD0
    SLICE_X34Y141        RAMD32                                       r  u_aes_gcm/u_tag_output_register/mem_reg_0_1_6_8/RAMA/WADR0
  -------------------------------------------------------------------    -------------------

                         (clock core_clk_raw rise edge)
                                                      0.000     0.000 r  
    E3                                                0.000     0.000 r  clk (IN)
                         net (fo=0)                   0.000     0.000    clk
    E3                   IBUF (Prop_ibuf_I_O)         0.438     0.438 r  clk_IBUF_inst/O
                         net (fo=1, routed)           0.480     0.918    clk_IBUF
    MMCME2_ADV_X1Y2      MMCME2_ADV (Prop_mmcme2_adv_CLKIN1_CLKOUT0)
                                                     -3.163    -2.245 r  u_mmcm/CLKOUT0
                         net (fo=1, routed)           0.544    -1.702    core_clk_raw
    BUFGCTRL_X0Y16       BUFG (Prop_bufg_I_O)         0.029    -1.673 r  u_core_clk_buf/O
                         net (fo=11093, routed)       0.834    -0.839    u_aes_gcm/u_tag_output_register/mem_reg_0_1_6_8/WCLK
    SLICE_X34Y141        RAMD32                                       r  u_aes_gcm/u_tag_output_register/mem_reg_0_1_6_8/RAMA/CLK
                         clock pessimism              0.275    -0.564    
    SLICE_X34Y141        RAMD32 (Hold_ramd32_CLK_WADR0)
                                                      0.310    -0.254    u_aes_gcm/u_tag_output_register/mem_reg_0_1_6_8/RAMA
  -------------------------------------------------------------------
                         required time                          0.254    
                         arrival time                          -0.113    
  -------------------------------------------------------------------
                         slack                                  0.141    

Slack (MET) :             0.141ns  (arrival time - required time)
  Source:                 u_aes_gcm/u_tag_output_register/wr_ptr_reg[0]/C
                            (rising edge-triggered cell FDRE clocked by core_clk_raw  {rise@0.000ns fall@2.857ns period=5.714ns})
  Destination:            u_aes_gcm/u_tag_output_register/mem_reg_0_1_6_8/RAMA_D1/WADR0
                            (rising edge-triggered cell RAMD32 clocked by core_clk_raw  {rise@0.000ns fall@2.857ns period=5.714ns})
  Path Group:             core_clk_raw
  Path Type:              Hold (Min at Fast Process Corner)
  Requirement:            0.000ns  (core_clk_raw rise@0.000ns - core_clk_raw rise@0.000ns)
  Data Path Delay:        0.488ns  (logic 0.141ns (28.899%)  route 0.347ns (71.101%))
  Logic Levels:           0  
  Clock Path Skew:        0.037ns (DCD - SCD - CPR)
    Destination Clock Delay (DCD):    -0.839ns
    Source Clock Delay      (SCD):    -0.601ns
    Clock Pessimism Removal (CPR):    -0.275ns

    Location             Delay type                Incr(ns)  Path(ns)    Netlist Resource(s)
  -------------------------------------------------------------------    -------------------
                         (clock core_clk_raw rise edge)
                                                      0.000     0.000 r  
    E3                                                0.000     0.000 r  clk (IN)
                         net (fo=0)                   0.000     0.000    clk
    E3                   IBUF (Prop_ibuf_I_O)         0.250     0.250 r  clk_IBUF_inst/O
                         net (fo=1, routed)           0.440     0.690    clk_IBUF
    MMCME2_ADV_X1Y2      MMCME2_ADV (Prop_mmcme2_adv_CLKIN1_CLKOUT0)
                                                     -2.379    -1.689 r  u_mmcm/CLKOUT0
                         net (fo=1, routed)           0.499    -1.190    core_clk_raw
    BUFGCTRL_X0Y16       BUFG (Prop_bufg_I_O)         0.026    -1.164 r  u_core_clk_buf/O
                         net (fo=11093, routed)       0.563    -0.601    u_aes_gcm/u_tag_output_register/core_clk
    SLICE_X31Y138        FDRE                                         r  u_aes_gcm/u_tag_output_register/wr_ptr_reg[0]/C
  -------------------------------------------------------------------    -------------------
    SLICE_X31Y138        FDRE (Prop_fdre_C_Q)         0.141    -0.460 r  u_aes_gcm/u_tag_output_register/wr_ptr_reg[0]/Q
                         net (fo=17, routed)          0.347    -0.113    u_aes_gcm/u_tag_output_register/mem_reg_0_1_6_8/ADDRD0
    SLICE_X34Y141        RAMD32                                       r  u_aes_gcm/u_tag_output_register/mem_reg_0_1_6_8/RAMA_D1/WADR0
  -------------------------------------------------------------------    -------------------

                         (clock core_clk_raw rise edge)
                                                      0.000     0.000 r  
    E3                                                0.000     0.000 r  clk (IN)
                         net (fo=0)                   0.000     0.000    clk
    E3                   IBUF (Prop_ibuf_I_O)         0.438     0.438 r  clk_IBUF_inst/O
                         net (fo=1, routed)           0.480     0.918    clk_IBUF
    MMCME2_ADV_X1Y2      MMCME2_ADV (Prop_mmcme2_adv_CLKIN1_CLKOUT0)
                                                     -3.163    -2.245 r  u_mmcm/CLKOUT0
                         net (fo=1, routed)           0.544    -1.702    core_clk_raw
    BUFGCTRL_X0Y16       BUFG (Prop_bufg_I_O)         0.029    -1.673 r  u_core_clk_buf/O
                         net (fo=11093, routed)       0.834    -0.839    u_aes_gcm/u_tag_output_register/mem_reg_0_1_6_8/WCLK
    SLICE_X34Y141        RAMD32                                       r  u_aes_gcm/u_tag_output_register/mem_reg_0_1_6_8/RAMA_D1/CLK
                         clock pessimism              0.275    -0.564    
    SLICE_X34Y141        RAMD32 (Hold_ramd32_CLK_WADR0)
                                                      0.310    -0.254    u_aes_gcm/u_tag_output_register/mem_reg_0_1_6_8/RAMA_D1
  -------------------------------------------------------------------
                         required time                          0.254    
                         arrival time                          -0.113    
  -------------------------------------------------------------------
                         slack                                  0.141    

Slack (MET) :             0.141ns  (arrival time - required time)
  Source:                 u_aes_gcm/u_tag_output_register/wr_ptr_reg[0]/C
                            (rising edge-triggered cell FDRE clocked by core_clk_raw  {rise@0.000ns fall@2.857ns period=5.714ns})
  Destination:            u_aes_gcm/u_tag_output_register/mem_reg_0_1_6_8/RAMB/WADR0
                            (rising edge-triggered cell RAMD32 clocked by core_clk_raw  {rise@0.000ns fall@2.857ns period=5.714ns})
  Path Group:             core_clk_raw
  Path Type:              Hold (Min at Fast Process Corner)
  Requirement:            0.000ns  (core_clk_raw rise@0.000ns - core_clk_raw rise@0.000ns)
  Data Path Delay:        0.488ns  (logic 0.141ns (28.899%)  route 0.347ns (71.101%))
  Logic Levels:           0  
  Clock Path Skew:        0.037ns (DCD - SCD - CPR)
    Destination Clock Delay (DCD):    -0.839ns
    Source Clock Delay      (SCD):    -0.601ns
    Clock Pessimism Removal (CPR):    -0.275ns

    Location             Delay type                Incr(ns)  Path(ns)    Netlist Resource(s)
  -------------------------------------------------------------------    -------------------
                         (clock core_clk_raw rise edge)
                                                      0.000     0.000 r  
    E3                                                0.000     0.000 r  clk (IN)
                         net (fo=0)                   0.000     0.000    clk
    E3                   IBUF (Prop_ibuf_I_O)         0.250     0.250 r  clk_IBUF_inst/O
                         net (fo=1, routed)           0.440     0.690    clk_IBUF
    MMCME2_ADV_X1Y2      MMCME2_ADV (Prop_mmcme2_adv_CLKIN1_CLKOUT0)
                                                     -2.379    -1.689 r  u_mmcm/CLKOUT0
                         net (fo=1, routed)           0.499    -1.190    core_clk_raw
    BUFGCTRL_X0Y16       BUFG (Prop_bufg_I_O)         0.026    -1.164 r  u_core_clk_buf/O
                         net (fo=11093, routed)       0.563    -0.601    u_aes_gcm/u_tag_output_register/core_clk
    SLICE_X31Y138        FDRE                                         r  u_aes_gcm/u_tag_output_register/wr_ptr_reg[0]/C
  -------------------------------------------------------------------    -------------------
    SLICE_X31Y138        FDRE (Prop_fdre_C_Q)         0.141    -0.460 r  u_aes_gcm/u_tag_output_register/wr_ptr_reg[0]/Q
                         net (fo=17, routed)          0.347    -0.113    u_aes_gcm/u_tag_output_register/mem_reg_0_1_6_8/ADDRD0
    SLICE_X34Y141        RAMD32                                       r  u_aes_gcm/u_tag_output_register/mem_reg_0_1_6_8/RAMB/WADR0
  -------------------------------------------------------------------    -------------------

                         (clock core_clk_raw rise edge)
                                                      0.000     0.000 r  
    E3                                                0.000     0.000 r  clk (IN)
                         net (fo=0)                   0.000     0.000    clk
    E3                   IBUF (Prop_ibuf_I_O)         0.438     0.438 r  clk_IBUF_inst/O
                         net (fo=1, routed)           0.480     0.918    clk_IBUF
    MMCME2_ADV_X1Y2      MMCME2_ADV (Prop_mmcme2_adv_CLKIN1_CLKOUT0)
                                                     -3.163    -2.245 r  u_mmcm/CLKOUT0
                         net (fo=1, routed)           0.544    -1.702    core_clk_raw
    BUFGCTRL_X0Y16       BUFG (Prop_bufg_I_O)         0.029    -1.673 r  u_core_clk_buf/O
                         net (fo=11093, routed)       0.834    -0.839    u_aes_gcm/u_tag_output_register/mem_reg_0_1_6_8/WCLK
    SLICE_X34Y141        RAMD32                                       r  u_aes_gcm/u_tag_output_register/mem_reg_0_1_6_8/RAMB/CLK
                         clock pessimism              0.275    -0.564    
    SLICE_X34Y141        RAMD32 (Hold_ramd32_CLK_WADR0)
                                                      0.310    -0.254    u_aes_gcm/u_tag_output_register/mem_reg_0_1_6_8/RAMB
  -------------------------------------------------------------------
                         required time                          0.254    
                         arrival time                          -0.113    
  -------------------------------------------------------------------
                         slack                                  0.141    

Slack (MET) :             0.141ns  (arrival time - required time)
  Source:                 u_aes_gcm/u_tag_output_register/wr_ptr_reg[0]/C
                            (rising edge-triggered cell FDRE clocked by core_clk_raw  {rise@0.000ns fall@2.857ns period=5.714ns})
  Destination:            u_aes_gcm/u_tag_output_register/mem_reg_0_1_6_8/RAMB_D1/WADR0
                            (rising edge-triggered cell RAMD32 clocked by core_clk_raw  {rise@0.000ns fall@2.857ns period=5.714ns})
  Path Group:             core_clk_raw
  Path Type:              Hold (Min at Fast Process Corner)
  Requirement:            0.000ns  (core_clk_raw rise@0.000ns - core_clk_raw rise@0.000ns)
  Data Path Delay:        0.488ns  (logic 0.141ns (28.899%)  route 0.347ns (71.101%))
  Logic Levels:           0  
  Clock Path Skew:        0.037ns (DCD - SCD - CPR)
    Destination Clock Delay (DCD):    -0.839ns
    Source Clock Delay      (SCD):    -0.601ns
    Clock Pessimism Removal (CPR):    -0.275ns

    Location             Delay type                Incr(ns)  Path(ns)    Netlist Resource(s)
  -------------------------------------------------------------------    -------------------
                         (clock core_clk_raw rise edge)
                                                      0.000     0.000 r  
    E3                                                0.000     0.000 r  clk (IN)
                         net (fo=0)                   0.000     0.000    clk
    E3                   IBUF (Prop_ibuf_I_O)         0.250     0.250 r  clk_IBUF_inst/O
                         net (fo=1, routed)           0.440     0.690    clk_IBUF
    MMCME2_ADV_X1Y2      MMCME2_ADV (Prop_mmcme2_adv_CLKIN1_CLKOUT0)
                                                     -2.379    -1.689 r  u_mmcm/CLKOUT0
                         net (fo=1, routed)           0.499    -1.190    core_clk_raw
    BUFGCTRL_X0Y16       BUFG (Prop_bufg_I_O)         0.026    -1.164 r  u_core_clk_buf/O
                         net (fo=11093, routed)       0.563    -0.601    u_aes_gcm/u_tag_output_register/core_clk
    SLICE_X31Y138        FDRE                                         r  u_aes_gcm/u_tag_output_register/wr_ptr_reg[0]/C
  -------------------------------------------------------------------    -------------------
    SLICE_X31Y138        FDRE (Prop_fdre_C_Q)         0.141    -0.460 r  u_aes_gcm/u_tag_output_register/wr_ptr_reg[0]/Q
                         net (fo=17, routed)          0.347    -0.113    u_aes_gcm/u_tag_output_register/mem_reg_0_1_6_8/ADDRD0
    SLICE_X34Y141        RAMD32                                       r  u_aes_gcm/u_tag_output_register/mem_reg_0_1_6_8/RAMB_D1/WADR0
  -------------------------------------------------------------------    -------------------

                         (clock core_clk_raw rise edge)
                                                      0.000     0.000 r  
    E3                                                0.000     0.000 r  clk (IN)
                         net (fo=0)                   0.000     0.000    clk
    E3                   IBUF (Prop_ibuf_I_O)         0.438     0.438 r  clk_IBUF_inst/O
                         net (fo=1, routed)           0.480     0.918    clk_IBUF
    MMCME2_ADV_X1Y2      MMCME2_ADV (Prop_mmcme2_adv_CLKIN1_CLKOUT0)
                                                     -3.163    -2.245 r  u_mmcm/CLKOUT0
                         net (fo=1, routed)           0.544    -1.702    core_clk_raw
    BUFGCTRL_X0Y16       BUFG (Prop_bufg_I_O)         0.029    -1.673 r  u_core_clk_buf/O
                         net (fo=11093, routed)       0.834    -0.839    u_aes_gcm/u_tag_output_register/mem_reg_0_1_6_8/WCLK
    SLICE_X34Y141        RAMD32                                       r  u_aes_gcm/u_tag_output_register/mem_reg_0_1_6_8/RAMB_D1/CLK
                         clock pessimism              0.275    -0.564    
    SLICE_X34Y141        RAMD32 (Hold_ramd32_CLK_WADR0)
                                                      0.310    -0.254    u_aes_gcm/u_tag_output_register/mem_reg_0_1_6_8/RAMB_D1
  -------------------------------------------------------------------
                         required time                          0.254    
                         arrival time                          -0.113    
  -------------------------------------------------------------------
                         slack                                  0.141    

Slack (MET) :             0.141ns  (arrival time - required time)
  Source:                 u_aes_gcm/u_tag_output_register/wr_ptr_reg[0]/C
                            (rising edge-triggered cell FDRE clocked by core_clk_raw  {rise@0.000ns fall@2.857ns period=5.714ns})
  Destination:            u_aes_gcm/u_tag_output_register/mem_reg_0_1_6_8/RAMC/WADR0
                            (rising edge-triggered cell RAMD32 clocked by core_clk_raw  {rise@0.000ns fall@2.857ns period=5.714ns})
  Path Group:             core_clk_raw
  Path Type:              Hold (Min at Fast Process Corner)
  Requirement:            0.000ns  (core_clk_raw rise@0.000ns - core_clk_raw rise@0.000ns)
  Data Path Delay:        0.488ns  (logic 0.141ns (28.899%)  route 0.347ns (71.101%))
  Logic Levels:           0  
  Clock Path Skew:        0.037ns (DCD - SCD - CPR)
    Destination Clock Delay (DCD):    -0.839ns
    Source Clock Delay      (SCD):    -0.601ns
    Clock Pessimism Removal (CPR):    -0.275ns

    Location             Delay type                Incr(ns)  Path(ns)    Netlist Resource(s)
  -------------------------------------------------------------------    -------------------
                         (clock core_clk_raw rise edge)
                                                      0.000     0.000 r  
    E3                                                0.000     0.000 r  clk (IN)
                         net (fo=0)                   0.000     0.000    clk
    E3                   IBUF (Prop_ibuf_I_O)         0.250     0.250 r  clk_IBUF_inst/O
                         net (fo=1, routed)           0.440     0.690    clk_IBUF
    MMCME2_ADV_X1Y2      MMCME2_ADV (Prop_mmcme2_adv_CLKIN1_CLKOUT0)
                                                     -2.379    -1.689 r  u_mmcm/CLKOUT0
                         net (fo=1, routed)           0.499    -1.190    core_clk_raw
    BUFGCTRL_X0Y16       BUFG (Prop_bufg_I_O)         0.026    -1.164 r  u_core_clk_buf/O
                         net (fo=11093, routed)       0.563    -0.601    u_aes_gcm/u_tag_output_register/core_clk
    SLICE_X31Y138        FDRE                                         r  u_aes_gcm/u_tag_output_register/wr_ptr_reg[0]/C
  -------------------------------------------------------------------    -------------------
    SLICE_X31Y138        FDRE (Prop_fdre_C_Q)         0.141    -0.460 r  u_aes_gcm/u_tag_output_register/wr_ptr_reg[0]/Q
                         net (fo=17, routed)          0.347    -0.113    u_aes_gcm/u_tag_output_register/mem_reg_0_1_6_8/ADDRD0
    SLICE_X34Y141        RAMD32                                       r  u_aes_gcm/u_tag_output_register/mem_reg_0_1_6_8/RAMC/WADR0
  -------------------------------------------------------------------    -------------------

                         (clock core_clk_raw rise edge)
                                                      0.000     0.000 r  
    E3                                                0.000     0.000 r  clk (IN)
                         net (fo=0)                   0.000     0.000    clk
    E3                   IBUF (Prop_ibuf_I_O)         0.438     0.438 r  clk_IBUF_inst/O
                         net (fo=1, routed)           0.480     0.918    clk_IBUF
    MMCME2_ADV_X1Y2      MMCME2_ADV (Prop_mmcme2_adv_CLKIN1_CLKOUT0)
                                                     -3.163    -2.245 r  u_mmcm/CLKOUT0
                         net (fo=1, routed)           0.544    -1.702    core_clk_raw
    BUFGCTRL_X0Y16       BUFG (Prop_bufg_I_O)         0.029    -1.673 r  u_core_clk_buf/O
                         net (fo=11093, routed)       0.834    -0.839    u_aes_gcm/u_tag_output_register/mem_reg_0_1_6_8/WCLK
    SLICE_X34Y141        RAMD32                                       r  u_aes_gcm/u_tag_output_register/mem_reg_0_1_6_8/RAMC/CLK
                         clock pessimism              0.275    -0.564    
    SLICE_X34Y141        RAMD32 (Hold_ramd32_CLK_WADR0)
                                                      0.310    -0.254    u_aes_gcm/u_tag_output_register/mem_reg_0_1_6_8/RAMC
  -------------------------------------------------------------------
                         required time                          0.254    
                         arrival time                          -0.113    
  -------------------------------------------------------------------
                         slack                                  0.141    

Slack (MET) :             0.141ns  (arrival time - required time)
  Source:                 u_aes_gcm/u_tag_output_register/wr_ptr_reg[0]/C
                            (rising edge-triggered cell FDRE clocked by core_clk_raw  {rise@0.000ns fall@2.857ns period=5.714ns})
  Destination:            u_aes_gcm/u_tag_output_register/mem_reg_0_1_6_8/RAMC_D1/WADR0
                            (rising edge-triggered cell RAMD32 clocked by core_clk_raw  {rise@0.000ns fall@2.857ns period=5.714ns})
  Path Group:             core_clk_raw
  Path Type:              Hold (Min at Fast Process Corner)
  Requirement:            0.000ns  (core_clk_raw rise@0.000ns - core_clk_raw rise@0.000ns)
  Data Path Delay:        0.488ns  (logic 0.141ns (28.899%)  route 0.347ns (71.101%))
  Logic Levels:           0  
  Clock Path Skew:        0.037ns (DCD - SCD - CPR)
    Destination Clock Delay (DCD):    -0.839ns
    Source Clock Delay      (SCD):    -0.601ns
    Clock Pessimism Removal (CPR):    -0.275ns

    Location             Delay type                Incr(ns)  Path(ns)    Netlist Resource(s)
  -------------------------------------------------------------------    -------------------
                         (clock core_clk_raw rise edge)
                                                      0.000     0.000 r  
    E3                                                0.000     0.000 r  clk (IN)
                         net (fo=0)                   0.000     0.000    clk
    E3                   IBUF (Prop_ibuf_I_O)         0.250     0.250 r  clk_IBUF_inst/O
                         net (fo=1, routed)           0.440     0.690    clk_IBUF
    MMCME2_ADV_X1Y2      MMCME2_ADV (Prop_mmcme2_adv_CLKIN1_CLKOUT0)
                                                     -2.379    -1.689 r  u_mmcm/CLKOUT0
                         net (fo=1, routed)           0.499    -1.190    core_clk_raw
    BUFGCTRL_X0Y16       BUFG (Prop_bufg_I_O)         0.026    -1.164 r  u_core_clk_buf/O
                         net (fo=11093, routed)       0.563    -0.601    u_aes_gcm/u_tag_output_register/core_clk
    SLICE_X31Y138        FDRE                                         r  u_aes_gcm/u_tag_output_register/wr_ptr_reg[0]/C
  -------------------------------------------------------------------    -------------------
    SLICE_X31Y138        FDRE (Prop_fdre_C_Q)         0.141    -0.460 r  u_aes_gcm/u_tag_output_register/wr_ptr_reg[0]/Q
                         net (fo=17, routed)          0.347    -0.113    u_aes_gcm/u_tag_output_register/mem_reg_0_1_6_8/ADDRD0
    SLICE_X34Y141        RAMD32                                       r  u_aes_gcm/u_tag_output_register/mem_reg_0_1_6_8/RAMC_D1/WADR0
  -------------------------------------------------------------------    -------------------

                         (clock core_clk_raw rise edge)
                                                      0.000     0.000 r  
    E3                                                0.000     0.000 r  clk (IN)
                         net (fo=0)                   0.000     0.000    clk
    E3                   IBUF (Prop_ibuf_I_O)         0.438     0.438 r  clk_IBUF_inst/O
                         net (fo=1, routed)           0.480     0.918    clk_IBUF
    MMCME2_ADV_X1Y2      MMCME2_ADV (Prop_mmcme2_adv_CLKIN1_CLKOUT0)
                                                     -3.163    -2.245 r  u_mmcm/CLKOUT0
                         net (fo=1, routed)           0.544    -1.702    core_clk_raw
    BUFGCTRL_X0Y16       BUFG (Prop_bufg_I_O)         0.029    -1.673 r  u_core_clk_buf/O
                         net (fo=11093, routed)       0.834    -0.839    u_aes_gcm/u_tag_output_register/mem_reg_0_1_6_8/WCLK
    SLICE_X34Y141        RAMD32                                       r  u_aes_gcm/u_tag_output_register/mem_reg_0_1_6_8/RAMC_D1/CLK
                         clock pessimism              0.275    -0.564    
    SLICE_X34Y141        RAMD32 (Hold_ramd32_CLK_WADR0)
                                                      0.310    -0.254    u_aes_gcm/u_tag_output_register/mem_reg_0_1_6_8/RAMC_D1
  -------------------------------------------------------------------
                         required time                          0.254    
                         arrival time                          -0.113    
  -------------------------------------------------------------------
                         slack                                  0.141    

Slack (MET) :             0.141ns  (arrival time - required time)
  Source:                 u_aes_gcm/u_tag_output_register/wr_ptr_reg[0]/C
                            (rising edge-triggered cell FDRE clocked by core_clk_raw  {rise@0.000ns fall@2.857ns period=5.714ns})
  Destination:            u_aes_gcm/u_tag_output_register/mem_reg_0_1_6_8/RAMD/ADR0
                            (rising edge-triggered cell RAMS32 clocked by core_clk_raw  {rise@0.000ns fall@2.857ns period=5.714ns})
  Path Group:             core_clk_raw
  Path Type:              Hold (Min at Fast Process Corner)
  Requirement:            0.000ns  (core_clk_raw rise@0.000ns - core_clk_raw rise@0.000ns)
  Data Path Delay:        0.488ns  (logic 0.141ns (28.899%)  route 0.347ns (71.101%))
  Logic Levels:           0  
  Clock Path Skew:        0.037ns (DCD - SCD - CPR)
    Destination Clock Delay (DCD):    -0.839ns
    Source Clock Delay      (SCD):    -0.601ns
    Clock Pessimism Removal (CPR):    -0.275ns

    Location             Delay type                Incr(ns)  Path(ns)    Netlist Resource(s)
  -------------------------------------------------------------------    -------------------
                         (clock core_clk_raw rise edge)
                                                      0.000     0.000 r  
    E3                                                0.000     0.000 r  clk (IN)
                         net (fo=0)                   0.000     0.000    clk
    E3                   IBUF (Prop_ibuf_I_O)         0.250     0.250 r  clk_IBUF_inst/O
                         net (fo=1, routed)           0.440     0.690    clk_IBUF
    MMCME2_ADV_X1Y2      MMCME2_ADV (Prop_mmcme2_adv_CLKIN1_CLKOUT0)
                                                     -2.379    -1.689 r  u_mmcm/CLKOUT0
                         net (fo=1, routed)           0.499    -1.190    core_clk_raw
    BUFGCTRL_X0Y16       BUFG (Prop_bufg_I_O)         0.026    -1.164 r  u_core_clk_buf/O
                         net (fo=11093, routed)       0.563    -0.601    u_aes_gcm/u_tag_output_register/core_clk
    SLICE_X31Y138        FDRE                                         r  u_aes_gcm/u_tag_output_register/wr_ptr_reg[0]/C
  -------------------------------------------------------------------    -------------------
    SLICE_X31Y138        FDRE (Prop_fdre_C_Q)         0.141    -0.460 r  u_aes_gcm/u_tag_output_register/wr_ptr_reg[0]/Q
                         net (fo=17, routed)          0.347    -0.113    u_aes_gcm/u_tag_output_register/mem_reg_0_1_6_8/ADDRD0
    SLICE_X34Y141        RAMS32                                       r  u_aes_gcm/u_tag_output_register/mem_reg_0_1_6_8/RAMD/ADR0
  -------------------------------------------------------------------    -------------------

                         (clock core_clk_raw rise edge)
                                                      0.000     0.000 r  
    E3                                                0.000     0.000 r  clk (IN)
                         net (fo=0)                   0.000     0.000    clk
    E3                   IBUF (Prop_ibuf_I_O)         0.438     0.438 r  clk_IBUF_inst/O
                         net (fo=1, routed)           0.480     0.918    clk_IBUF
    MMCME2_ADV_X1Y2      MMCME2_ADV (Prop_mmcme2_adv_CLKIN1_CLKOUT0)
                                                     -3.163    -2.245 r  u_mmcm/CLKOUT0
                         net (fo=1, routed)           0.544    -1.702    core_clk_raw
    BUFGCTRL_X0Y16       BUFG (Prop_bufg_I_O)         0.029    -1.673 r  u_core_clk_buf/O
                         net (fo=11093, routed)       0.834    -0.839    u_aes_gcm/u_tag_output_register/mem_reg_0_1_6_8/WCLK
    SLICE_X34Y141        RAMS32                                       r  u_aes_gcm/u_tag_output_register/mem_reg_0_1_6_8/RAMD/CLK
                         clock pessimism              0.275    -0.564    
    SLICE_X34Y141        RAMS32 (Hold_rams32_CLK_ADR0)
                                                      0.310    -0.254    u_aes_gcm/u_tag_output_register/mem_reg_0_1_6_8/RAMD
  -------------------------------------------------------------------
                         required time                          0.254    
                         arrival time                          -0.113    
  -------------------------------------------------------------------
                         slack                                  0.141    

Slack (MET) :             0.141ns  (arrival time - required time)
  Source:                 u_aes_gcm/u_tag_output_register/wr_ptr_reg[0]/C
                            (rising edge-triggered cell FDRE clocked by core_clk_raw  {rise@0.000ns fall@2.857ns period=5.714ns})
  Destination:            u_aes_gcm/u_tag_output_register/mem_reg_0_1_6_8/RAMD_D1/ADR0
                            (rising edge-triggered cell RAMS32 clocked by core_clk_raw  {rise@0.000ns fall@2.857ns period=5.714ns})
  Path Group:             core_clk_raw
  Path Type:              Hold (Min at Fast Process Corner)
  Requirement:            0.000ns  (core_clk_raw rise@0.000ns - core_clk_raw rise@0.000ns)
  Data Path Delay:        0.488ns  (logic 0.141ns (28.899%)  route 0.347ns (71.101%))
  Logic Levels:           0  
  Clock Path Skew:        0.037ns (DCD - SCD - CPR)
    Destination Clock Delay (DCD):    -0.839ns
    Source Clock Delay      (SCD):    -0.601ns
    Clock Pessimism Removal (CPR):    -0.275ns

    Location             Delay type                Incr(ns)  Path(ns)    Netlist Resource(s)
  -------------------------------------------------------------------    -------------------
                         (clock core_clk_raw rise edge)
                                                      0.000     0.000 r  
    E3                                                0.000     0.000 r  clk (IN)
                         net (fo=0)                   0.000     0.000    clk
    E3                   IBUF (Prop_ibuf_I_O)         0.250     0.250 r  clk_IBUF_inst/O
                         net (fo=1, routed)           0.440     0.690    clk_IBUF
    MMCME2_ADV_X1Y2      MMCME2_ADV (Prop_mmcme2_adv_CLKIN1_CLKOUT0)
                                                     -2.379    -1.689 r  u_mmcm/CLKOUT0
                         net (fo=1, routed)           0.499    -1.190    core_clk_raw
    BUFGCTRL_X0Y16       BUFG (Prop_bufg_I_O)         0.026    -1.164 r  u_core_clk_buf/O
                         net (fo=11093, routed)       0.563    -0.601    u_aes_gcm/u_tag_output_register/core_clk
    SLICE_X31Y138        FDRE                                         r  u_aes_gcm/u_tag_output_register/wr_ptr_reg[0]/C
  -------------------------------------------------------------------    -------------------
    SLICE_X31Y138        FDRE (Prop_fdre_C_Q)         0.141    -0.460 r  u_aes_gcm/u_tag_output_register/wr_ptr_reg[0]/Q
                         net (fo=17, routed)          0.347    -0.113    u_aes_gcm/u_tag_output_register/mem_reg_0_1_6_8/ADDRD0
    SLICE_X34Y141        RAMS32                                       r  u_aes_gcm/u_tag_output_register/mem_reg_0_1_6_8/RAMD_D1/ADR0
  -------------------------------------------------------------------    -------------------

                         (clock core_clk_raw rise edge)
                                                      0.000     0.000 r  
    E3                                                0.000     0.000 r  clk (IN)
                         net (fo=0)                   0.000     0.000    clk
    E3                   IBUF (Prop_ibuf_I_O)         0.438     0.438 r  clk_IBUF_inst/O
                         net (fo=1, routed)           0.480     0.918    clk_IBUF
    MMCME2_ADV_X1Y2      MMCME2_ADV (Prop_mmcme2_adv_CLKIN1_CLKOUT0)
                                                     -3.163    -2.245 r  u_mmcm/CLKOUT0
                         net (fo=1, routed)           0.544    -1.702    core_clk_raw
    BUFGCTRL_X0Y16       BUFG (Prop_bufg_I_O)         0.029    -1.673 r  u_core_clk_buf/O
                         net (fo=11093, routed)       0.834    -0.839    u_aes_gcm/u_tag_output_register/mem_reg_0_1_6_8/WCLK
    SLICE_X34Y141        RAMS32                                       r  u_aes_gcm/u_tag_output_register/mem_reg_0_1_6_8/RAMD_D1/CLK
                         clock pessimism              0.275    -0.564    
    SLICE_X34Y141        RAMS32 (Hold_rams32_CLK_ADR0)
                                                      0.310    -0.254    u_aes_gcm/u_tag_output_register/mem_reg_0_1_6_8/RAMD_D1
  -------------------------------------------------------------------
                         required time                          0.254    
                         arrival time                          -0.113    
  -------------------------------------------------------------------
                         slack                                  0.141    

Slack (MET) :             0.141ns  (arrival time - required time)
  Source:                 u_aes_gcm/u_core/u_ghash/x_work_r_reg[66]/C
                            (rising edge-triggered cell FDRE clocked by core_clk_raw  {rise@0.000ns fall@2.857ns period=5.714ns})
  Destination:            u_aes_gcm/u_core/u_ghash/x_work_r_reg[82]/D
                            (rising edge-triggered cell FDRE clocked by core_clk_raw  {rise@0.000ns fall@2.857ns period=5.714ns})
  Path Group:             core_clk_raw
  Path Type:              Hold (Min at Fast Process Corner)
  Requirement:            0.000ns  (core_clk_raw rise@0.000ns - core_clk_raw rise@0.000ns)
  Data Path Delay:        0.275ns  (logic 0.186ns (67.611%)  route 0.089ns (32.389%))
  Logic Levels:           1  (LUT5=1)
  Clock Path Skew:        0.013ns (DCD - SCD - CPR)
    Destination Clock Delay (DCD):    -0.848ns
    Source Clock Delay      (SCD):    -0.608ns
    Clock Pessimism Removal (CPR):    -0.253ns

    Location             Delay type                Incr(ns)  Path(ns)    Netlist Resource(s)
  -------------------------------------------------------------------    -------------------
                         (clock core_clk_raw rise edge)
                                                      0.000     0.000 r  
    E3                                                0.000     0.000 r  clk (IN)
                         net (fo=0)                   0.000     0.000    clk
    E3                   IBUF (Prop_ibuf_I_O)         0.250     0.250 r  clk_IBUF_inst/O
                         net (fo=1, routed)           0.440     0.690    clk_IBUF
    MMCME2_ADV_X1Y2      MMCME2_ADV (Prop_mmcme2_adv_CLKIN1_CLKOUT0)
                                                     -2.379    -1.689 r  u_mmcm/CLKOUT0
                         net (fo=1, routed)           0.499    -1.190    core_clk_raw
    BUFGCTRL_X0Y16       BUFG (Prop_bufg_I_O)         0.026    -1.164 r  u_core_clk_buf/O
                         net (fo=11093, routed)       0.556    -0.608    u_aes_gcm/u_core/u_ghash/core_clk
    SLICE_X31Y120        FDRE                                         r  u_aes_gcm/u_core/u_ghash/x_work_r_reg[66]/C
  -------------------------------------------------------------------    -------------------
    SLICE_X31Y120        FDRE (Prop_fdre_C_Q)         0.141    -0.467 r  u_aes_gcm/u_core/u_ghash/x_work_r_reg[66]/Q
                         net (fo=1, routed)           0.089    -0.378    u_aes_gcm/u_core/u_ghash/x_work_r_reg_n_0_[66]
    SLICE_X30Y120        LUT5 (Prop_lut5_I0_O)        0.045    -0.333 r  u_aes_gcm/u_core/u_ghash/x_work_r[82]_i_1/O
                         net (fo=1, routed)           0.000    -0.333    u_aes_gcm/u_core/u_ghash/x_work_r[82]_i_1_n_0
    SLICE_X30Y120        FDRE                                         r  u_aes_gcm/u_core/u_ghash/x_work_r_reg[82]/D
  -------------------------------------------------------------------    -------------------

                         (clock core_clk_raw rise edge)
                                                      0.000     0.000 r  
    E3                                                0.000     0.000 r  clk (IN)
                         net (fo=0)                   0.000     0.000    clk
    E3                   IBUF (Prop_ibuf_I_O)         0.438     0.438 r  clk_IBUF_inst/O
                         net (fo=1, routed)           0.480     0.918    clk_IBUF
    MMCME2_ADV_X1Y2      MMCME2_ADV (Prop_mmcme2_adv_CLKIN1_CLKOUT0)
                                                     -3.163    -2.245 r  u_mmcm/CLKOUT0
                         net (fo=1, routed)           0.544    -1.702    core_clk_raw
    BUFGCTRL_X0Y16       BUFG (Prop_bufg_I_O)         0.029    -1.673 r  u_core_clk_buf/O
                         net (fo=11093, routed)       0.825    -0.848    u_aes_gcm/u_core/u_ghash/core_clk
    SLICE_X30Y120        FDRE                                         r  u_aes_gcm/u_core/u_ghash/x_work_r_reg[82]/C
                         clock pessimism              0.253    -0.595    
    SLICE_X30Y120        FDRE (Hold_fdre_C_D)         0.121    -0.474    u_aes_gcm/u_core/u_ghash/x_work_r_reg[82]
  -------------------------------------------------------------------
                         required time                          0.474    
                         arrival time                          -0.333    
  -------------------------------------------------------------------
                         slack                                  0.141    

Slack (MET) :             0.141ns  (arrival time - required time)
  Source:                 u_aes_gcm/u_registers/data_len_bits_o_reg[0]/C
                            (rising edge-triggered cell FDRE clocked by core_clk_raw  {rise@0.000ns fall@2.857ns period=5.714ns})
  Destination:            u_aes_gcm/u_core/u_desc_fifo/mem_reg_0_1_0_5/RAMA/I
                            (rising edge-triggered cell RAMD32 clocked by core_clk_raw  {rise@0.000ns fall@2.857ns period=5.714ns})
  Path Group:             core_clk_raw
  Path Type:              Hold (Min at Fast Process Corner)
  Requirement:            0.000ns  (core_clk_raw rise@0.000ns - core_clk_raw rise@0.000ns)
  Data Path Delay:        0.325ns  (logic 0.141ns (43.346%)  route 0.184ns (56.654%))
  Logic Levels:           0  
  Clock Path Skew:        0.037ns (DCD - SCD - CPR)
    Destination Clock Delay (DCD):    -0.841ns
    Source Clock Delay      (SCD):    -0.603ns
    Clock Pessimism Removal (CPR):    -0.275ns

    Location             Delay type                Incr(ns)  Path(ns)    Netlist Resource(s)
  -------------------------------------------------------------------    -------------------
                         (clock core_clk_raw rise edge)
                                                      0.000     0.000 r  
    E3                                                0.000     0.000 r  clk (IN)
                         net (fo=0)                   0.000     0.000    clk
    E3                   IBUF (Prop_ibuf_I_O)         0.250     0.250 r  clk_IBUF_inst/O
                         net (fo=1, routed)           0.440     0.690    clk_IBUF
    MMCME2_ADV_X1Y2      MMCME2_ADV (Prop_mmcme2_adv_CLKIN1_CLKOUT0)
                                                     -2.379    -1.689 r  u_mmcm/CLKOUT0
                         net (fo=1, routed)           0.499    -1.190    core_clk_raw
    BUFGCTRL_X0Y16       BUFG (Prop_bufg_I_O)         0.026    -1.164 r  u_core_clk_buf/O
                         net (fo=11093, routed)       0.561    -0.603    u_aes_gcm/u_registers/core_clk
    SLICE_X63Y140        FDRE                                         r  u_aes_gcm/u_registers/data_len_bits_o_reg[0]/C
  -------------------------------------------------------------------    -------------------
    SLICE_X63Y140        FDRE (Prop_fdre_C_Q)         0.141    -0.462 r  u_aes_gcm/u_registers/data_len_bits_o_reg[0]/Q
                         net (fo=2, routed)           0.184    -0.278    u_aes_gcm/u_core/u_desc_fifo/mem_reg_0_1_0_5/DIA0
    SLICE_X66Y139        RAMD32                                       r  u_aes_gcm/u_core/u_desc_fifo/mem_reg_0_1_0_5/RAMA/I
  -------------------------------------------------------------------    -------------------

                         (clock core_clk_raw rise edge)
                                                      0.000     0.000 r  
    E3                                                0.000     0.000 r  clk (IN)
                         net (fo=0)                   0.000     0.000    clk
    E3                   IBUF (Prop_ibuf_I_O)         0.438     0.438 r  clk_IBUF_inst/O
                         net (fo=1, routed)           0.480     0.918    clk_IBUF
    MMCME2_ADV_X1Y2      MMCME2_ADV (Prop_mmcme2_adv_CLKIN1_CLKOUT0)
                                                     -3.163    -2.245 r  u_mmcm/CLKOUT0
                         net (fo=1, routed)           0.544    -1.702    core_clk_raw
    BUFGCTRL_X0Y16       BUFG (Prop_bufg_I_O)         0.029    -1.673 r  u_core_clk_buf/O
                         net (fo=11093, routed)       0.832    -0.841    u_aes_gcm/u_core/u_desc_fifo/mem_reg_0_1_0_5/WCLK
    SLICE_X66Y139        RAMD32                                       r  u_aes_gcm/u_core/u_desc_fifo/mem_reg_0_1_0_5/RAMA/CLK
                         clock pessimism              0.275    -0.566    
    SLICE_X66Y139        RAMD32 (Hold_ramd32_CLK_I)
                                                      0.147    -0.419    u_aes_gcm/u_core/u_desc_fifo/mem_reg_0_1_0_5/RAMA
  -------------------------------------------------------------------
                         required time                          0.419    
                         arrival time                          -0.278    
  -------------------------------------------------------------------
                         slack                                  0.141    

Slack (MET) :             0.141ns  (arrival time - required time)
  Source:                 u_aes_gcm/u_core/u_key_context/window_w3_r_reg[2]/C
                            (rising edge-triggered cell FDRE clocked by core_clk_raw  {rise@0.000ns fall@2.857ns period=5.714ns})
  Destination:            u_aes_gcm/u_core/u_key_context/window_w2_r_reg[2]/D
                            (rising edge-triggered cell FDRE clocked by core_clk_raw  {rise@0.000ns fall@2.857ns period=5.714ns})
  Path Group:             core_clk_raw
  Path Type:              Hold (Min at Fast Process Corner)
  Requirement:            0.000ns  (core_clk_raw rise@0.000ns - core_clk_raw rise@0.000ns)
  Data Path Delay:        0.417ns  (logic 0.209ns (50.145%)  route 0.208ns (49.855%))
  Logic Levels:           1  (LUT5=1)
  Clock Path Skew:        0.183ns (DCD - SCD - CPR)
    Destination Clock Delay (DCD):    -0.832ns
    Source Clock Delay      (SCD):    -0.512ns
    Clock Pessimism Removal (CPR):    -0.504ns

    Location             Delay type                Incr(ns)  Path(ns)    Netlist Resource(s)
  -------------------------------------------------------------------    -------------------
                         (clock core_clk_raw rise edge)
                                                      0.000     0.000 r  
    E3                                                0.000     0.000 r  clk (IN)
                         net (fo=0)                   0.000     0.000    clk
    E3                   IBUF (Prop_ibuf_I_O)         0.250     0.250 r  clk_IBUF_inst/O
                         net (fo=1, routed)           0.440     0.690    clk_IBUF
    MMCME2_ADV_X1Y2      MMCME2_ADV (Prop_mmcme2_adv_CLKIN1_CLKOUT0)
                                                     -2.379    -1.689 r  u_mmcm/CLKOUT0
                         net (fo=1, routed)           0.499    -1.190    core_clk_raw
    BUFGCTRL_X0Y16       BUFG (Prop_bufg_I_O)         0.026    -1.164 r  u_core_clk_buf/O
                         net (fo=11093, routed)       0.652    -0.512    u_aes_gcm/u_core/u_key_context/core_clk
    SLICE_X8Y150         FDRE                                         r  u_aes_gcm/u_core/u_key_context/window_w3_r_reg[2]/C
  -------------------------------------------------------------------    -------------------
    SLICE_X8Y150         FDRE (Prop_fdre_C_Q)         0.164    -0.348 r  u_aes_gcm/u_core/u_key_context/window_w3_r_reg[2]/Q
                         net (fo=2, routed)           0.208    -0.140    u_aes_gcm/u_core/u_key_context/window_w3_r[2]
    SLICE_X9Y148         LUT5 (Prop_lut5_I2_O)        0.045    -0.095 r  u_aes_gcm/u_core/u_key_context/window_w2_r[2]_i_1/O
                         net (fo=1, routed)           0.000    -0.095    u_aes_gcm/u_core/u_key_context/window_w2_r[2]_i_1_n_0
    SLICE_X9Y148         FDRE                                         r  u_aes_gcm/u_core/u_key_context/window_w2_r_reg[2]/D
  -------------------------------------------------------------------    -------------------

                         (clock core_clk_raw rise edge)
                                                      0.000     0.000 r  
    E3                                                0.000     0.000 r  clk (IN)
                         net (fo=0)                   0.000     0.000    clk
    E3                   IBUF (Prop_ibuf_I_O)         0.438     0.438 r  clk_IBUF_inst/O
                         net (fo=1, routed)           0.480     0.918    clk_IBUF
    MMCME2_ADV_X1Y2      MMCME2_ADV (Prop_mmcme2_adv_CLKIN1_CLKOUT0)
                                                     -3.163    -2.245 r  u_mmcm/CLKOUT0
                         net (fo=1, routed)           0.544    -1.702    core_clk_raw
    BUFGCTRL_X0Y16       BUFG (Prop_bufg_I_O)         0.029    -1.673 r  u_core_clk_buf/O
                         net (fo=11093, routed)       0.841    -0.832    u_aes_gcm/u_core/u_key_context/core_clk
    SLICE_X9Y148         FDRE                                         r  u_aes_gcm/u_core/u_key_context/window_w2_r_reg[2]/C
                         clock pessimism              0.504    -0.328    
    SLICE_X9Y148         FDRE (Hold_fdre_C_D)         0.092    -0.236    u_aes_gcm/u_core/u_key_context/window_w2_r_reg[2]
  -------------------------------------------------------------------
                         required time                          0.236    
                         arrival time                          -0.095    
  -------------------------------------------------------------------
                         slack                                  0.141    

Slack (MET) :             0.141ns  (arrival time - required time)
  Source:                 u_aes_gcm/u_registers/aad_len_bits_o_reg[7]/C
                            (rising edge-triggered cell FDRE clocked by core_clk_raw  {rise@0.000ns fall@2.857ns period=5.714ns})
  Destination:            u_aes_gcm/u_core/u_desc_fifo/mem_reg_0_1_18_23/RAMA/I
                            (rising edge-triggered cell RAMD32 clocked by core_clk_raw  {rise@0.000ns fall@2.857ns period=5.714ns})
  Path Group:             core_clk_raw
  Path Type:              Hold (Min at Fast Process Corner)
  Requirement:            0.000ns  (core_clk_raw rise@0.000ns - core_clk_raw rise@0.000ns)
  Data Path Delay:        0.250ns  (logic 0.128ns (51.112%)  route 0.122ns (48.888%))
  Logic Levels:           0  
  Clock Path Skew:        0.015ns (DCD - SCD - CPR)
    Destination Clock Delay (DCD):    -0.844ns
    Source Clock Delay      (SCD):    -0.605ns
    Clock Pessimism Removal (CPR):    -0.254ns

    Location             Delay type                Incr(ns)  Path(ns)    Netlist Resource(s)
  -------------------------------------------------------------------    -------------------
                         (clock core_clk_raw rise edge)
                                                      0.000     0.000 r  
    E3                                                0.000     0.000 r  clk (IN)
                         net (fo=0)                   0.000     0.000    clk
    E3                   IBUF (Prop_ibuf_I_O)         0.250     0.250 r  clk_IBUF_inst/O
                         net (fo=1, routed)           0.440     0.690    clk_IBUF
    MMCME2_ADV_X1Y2      MMCME2_ADV (Prop_mmcme2_adv_CLKIN1_CLKOUT0)
                                                     -2.379    -1.689 r  u_mmcm/CLKOUT0
                         net (fo=1, routed)           0.499    -1.190    core_clk_raw
    BUFGCTRL_X0Y16       BUFG (Prop_bufg_I_O)         0.026    -1.164 r  u_core_clk_buf/O
                         net (fo=11093, routed)       0.559    -0.605    u_aes_gcm/u_registers/core_clk
    SLICE_X59Y140        FDRE                                         r  u_aes_gcm/u_registers/aad_len_bits_o_reg[7]/C
  -------------------------------------------------------------------    -------------------
    SLICE_X59Y140        FDRE (Prop_fdre_C_Q)         0.128    -0.477 r  u_aes_gcm/u_registers/aad_len_bits_o_reg[7]/Q
                         net (fo=2, routed)           0.122    -0.355    u_aes_gcm/u_core/u_desc_fifo/mem_reg_0_1_18_23/DIA0
    SLICE_X58Y139        RAMD32                                       r  u_aes_gcm/u_core/u_desc_fifo/mem_reg_0_1_18_23/RAMA/I
  -------------------------------------------------------------------    -------------------

                         (clock core_clk_raw rise edge)
                                                      0.000     0.000 r  
    E3                                                0.000     0.000 r  clk (IN)
                         net (fo=0)                   0.000     0.000    clk
    E3                   IBUF (Prop_ibuf_I_O)         0.438     0.438 r  clk_IBUF_inst/O
                         net (fo=1, routed)           0.480     0.918    clk_IBUF
    MMCME2_ADV_X1Y2      MMCME2_ADV (Prop_mmcme2_adv_CLKIN1_CLKOUT0)
                                                     -3.163    -2.245 r  u_mmcm/CLKOUT0
                         net (fo=1, routed)           0.544    -1.702    core_clk_raw
    BUFGCTRL_X0Y16       BUFG (Prop_bufg_I_O)         0.029    -1.673 r  u_core_clk_buf/O
                         net (fo=11093, routed)       0.829    -0.844    u_aes_gcm/u_core/u_desc_fifo/mem_reg_0_1_18_23/WCLK
    SLICE_X58Y139        RAMD32                                       r  u_aes_gcm/u_core/u_desc_fifo/mem_reg_0_1_18_23/RAMA/CLK
                         clock pessimism              0.254    -0.590    
    SLICE_X58Y139        RAMD32 (Hold_ramd32_CLK_I)
                                                      0.094    -0.496    u_aes_gcm/u_core/u_desc_fifo/mem_reg_0_1_18_23/RAMA
  -------------------------------------------------------------------
                         required time                          0.496    
                         arrival time                          -0.355    
  -------------------------------------------------------------------
                         slack                                  0.141    

Slack (MET) :             0.142ns  (arrival time - required time)
  Source:                 u_aes_gcm/u_core/tag_prod_data_reg[38]/C
                            (rising edge-triggered cell FDRE clocked by core_clk_raw  {rise@0.000ns fall@2.857ns period=5.714ns})
  Destination:            u_aes_gcm/u_core/u_tag_packet_fifo/mem_reg_0_1_36_41/RAMB/I
                            (rising edge-triggered cell RAMD32 clocked by core_clk_raw  {rise@0.000ns fall@2.857ns period=5.714ns})
  Path Group:             core_clk_raw
  Path Type:              Hold (Min at Fast Process Corner)
  Requirement:            0.000ns  (core_clk_raw rise@0.000ns - core_clk_raw rise@0.000ns)
  Data Path Delay:        0.323ns  (logic 0.141ns (43.671%)  route 0.182ns (56.329%))
  Logic Levels:           0  
  Clock Path Skew:        0.035ns (DCD - SCD - CPR)
    Destination Clock Delay (DCD):    -0.848ns
    Source Clock Delay      (SCD):    -0.608ns
    Clock Pessimism Removal (CPR):    -0.275ns

    Location             Delay type                Incr(ns)  Path(ns)    Netlist Resource(s)
  -------------------------------------------------------------------    -------------------
                         (clock core_clk_raw rise edge)
                                                      0.000     0.000 r  
    E3                                                0.000     0.000 r  clk (IN)
                         net (fo=0)                   0.000     0.000    clk
    E3                   IBUF (Prop_ibuf_I_O)         0.250     0.250 r  clk_IBUF_inst/O
                         net (fo=1, routed)           0.440     0.690    clk_IBUF
    MMCME2_ADV_X1Y2      MMCME2_ADV (Prop_mmcme2_adv_CLKIN1_CLKOUT0)
                                                     -2.379    -1.689 r  u_mmcm/CLKOUT0
                         net (fo=1, routed)           0.499    -1.190    core_clk_raw
    BUFGCTRL_X0Y16       BUFG (Prop_bufg_I_O)         0.026    -1.164 r  u_core_clk_buf/O
                         net (fo=11093, routed)       0.556    -0.608    u_aes_gcm/u_core/core_clk
    SLICE_X28Y127        FDRE                                         r  u_aes_gcm/u_core/tag_prod_data_reg[38]/C
  -------------------------------------------------------------------    -------------------
    SLICE_X28Y127        FDRE (Prop_fdre_C_Q)         0.141    -0.467 r  u_aes_gcm/u_core/tag_prod_data_reg[38]/Q
                         net (fo=2, routed)           0.182    -0.285    u_aes_gcm/u_core/u_tag_packet_fifo/mem_reg_0_1_36_41/DIB0
    SLICE_X30Y129        RAMD32                                       r  u_aes_gcm/u_core/u_tag_packet_fifo/mem_reg_0_1_36_41/RAMB/I
  -------------------------------------------------------------------    -------------------

                         (clock core_clk_raw rise edge)
                                                      0.000     0.000 r  
    E3                                                0.000     0.000 r  clk (IN)
                         net (fo=0)                   0.000     0.000    clk
    E3                   IBUF (Prop_ibuf_I_O)         0.438     0.438 r  clk_IBUF_inst/O
                         net (fo=1, routed)           0.480     0.918    clk_IBUF
    MMCME2_ADV_X1Y2      MMCME2_ADV (Prop_mmcme2_adv_CLKIN1_CLKOUT0)
                                                     -3.163    -2.245 r  u_mmcm/CLKOUT0
                         net (fo=1, routed)           0.544    -1.702    core_clk_raw
    BUFGCTRL_X0Y16       BUFG (Prop_bufg_I_O)         0.029    -1.673 r  u_core_clk_buf/O
                         net (fo=11093, routed)       0.825    -0.848    u_aes_gcm/u_core/u_tag_packet_fifo/mem_reg_0_1_36_41/WCLK
    SLICE_X30Y129        RAMD32                                       r  u_aes_gcm/u_core/u_tag_packet_fifo/mem_reg_0_1_36_41/RAMB/CLK
                         clock pessimism              0.275    -0.573    
    SLICE_X30Y129        RAMD32 (Hold_ramd32_CLK_I)
                                                      0.146    -0.427    u_aes_gcm/u_core/u_tag_packet_fifo/mem_reg_0_1_36_41/RAMB
  -------------------------------------------------------------------
                         required time                          0.427    
                         arrival time                          -0.285    
  -------------------------------------------------------------------
                         slack                                  0.142    

Slack (MET) :             0.142ns  (arrival time - required time)
  Source:                 u_aes_gcm/u_core/aes_meta_stage_data_r_reg[6]/C
                            (rising edge-triggered cell FDRE clocked by core_clk_raw  {rise@0.000ns fall@2.857ns period=5.714ns})
  Destination:            u_aes_gcm/u_core/u_aes_meta_fifo/mem_reg_0_3_6_11/RAMA/I
                            (rising edge-triggered cell RAMD32 clocked by core_clk_raw  {rise@0.000ns fall@2.857ns period=5.714ns})
  Path Group:             core_clk_raw
  Path Type:              Hold (Min at Fast Process Corner)
  Requirement:            0.000ns  (core_clk_raw rise@0.000ns - core_clk_raw rise@0.000ns)
  Data Path Delay:        0.325ns  (logic 0.141ns (43.326%)  route 0.184ns (56.674%))
  Logic Levels:           0  
  Clock Path Skew:        0.036ns (DCD - SCD - CPR)
    Destination Clock Delay (DCD):    -0.839ns
    Source Clock Delay      (SCD):    -0.600ns
    Clock Pessimism Removal (CPR):    -0.275ns

    Location             Delay type                Incr(ns)  Path(ns)    Netlist Resource(s)
  -------------------------------------------------------------------    -------------------
                         (clock core_clk_raw rise edge)
                                                      0.000     0.000 r  
    E3                                                0.000     0.000 r  clk (IN)
                         net (fo=0)                   0.000     0.000    clk
    E3                   IBUF (Prop_ibuf_I_O)         0.250     0.250 r  clk_IBUF_inst/O
                         net (fo=1, routed)           0.440     0.690    clk_IBUF
    MMCME2_ADV_X1Y2      MMCME2_ADV (Prop_mmcme2_adv_CLKIN1_CLKOUT0)
                                                     -2.379    -1.689 r  u_mmcm/CLKOUT0
                         net (fo=1, routed)           0.499    -1.190    core_clk_raw
    BUFGCTRL_X0Y16       BUFG (Prop_bufg_I_O)         0.026    -1.164 r  u_core_clk_buf/O
                         net (fo=11093, routed)       0.564    -0.600    u_aes_gcm/u_core/core_clk
    SLICE_X32Y140        FDRE                                         r  u_aes_gcm/u_core/aes_meta_stage_data_r_reg[6]/C
  -------------------------------------------------------------------    -------------------
    SLICE_X32Y140        FDRE (Prop_fdre_C_Q)         0.141    -0.459 r  u_aes_gcm/u_core/aes_meta_stage_data_r_reg[6]/Q
                         net (fo=2, routed)           0.184    -0.275    u_aes_gcm/u_core/u_aes_meta_fifo/mem_reg_0_3_6_11/DIA0
    SLICE_X34Y140        RAMD32                                       r  u_aes_gcm/u_core/u_aes_meta_fifo/mem_reg_0_3_6_11/RAMA/I
  -------------------------------------------------------------------    -------------------

                         (clock core_clk_raw rise edge)
                                                      0.000     0.000 r  
    E3                                                0.000     0.000 r  clk (IN)
                         net (fo=0)                   0.000     0.000    clk
    E3                   IBUF (Prop_ibuf_I_O)         0.438     0.438 r  clk_IBUF_inst/O
                         net (fo=1, routed)           0.480     0.918    clk_IBUF
    MMCME2_ADV_X1Y2      MMCME2_ADV (Prop_mmcme2_adv_CLKIN1_CLKOUT0)
                                                     -3.163    -2.245 r  u_mmcm/CLKOUT0
                         net (fo=1, routed)           0.544    -1.702    core_clk_raw
    BUFGCTRL_X0Y16       BUFG (Prop_bufg_I_O)         0.029    -1.673 r  u_core_clk_buf/O
                         net (fo=11093, routed)       0.834    -0.839    u_aes_gcm/u_core/u_aes_meta_fifo/mem_reg_0_3_6_11/WCLK
    SLICE_X34Y140        RAMD32                                       r  u_aes_gcm/u_core/u_aes_meta_fifo/mem_reg_0_3_6_11/RAMA/CLK
                         clock pessimism              0.275    -0.564    
    SLICE_X34Y140        RAMD32 (Hold_ramd32_CLK_I)
                                                      0.147    -0.417    u_aes_gcm/u_core/u_aes_meta_fifo/mem_reg_0_3_6_11/RAMA
  -------------------------------------------------------------------
                         required time                          0.417    
                         arrival time                          -0.275    
  -------------------------------------------------------------------
                         slack                                  0.142    

Slack (MET) :             0.143ns  (arrival time - required time)
  Source:                 u_aes_gcm/u_core/ct_prod_data_reg[105]/C
                            (rising edge-triggered cell FDRE clocked by core_clk_raw  {rise@0.000ns fall@2.857ns period=5.714ns})
  Destination:            u_aes_gcm/u_core/u_ciphertext_fifo/out_data_q_reg[105]/D
                            (rising edge-triggered cell FDRE clocked by core_clk_raw  {rise@0.000ns fall@2.857ns period=5.714ns})
  Path Group:             core_clk_raw
  Path Type:              Hold (Min at Fast Process Corner)
  Requirement:            0.000ns  (core_clk_raw rise@0.000ns - core_clk_raw rise@0.000ns)
  Data Path Delay:        0.497ns  (logic 0.186ns (37.442%)  route 0.311ns (62.558%))
  Logic Levels:           1  (LUT4=1)
  Clock Path Skew:        0.263ns (DCD - SCD - CPR)
    Destination Clock Delay (DCD):    -0.857ns
    Source Clock Delay      (SCD):    -0.616ns
    Clock Pessimism Removal (CPR):    -0.504ns

    Location             Delay type                Incr(ns)  Path(ns)    Netlist Resource(s)
  -------------------------------------------------------------------    -------------------
                         (clock core_clk_raw rise edge)
                                                      0.000     0.000 r  
    E3                                                0.000     0.000 r  clk (IN)
                         net (fo=0)                   0.000     0.000    clk
    E3                   IBUF (Prop_ibuf_I_O)         0.250     0.250 r  clk_IBUF_inst/O
                         net (fo=1, routed)           0.440     0.690    clk_IBUF
    MMCME2_ADV_X1Y2      MMCME2_ADV (Prop_mmcme2_adv_CLKIN1_CLKOUT0)
                                                     -2.379    -1.689 r  u_mmcm/CLKOUT0
                         net (fo=1, routed)           0.499    -1.190    core_clk_raw
    BUFGCTRL_X0Y16       BUFG (Prop_bufg_I_O)         0.026    -1.164 r  u_core_clk_buf/O
                         net (fo=11093, routed)       0.548    -0.616    u_aes_gcm/u_core/core_clk
    SLICE_X52Y122        FDRE                                         r  u_aes_gcm/u_core/ct_prod_data_reg[105]/C
  -------------------------------------------------------------------    -------------------
    SLICE_X52Y122        FDRE (Prop_fdre_C_Q)         0.141    -0.475 r  u_aes_gcm/u_core/ct_prod_data_reg[105]/Q
                         net (fo=3, routed)           0.311    -0.164    u_aes_gcm/u_core/u_ciphertext_fifo/ct_prod_data[105]
    SLICE_X47Y123        LUT4 (Prop_lut4_I3_O)        0.045    -0.119 r  u_aes_gcm/u_core/u_ciphertext_fifo/out_data_q[105]_i_1__1/O
                         net (fo=1, routed)           0.000    -0.119    u_aes_gcm/u_core/u_ciphertext_fifo/out_data_q[105]_i_1__1_n_0
    SLICE_X47Y123        FDRE                                         r  u_aes_gcm/u_core/u_ciphertext_fifo/out_data_q_reg[105]/D
  -------------------------------------------------------------------    -------------------

                         (clock core_clk_raw rise edge)
                                                      0.000     0.000 r  
    E3                                                0.000     0.000 r  clk (IN)
                         net (fo=0)                   0.000     0.000    clk
    E3                   IBUF (Prop_ibuf_I_O)         0.438     0.438 r  clk_IBUF_inst/O
                         net (fo=1, routed)           0.480     0.918    clk_IBUF
    MMCME2_ADV_X1Y2      MMCME2_ADV (Prop_mmcme2_adv_CLKIN1_CLKOUT0)
                                                     -3.163    -2.245 r  u_mmcm/CLKOUT0
                         net (fo=1, routed)           0.544    -1.702    core_clk_raw
    BUFGCTRL_X0Y16       BUFG (Prop_bufg_I_O)         0.029    -1.673 r  u_core_clk_buf/O
                         net (fo=11093, routed)       0.816    -0.857    u_aes_gcm/u_core/u_ciphertext_fifo/core_clk
    SLICE_X47Y123        FDRE                                         r  u_aes_gcm/u_core/u_ciphertext_fifo/out_data_q_reg[105]/C
                         clock pessimism              0.504    -0.353    
    SLICE_X47Y123        FDRE (Hold_fdre_C_D)         0.091    -0.262    u_aes_gcm/u_core/u_ciphertext_fifo/out_data_q_reg[105]
  -------------------------------------------------------------------
                         required time                          0.262    
                         arrival time                          -0.119    
  -------------------------------------------------------------------
                         slack                                  0.143    

Slack (MET) :             0.143ns  (arrival time - required time)
  Source:                 u_aes_gcm/u_core/u_ghash/h_r_reg[26]/C
                            (rising edge-triggered cell FDRE clocked by core_clk_raw  {rise@0.000ns fall@2.857ns period=5.714ns})
  Destination:            u_aes_gcm/u_core/u_ghash/v_work_r_reg[26]/D
                            (rising edge-triggered cell FDRE clocked by core_clk_raw  {rise@0.000ns fall@2.857ns period=5.714ns})
  Path Group:             core_clk_raw
  Path Type:              Hold (Min at Fast Process Corner)
  Requirement:            0.000ns  (core_clk_raw rise@0.000ns - core_clk_raw rise@0.000ns)
  Data Path Delay:        0.248ns  (logic 0.186ns (74.990%)  route 0.062ns (25.010%))
  Logic Levels:           1  (LUT5=1)
  Clock Path Skew:        0.013ns (DCD - SCD - CPR)
    Destination Clock Delay (DCD):    -0.844ns
    Source Clock Delay      (SCD):    -0.604ns
    Clock Pessimism Removal (CPR):    -0.253ns

    Location             Delay type                Incr(ns)  Path(ns)    Netlist Resource(s)
  -------------------------------------------------------------------    -------------------
                         (clock core_clk_raw rise edge)
                                                      0.000     0.000 r  
    E3                                                0.000     0.000 r  clk (IN)
                         net (fo=0)                   0.000     0.000    clk
    E3                   IBUF (Prop_ibuf_I_O)         0.250     0.250 r  clk_IBUF_inst/O
                         net (fo=1, routed)           0.440     0.690    clk_IBUF
    MMCME2_ADV_X1Y2      MMCME2_ADV (Prop_mmcme2_adv_CLKIN1_CLKOUT0)
                                                     -2.379    -1.689 r  u_mmcm/CLKOUT0
                         net (fo=1, routed)           0.499    -1.190    core_clk_raw
    BUFGCTRL_X0Y16       BUFG (Prop_bufg_I_O)         0.026    -1.164 r  u_core_clk_buf/O
                         net (fo=11093, routed)       0.560    -0.604    u_aes_gcm/u_core/u_ghash/core_clk
    SLICE_X36Y115        FDRE                                         r  u_aes_gcm/u_core/u_ghash/h_r_reg[26]/C
  -------------------------------------------------------------------    -------------------
    SLICE_X36Y115        FDRE (Prop_fdre_C_Q)         0.141    -0.463 r  u_aes_gcm/u_core/u_ghash/h_r_reg[26]/Q
                         net (fo=2, routed)           0.062    -0.401    u_aes_gcm/u_core/u_ghash/h_r_reg_n_0_[26]
    SLICE_X37Y115        LUT5 (Prop_lut5_I3_O)        0.045    -0.356 r  u_aes_gcm/u_core/u_ghash/v_work_r[26]_i_1/O
                         net (fo=1, routed)           0.000    -0.356    u_aes_gcm/u_core/u_ghash/v_work_r[26]_i_1_n_0
    SLICE_X37Y115        FDRE                                         r  u_aes_gcm/u_core/u_ghash/v_work_r_reg[26]/D
  -------------------------------------------------------------------    -------------------

                         (clock core_clk_raw rise edge)
                                                      0.000     0.000 r  
    E3                                                0.000     0.000 r  clk (IN)
                         net (fo=0)                   0.000     0.000    clk
    E3                   IBUF (Prop_ibuf_I_O)         0.438     0.438 r  clk_IBUF_inst/O
                         net (fo=1, routed)           0.480     0.918    clk_IBUF
    MMCME2_ADV_X1Y2      MMCME2_ADV (Prop_mmcme2_adv_CLKIN1_CLKOUT0)
                                                     -3.163    -2.245 r  u_mmcm/CLKOUT0
                         net (fo=1, routed)           0.544    -1.702    core_clk_raw
    BUFGCTRL_X0Y16       BUFG (Prop_bufg_I_O)         0.029    -1.673 r  u_core_clk_buf/O
                         net (fo=11093, routed)       0.829    -0.844    u_aes_gcm/u_core/u_ghash/core_clk
    SLICE_X37Y115        FDRE                                         r  u_aes_gcm/u_core/u_ghash/v_work_r_reg[26]/C
                         clock pessimism              0.253    -0.591    
    SLICE_X37Y115        FDRE (Hold_fdre_C_D)         0.092    -0.499    u_aes_gcm/u_core/u_ghash/v_work_r_reg[26]
  -------------------------------------------------------------------
                         required time                          0.499    
                         arrival time                          -0.356    
  -------------------------------------------------------------------
                         slack                                  0.143    

Slack (MET) :             0.143ns  (arrival time - required time)
  Source:                 u_aes_gcm/u_core/u_key_context/window_w3_r_reg[27]/C
                            (rising edge-triggered cell FDRE clocked by core_clk_raw  {rise@0.000ns fall@2.857ns period=5.714ns})
  Destination:            u_aes_gcm/u_core/u_key_context/window_w2_r_reg[27]/D
                            (rising edge-triggered cell FDRE clocked by core_clk_raw  {rise@0.000ns fall@2.857ns period=5.714ns})
  Path Group:             core_clk_raw
  Path Type:              Hold (Min at Fast Process Corner)
  Requirement:            0.000ns  (core_clk_raw rise@0.000ns - core_clk_raw rise@0.000ns)
  Data Path Delay:        0.418ns  (logic 0.209ns (50.051%)  route 0.209ns (49.949%))
  Logic Levels:           1  (LUT5=1)
  Clock Path Skew:        0.182ns (DCD - SCD - CPR)
    Destination Clock Delay (DCD):    -0.804ns
    Source Clock Delay      (SCD):    -0.483ns
    Clock Pessimism Removal (CPR):    -0.504ns

    Location             Delay type                Incr(ns)  Path(ns)    Netlist Resource(s)
  -------------------------------------------------------------------    -------------------
                         (clock core_clk_raw rise edge)
                                                      0.000     0.000 r  
    E3                                                0.000     0.000 r  clk (IN)
                         net (fo=0)                   0.000     0.000    clk
    E3                   IBUF (Prop_ibuf_I_O)         0.250     0.250 r  clk_IBUF_inst/O
                         net (fo=1, routed)           0.440     0.690    clk_IBUF
    MMCME2_ADV_X1Y2      MMCME2_ADV (Prop_mmcme2_adv_CLKIN1_CLKOUT0)
                                                     -2.379    -1.689 r  u_mmcm/CLKOUT0
                         net (fo=1, routed)           0.499    -1.190    core_clk_raw
    BUFGCTRL_X0Y16       BUFG (Prop_bufg_I_O)         0.026    -1.164 r  u_core_clk_buf/O
                         net (fo=11093, routed)       0.681    -0.483    u_aes_gcm/u_core/u_key_context/core_clk
    SLICE_X2Y150         FDRE                                         r  u_aes_gcm/u_core/u_key_context/window_w3_r_reg[27]/C
  -------------------------------------------------------------------    -------------------
    SLICE_X2Y150         FDRE (Prop_fdre_C_Q)         0.164    -0.319 r  u_aes_gcm/u_core/u_key_context/window_w3_r_reg[27]/Q
                         net (fo=2, routed)           0.209    -0.110    u_aes_gcm/u_core/u_key_context/window_w3_r[27]
    SLICE_X4Y149         LUT5 (Prop_lut5_I2_O)        0.045    -0.065 r  u_aes_gcm/u_core/u_key_context/window_w2_r[27]_i_1/O
                         net (fo=1, routed)           0.000    -0.065    u_aes_gcm/u_core/u_key_context/window_w2_r[27]_i_1_n_0
    SLICE_X4Y149         FDRE                                         r  u_aes_gcm/u_core/u_key_context/window_w2_r_reg[27]/D
  -------------------------------------------------------------------    -------------------

                         (clock core_clk_raw rise edge)
                                                      0.000     0.000 r  
    E3                                                0.000     0.000 r  clk (IN)
                         net (fo=0)                   0.000     0.000    clk
    E3                   IBUF (Prop_ibuf_I_O)         0.438     0.438 r  clk_IBUF_inst/O
                         net (fo=1, routed)           0.480     0.918    clk_IBUF
    MMCME2_ADV_X1Y2      MMCME2_ADV (Prop_mmcme2_adv_CLKIN1_CLKOUT0)
                                                     -3.163    -2.245 r  u_mmcm/CLKOUT0
                         net (fo=1, routed)           0.544    -1.702    core_clk_raw
    BUFGCTRL_X0Y16       BUFG (Prop_bufg_I_O)         0.029    -1.673 r  u_core_clk_buf/O
                         net (fo=11093, routed)       0.868    -0.804    u_aes_gcm/u_core/u_key_context/core_clk
    SLICE_X4Y149         FDRE                                         r  u_aes_gcm/u_core/u_key_context/window_w2_r_reg[27]/C
                         clock pessimism              0.504    -0.300    
    SLICE_X4Y149         FDRE (Hold_fdre_C_D)         0.092    -0.208    u_aes_gcm/u_core/u_key_context/window_w2_r_reg[27]
  -------------------------------------------------------------------
                         required time                          0.208    
                         arrival time                          -0.065    
  -------------------------------------------------------------------
                         slack                                  0.143    

Slack (MET) :             0.143ns  (arrival time - required time)
  Source:                 u_aes_gcm/u_core/ct_prod_data_reg[38]/C
                            (rising edge-triggered cell FDRE clocked by core_clk_raw  {rise@0.000ns fall@2.857ns period=5.714ns})
  Destination:            u_aes_gcm/u_core/u_ciphertext_fifo/mem_reg_0_3_36_41/RAMB/I
                            (rising edge-triggered cell RAMD32 clocked by core_clk_raw  {rise@0.000ns fall@2.857ns period=5.714ns})
  Path Group:             core_clk_raw
  Path Type:              Hold (Min at Fast Process Corner)
  Requirement:            0.000ns  (core_clk_raw rise@0.000ns - core_clk_raw rise@0.000ns)
  Data Path Delay:        0.550ns  (logic 0.141ns (25.633%)  route 0.409ns (74.367%))
  Logic Levels:           0  
  Clock Path Skew:        0.261ns (DCD - SCD - CPR)
    Destination Clock Delay (DCD):    -0.860ns
    Source Clock Delay      (SCD):    -0.617ns
    Clock Pessimism Removal (CPR):    -0.504ns

    Location             Delay type                Incr(ns)  Path(ns)    Netlist Resource(s)
  -------------------------------------------------------------------    -------------------
                         (clock core_clk_raw rise edge)
                                                      0.000     0.000 r  
    E3                                                0.000     0.000 r  clk (IN)
                         net (fo=0)                   0.000     0.000    clk
    E3                   IBUF (Prop_ibuf_I_O)         0.250     0.250 r  clk_IBUF_inst/O
                         net (fo=1, routed)           0.440     0.690    clk_IBUF
    MMCME2_ADV_X1Y2      MMCME2_ADV (Prop_mmcme2_adv_CLKIN1_CLKOUT0)
                                                     -2.379    -1.689 r  u_mmcm/CLKOUT0
                         net (fo=1, routed)           0.499    -1.190    core_clk_raw
    BUFGCTRL_X0Y16       BUFG (Prop_bufg_I_O)         0.026    -1.164 r  u_core_clk_buf/O
                         net (fo=11093, routed)       0.547    -0.617    u_aes_gcm/u_core/core_clk
    SLICE_X61Y125        FDRE                                         r  u_aes_gcm/u_core/ct_prod_data_reg[38]/C
  -------------------------------------------------------------------    -------------------
    SLICE_X61Y125        FDRE (Prop_fdre_C_Q)         0.141    -0.476 r  u_aes_gcm/u_core/ct_prod_data_reg[38]/Q
                         net (fo=3, routed)           0.409    -0.067    u_aes_gcm/u_core/u_ciphertext_fifo/mem_reg_0_3_36_41/DIB0
    SLICE_X50Y124        RAMD32                                       r  u_aes_gcm/u_core/u_ciphertext_fifo/mem_reg_0_3_36_41/RAMB/I
  -------------------------------------------------------------------    -------------------

                         (clock core_clk_raw rise edge)
                                                      0.000     0.000 r  
    E3                                                0.000     0.000 r  clk (IN)
                         net (fo=0)                   0.000     0.000    clk
    E3                   IBUF (Prop_ibuf_I_O)         0.438     0.438 r  clk_IBUF_inst/O
                         net (fo=1, routed)           0.480     0.918    clk_IBUF
    MMCME2_ADV_X1Y2      MMCME2_ADV (Prop_mmcme2_adv_CLKIN1_CLKOUT0)
                                                     -3.163    -2.245 r  u_mmcm/CLKOUT0
                         net (fo=1, routed)           0.544    -1.702    core_clk_raw
    BUFGCTRL_X0Y16       BUFG (Prop_bufg_I_O)         0.029    -1.673 r  u_core_clk_buf/O
                         net (fo=11093, routed)       0.813    -0.860    u_aes_gcm/u_core/u_ciphertext_fifo/mem_reg_0_3_36_41/WCLK
    SLICE_X50Y124        RAMD32                                       r  u_aes_gcm/u_core/u_ciphertext_fifo/mem_reg_0_3_36_41/RAMB/CLK
                         clock pessimism              0.504    -0.356    
    SLICE_X50Y124        RAMD32 (Hold_ramd32_CLK_I)
                                                      0.146    -0.210    u_aes_gcm/u_core/u_ciphertext_fifo/mem_reg_0_3_36_41/RAMB
  -------------------------------------------------------------------
                         required time                          0.210    
                         arrival time                          -0.067    
  -------------------------------------------------------------------
                         slack                                  0.143    

Slack (MET) :             0.145ns  (arrival time - required time)
  Source:                 u_aes_gcm/u_core/tag_prod_data_reg[120]/C
                            (rising edge-triggered cell FDRE clocked by core_clk_raw  {rise@0.000ns fall@2.857ns period=5.714ns})
  Destination:            u_aes_gcm/u_core/u_tag_packet_fifo/mem_reg_0_1_120_125/RAMA/I
                            (rising edge-triggered cell RAMD32 clocked by core_clk_raw  {rise@0.000ns fall@2.857ns period=5.714ns})
  Path Group:             core_clk_raw
  Path Type:              Hold (Min at Fast Process Corner)
  Requirement:            0.000ns  (core_clk_raw rise@0.000ns - core_clk_raw rise@0.000ns)
  Data Path Delay:        0.322ns  (logic 0.141ns (43.857%)  route 0.181ns (56.143%))
  Logic Levels:           0  
  Clock Path Skew:        0.030ns (DCD - SCD - CPR)
    Destination Clock Delay (DCD):    -0.853ns
    Source Clock Delay      (SCD):    -0.608ns
    Clock Pessimism Removal (CPR):    -0.275ns

    Location             Delay type                Incr(ns)  Path(ns)    Netlist Resource(s)
  -------------------------------------------------------------------    -------------------
                         (clock core_clk_raw rise edge)
                                                      0.000     0.000 r  
    E3                                                0.000     0.000 r  clk (IN)
                         net (fo=0)                   0.000     0.000    clk
    E3                   IBUF (Prop_ibuf_I_O)         0.250     0.250 r  clk_IBUF_inst/O
                         net (fo=1, routed)           0.440     0.690    clk_IBUF
    MMCME2_ADV_X1Y2      MMCME2_ADV (Prop_mmcme2_adv_CLKIN1_CLKOUT0)
                                                     -2.379    -1.689 r  u_mmcm/CLKOUT0
                         net (fo=1, routed)           0.499    -1.190    core_clk_raw
    BUFGCTRL_X0Y16       BUFG (Prop_bufg_I_O)         0.026    -1.164 r  u_core_clk_buf/O
                         net (fo=11093, routed)       0.556    -0.608    u_aes_gcm/u_core/core_clk
    SLICE_X28Y127        FDRE                                         r  u_aes_gcm/u_core/tag_prod_data_reg[120]/C
  -------------------------------------------------------------------    -------------------
    SLICE_X28Y127        FDRE (Prop_fdre_C_Q)         0.141    -0.467 r  u_aes_gcm/u_core/tag_prod_data_reg[120]/Q
                         net (fo=2, routed)           0.181    -0.287    u_aes_gcm/u_core/u_tag_packet_fifo/mem_reg_0_1_120_125/DIA0
    SLICE_X30Y125        RAMD32                                       r  u_aes_gcm/u_core/u_tag_packet_fifo/mem_reg_0_1_120_125/RAMA/I
  -------------------------------------------------------------------    -------------------

                         (clock core_clk_raw rise edge)
                                                      0.000     0.000 r  
    E3                                                0.000     0.000 r  clk (IN)
                         net (fo=0)                   0.000     0.000    clk
    E3                   IBUF (Prop_ibuf_I_O)         0.438     0.438 r  clk_IBUF_inst/O
                         net (fo=1, routed)           0.480     0.918    clk_IBUF
    MMCME2_ADV_X1Y2      MMCME2_ADV (Prop_mmcme2_adv_CLKIN1_CLKOUT0)
                                                     -3.163    -2.245 r  u_mmcm/CLKOUT0
                         net (fo=1, routed)           0.544    -1.702    core_clk_raw
    BUFGCTRL_X0Y16       BUFG (Prop_bufg_I_O)         0.029    -1.673 r  u_core_clk_buf/O
                         net (fo=11093, routed)       0.820    -0.853    u_aes_gcm/u_core/u_tag_packet_fifo/mem_reg_0_1_120_125/WCLK
    SLICE_X30Y125        RAMD32                                       r  u_aes_gcm/u_core/u_tag_packet_fifo/mem_reg_0_1_120_125/RAMA/CLK
                         clock pessimism              0.275    -0.578    
    SLICE_X30Y125        RAMD32 (Hold_ramd32_CLK_I)
                                                      0.147    -0.431    u_aes_gcm/u_core/u_tag_packet_fifo/mem_reg_0_1_120_125/RAMA
  -------------------------------------------------------------------
                         required time                          0.431    
                         arrival time                          -0.287    
  -------------------------------------------------------------------
                         slack                                  0.145    

Slack (MET) :             0.145ns  (arrival time - required time)
  Source:                 u_aes_gcm/u_registers/key_staging_o_reg[153]/C
                            (rising edge-triggered cell FDRE clocked by core_clk_raw  {rise@0.000ns fall@2.857ns period=5.714ns})
  Destination:            u_aes_gcm/u_core/u_key_context/round_keys_r_reg[25]/D
                            (rising edge-triggered cell FDRE clocked by core_clk_raw  {rise@0.000ns fall@2.857ns period=5.714ns})
  Path Group:             core_clk_raw
  Path Type:              Hold (Min at Fast Process Corner)
  Requirement:            0.000ns  (core_clk_raw rise@0.000ns - core_clk_raw rise@0.000ns)
  Data Path Delay:        0.449ns  (logic 0.226ns (50.313%)  route 0.223ns (49.687%))
  Logic Levels:           1  (LUT6=1)
  Clock Path Skew:        0.183ns (DCD - SCD - CPR)
    Destination Clock Delay (DCD):    -0.832ns
    Source Clock Delay      (SCD):    -0.512ns
    Clock Pessimism Removal (CPR):    -0.504ns

    Location             Delay type                Incr(ns)  Path(ns)    Netlist Resource(s)
  -------------------------------------------------------------------    -------------------
                         (clock core_clk_raw rise edge)
                                                      0.000     0.000 r  
    E3                                                0.000     0.000 r  clk (IN)
                         net (fo=0)                   0.000     0.000    clk
    E3                   IBUF (Prop_ibuf_I_O)         0.250     0.250 r  clk_IBUF_inst/O
                         net (fo=1, routed)           0.440     0.690    clk_IBUF
    MMCME2_ADV_X1Y2      MMCME2_ADV (Prop_mmcme2_adv_CLKIN1_CLKOUT0)
                                                     -2.379    -1.689 r  u_mmcm/CLKOUT0
                         net (fo=1, routed)           0.499    -1.190    core_clk_raw
    BUFGCTRL_X0Y16       BUFG (Prop_bufg_I_O)         0.026    -1.164 r  u_core_clk_buf/O
                         net (fo=11093, routed)       0.652    -0.512    u_aes_gcm/u_registers/core_clk
    SLICE_X9Y152         FDRE                                         r  u_aes_gcm/u_registers/key_staging_o_reg[153]/C
  -------------------------------------------------------------------    -------------------
    SLICE_X9Y152         FDRE (Prop_fdre_C_Q)         0.128    -0.384 r  u_aes_gcm/u_registers/key_staging_o_reg[153]/Q
                         net (fo=2, routed)           0.223    -0.161    u_aes_gcm/u_core/u_key_context/round_keys_r_reg[127]_4[153]
    SLICE_X10Y149        LUT6 (Prop_lut6_I4_O)        0.098    -0.063 r  u_aes_gcm/u_core/u_key_context/round_keys_r[25]_i_1/O
                         net (fo=1, routed)           0.000    -0.063    u_aes_gcm/u_core/u_key_context/round_keys_r[25]_i_1_n_0
    SLICE_X10Y149        FDRE                                         r  u_aes_gcm/u_core/u_key_context/round_keys_r_reg[25]/D
  -------------------------------------------------------------------    -------------------

                         (clock core_clk_raw rise edge)
                                                      0.000     0.000 r  
    E3                                                0.000     0.000 r  clk (IN)
                         net (fo=0)                   0.000     0.000    clk
    E3                   IBUF (Prop_ibuf_I_O)         0.438     0.438 r  clk_IBUF_inst/O
                         net (fo=1, routed)           0.480     0.918    clk_IBUF
    MMCME2_ADV_X1Y2      MMCME2_ADV (Prop_mmcme2_adv_CLKIN1_CLKOUT0)
                                                     -3.163    -2.245 r  u_mmcm/CLKOUT0
                         net (fo=1, routed)           0.544    -1.702    core_clk_raw
    BUFGCTRL_X0Y16       BUFG (Prop_bufg_I_O)         0.029    -1.673 r  u_core_clk_buf/O
                         net (fo=11093, routed)       0.841    -0.832    u_aes_gcm/u_core/u_key_context/core_clk
    SLICE_X10Y149        FDRE                                         r  u_aes_gcm/u_core/u_key_context/round_keys_r_reg[25]/C
                         clock pessimism              0.504    -0.328    
    SLICE_X10Y149        FDRE (Hold_fdre_C_D)         0.121    -0.207    u_aes_gcm/u_core/u_key_context/round_keys_r_reg[25]
  -------------------------------------------------------------------
                         required time                          0.207    
                         arrival time                          -0.063    
  -------------------------------------------------------------------
                         slack                                  0.145    

Slack (MET) :             0.147ns  (arrival time - required time)
  Source:                 u_aes_gcm/u_core/ct_prod_data_reg[22]/C
                            (rising edge-triggered cell FDRE clocked by core_clk_raw  {rise@0.000ns fall@2.857ns period=5.714ns})
  Destination:            u_aes_gcm/u_core/u_ciphertext_fifo/mem_reg_0_3_18_23/RAMC/I
                            (rising edge-triggered cell RAMD32 clocked by core_clk_raw  {rise@0.000ns fall@2.857ns period=5.714ns})
  Path Group:             core_clk_raw
  Path Type:              Hold (Min at Fast Process Corner)
  Requirement:            0.000ns  (core_clk_raw rise@0.000ns - core_clk_raw rise@0.000ns)
  Data Path Delay:        0.550ns  (logic 0.164ns (29.800%)  route 0.386ns (70.200%))
  Logic Levels:           0  
  Clock Path Skew:        0.260ns (DCD - SCD - CPR)
    Destination Clock Delay (DCD):    -0.858ns
    Source Clock Delay      (SCD):    -0.614ns
    Clock Pessimism Removal (CPR):    -0.504ns

    Location             Delay type                Incr(ns)  Path(ns)    Netlist Resource(s)
  -------------------------------------------------------------------    -------------------
                         (clock core_clk_raw rise edge)
                                                      0.000     0.000 r  
    E3                                                0.000     0.000 r  clk (IN)
                         net (fo=0)                   0.000     0.000    clk
    E3                   IBUF (Prop_ibuf_I_O)         0.250     0.250 r  clk_IBUF_inst/O
                         net (fo=1, routed)           0.440     0.690    clk_IBUF
    MMCME2_ADV_X1Y2      MMCME2_ADV (Prop_mmcme2_adv_CLKIN1_CLKOUT0)
                                                     -2.379    -1.689 r  u_mmcm/CLKOUT0
                         net (fo=1, routed)           0.499    -1.190    core_clk_raw
    BUFGCTRL_X0Y16       BUFG (Prop_bufg_I_O)         0.026    -1.164 r  u_core_clk_buf/O
                         net (fo=11093, routed)       0.550    -0.614    u_aes_gcm/u_core/core_clk
    SLICE_X60Y122        FDRE                                         r  u_aes_gcm/u_core/ct_prod_data_reg[22]/C
  -------------------------------------------------------------------    -------------------
    SLICE_X60Y122        FDRE (Prop_fdre_C_Q)         0.164    -0.450 r  u_aes_gcm/u_core/ct_prod_data_reg[22]/Q
                         net (fo=3, routed)           0.386    -0.064    u_aes_gcm/u_core/u_ciphertext_fifo/mem_reg_0_3_18_23/DIC0
    SLICE_X46Y125        RAMD32                                       r  u_aes_gcm/u_core/u_ciphertext_fifo/mem_reg_0_3_18_23/RAMC/I
  -------------------------------------------------------------------    -------------------

                         (clock core_clk_raw rise edge)
                                                      0.000     0.000 r  
    E3                                                0.000     0.000 r  clk (IN)
                         net (fo=0)                   0.000     0.000    clk
    E3                   IBUF (Prop_ibuf_I_O)         0.438     0.438 r  clk_IBUF_inst/O
                         net (fo=1, routed)           0.480     0.918    clk_IBUF
    MMCME2_ADV_X1Y2      MMCME2_ADV (Prop_mmcme2_adv_CLKIN1_CLKOUT0)
                                                     -3.163    -2.245 r  u_mmcm/CLKOUT0
                         net (fo=1, routed)           0.544    -1.702    core_clk_raw
    BUFGCTRL_X0Y16       BUFG (Prop_bufg_I_O)         0.029    -1.673 r  u_core_clk_buf/O
                         net (fo=11093, routed)       0.815    -0.858    u_aes_gcm/u_core/u_ciphertext_fifo/mem_reg_0_3_18_23/WCLK
    SLICE_X46Y125        RAMD32                                       r  u_aes_gcm/u_core/u_ciphertext_fifo/mem_reg_0_3_18_23/RAMC/CLK
                         clock pessimism              0.504    -0.354    
    SLICE_X46Y125        RAMD32 (Hold_ramd32_CLK_I)
                                                      0.144    -0.210    u_aes_gcm/u_core/u_ciphertext_fifo/mem_reg_0_3_18_23/RAMC
  -------------------------------------------------------------------
                         required time                          0.210    
                         arrival time                          -0.064    
  -------------------------------------------------------------------
                         slack                                  0.147    

Slack (MET) :             0.147ns  (arrival time - required time)
  Source:                 u_aes_gcm/u_tag_output_register/out_data_q_reg[7]/C
                            (rising edge-triggered cell FDRE clocked by core_clk_raw  {rise@0.000ns fall@2.857ns period=5.714ns})
  Destination:            u_bridge/tag_capture_mem_reg_0_15_6_7__0/SP/I
                            (rising edge-triggered cell RAMD32 clocked by core_clk_raw  {rise@0.000ns fall@2.857ns period=5.714ns})
  Path Group:             core_clk_raw
  Path Type:              Hold (Min at Fast Process Corner)
  Requirement:            0.000ns  (core_clk_raw rise@0.000ns - core_clk_raw rise@0.000ns)
  Data Path Delay:        0.644ns  (logic 0.141ns (21.886%)  route 0.503ns (78.114%))
  Logic Levels:           0  
  Clock Path Skew:        0.353ns (DCD - SCD - CPR)
    Destination Clock Delay (DCD):    -0.751ns
    Source Clock Delay      (SCD):    -0.600ns
    Clock Pessimism Removal (CPR):    -0.504ns

    Location             Delay type                Incr(ns)  Path(ns)    Netlist Resource(s)
  -------------------------------------------------------------------    -------------------
                         (clock core_clk_raw rise edge)
                                                      0.000     0.000 r  
    E3                                                0.000     0.000 r  clk (IN)
                         net (fo=0)                   0.000     0.000    clk
    E3                   IBUF (Prop_ibuf_I_O)         0.250     0.250 r  clk_IBUF_inst/O
                         net (fo=1, routed)           0.440     0.690    clk_IBUF
    MMCME2_ADV_X1Y2      MMCME2_ADV (Prop_mmcme2_adv_CLKIN1_CLKOUT0)
                                                     -2.379    -1.689 r  u_mmcm/CLKOUT0
                         net (fo=1, routed)           0.499    -1.190    core_clk_raw
    BUFGCTRL_X0Y16       BUFG (Prop_bufg_I_O)         0.026    -1.164 r  u_core_clk_buf/O
                         net (fo=11093, routed)       0.564    -0.600    u_aes_gcm/u_tag_output_register/core_clk
    SLICE_X33Y141        FDRE                                         r  u_aes_gcm/u_tag_output_register/out_data_q_reg[7]/C
  -------------------------------------------------------------------    -------------------
    SLICE_X33Y141        FDRE (Prop_fdre_C_Q)         0.141    -0.459 r  u_aes_gcm/u_tag_output_register/out_data_q_reg[7]/Q
                         net (fo=2, routed)           0.503     0.044    u_bridge/tag_capture_mem_reg_0_15_6_7__0/D
    SLICE_X30Y156        RAMD32                                       r  u_bridge/tag_capture_mem_reg_0_15_6_7__0/SP/I
  -------------------------------------------------------------------    -------------------

                         (clock core_clk_raw rise edge)
                                                      0.000     0.000 r  
    E3                                                0.000     0.000 r  clk (IN)
                         net (fo=0)                   0.000     0.000    clk
    E3                   IBUF (Prop_ibuf_I_O)         0.438     0.438 r  clk_IBUF_inst/O
                         net (fo=1, routed)           0.480     0.918    clk_IBUF
    MMCME2_ADV_X1Y2      MMCME2_ADV (Prop_mmcme2_adv_CLKIN1_CLKOUT0)
                                                     -3.163    -2.245 r  u_mmcm/CLKOUT0
                         net (fo=1, routed)           0.544    -1.702    core_clk_raw
    BUFGCTRL_X0Y16       BUFG (Prop_bufg_I_O)         0.029    -1.673 r  u_core_clk_buf/O
                         net (fo=11093, routed)       0.922    -0.751    u_bridge/tag_capture_mem_reg_0_15_6_7__0/WCLK
    SLICE_X30Y156        RAMD32                                       r  u_bridge/tag_capture_mem_reg_0_15_6_7__0/SP/CLK
                         clock pessimism              0.504    -0.247    
    SLICE_X30Y156        RAMD32 (Hold_ramd32_CLK_I)
                                                      0.144    -0.103    u_bridge/tag_capture_mem_reg_0_15_6_7__0/SP
  -------------------------------------------------------------------
                         required time                          0.103    
                         arrival time                           0.044    
  -------------------------------------------------------------------
                         slack                                  0.147    

Slack (MET) :             0.147ns  (arrival time - required time)
  Source:                 u_aes_gcm/u_core/u_aes_first_engine/block_out_r_reg[17]/C
                            (rising edge-triggered cell FDRE clocked by core_clk_raw  {rise@0.000ns fall@2.857ns period=5.714ns})
  Destination:            u_aes_gcm/u_core/aes_first_result_block_r_reg[17]/D
                            (rising edge-triggered cell FDRE clocked by core_clk_raw  {rise@0.000ns fall@2.857ns period=5.714ns})
  Path Group:             core_clk_raw
  Path Type:              Hold (Min at Fast Process Corner)
  Requirement:            0.000ns  (core_clk_raw rise@0.000ns - core_clk_raw rise@0.000ns)
  Data Path Delay:        0.460ns  (logic 0.141ns (30.651%)  route 0.319ns (69.349%))
  Logic Levels:           0  
  Clock Path Skew:        0.261ns (DCD - SCD - CPR)
    Destination Clock Delay (DCD):    -0.846ns
    Source Clock Delay      (SCD):    -0.603ns
    Clock Pessimism Removal (CPR):    -0.504ns

    Location             Delay type                Incr(ns)  Path(ns)    Netlist Resource(s)
  -------------------------------------------------------------------    -------------------
                         (clock core_clk_raw rise edge)
                                                      0.000     0.000 r  
    E3                                                0.000     0.000 r  clk (IN)
                         net (fo=0)                   0.000     0.000    clk
    E3                   IBUF (Prop_ibuf_I_O)         0.250     0.250 r  clk_IBUF_inst/O
                         net (fo=1, routed)           0.440     0.690    clk_IBUF
    MMCME2_ADV_X1Y2      MMCME2_ADV (Prop_mmcme2_adv_CLKIN1_CLKOUT0)
                                                     -2.379    -1.689 r  u_mmcm/CLKOUT0
                         net (fo=1, routed)           0.499    -1.190    core_clk_raw
    BUFGCTRL_X0Y16       BUFG (Prop_bufg_I_O)         0.026    -1.164 r  u_core_clk_buf/O
                         net (fo=11093, routed)       0.561    -0.603    u_aes_gcm/u_core/u_aes_first_engine/core_clk
    SLICE_X49Y149        FDRE                                         r  u_aes_gcm/u_core/u_aes_first_engine/block_out_r_reg[17]/C
  -------------------------------------------------------------------    -------------------
    SLICE_X49Y149        FDRE (Prop_fdre_C_Q)         0.141    -0.462 r  u_aes_gcm/u_core/u_aes_first_engine/block_out_r_reg[17]/Q
                         net (fo=1, routed)           0.319    -0.143    u_aes_gcm/u_core/aes_first_out[17]
    SLICE_X54Y141        FDRE                                         r  u_aes_gcm/u_core/aes_first_result_block_r_reg[17]/D
  -------------------------------------------------------------------    -------------------

                         (clock core_clk_raw rise edge)
                                                      0.000     0.000 r  
    E3                                                0.000     0.000 r  clk (IN)
                         net (fo=0)                   0.000     0.000    clk
    E3                   IBUF (Prop_ibuf_I_O)         0.438     0.438 r  clk_IBUF_inst/O
                         net (fo=1, routed)           0.480     0.918    clk_IBUF
    MMCME2_ADV_X1Y2      MMCME2_ADV (Prop_mmcme2_adv_CLKIN1_CLKOUT0)
                                                     -3.163    -2.245 r  u_mmcm/CLKOUT0
                         net (fo=1, routed)           0.544    -1.702    core_clk_raw
    BUFGCTRL_X0Y16       BUFG (Prop_bufg_I_O)         0.029    -1.673 r  u_core_clk_buf/O
                         net (fo=11093, routed)       0.826    -0.846    u_aes_gcm/u_core/core_clk
    SLICE_X54Y141        FDRE                                         r  u_aes_gcm/u_core/aes_first_result_block_r_reg[17]/C
                         clock pessimism              0.504    -0.342    
    SLICE_X54Y141        FDRE (Hold_fdre_C_D)         0.052    -0.290    u_aes_gcm/u_core/aes_first_result_block_r_reg[17]
  -------------------------------------------------------------------
                         required time                          0.290    
                         arrival time                          -0.143    
  -------------------------------------------------------------------
                         slack                                  0.147    

Slack (MET) :             0.147ns  (arrival time - required time)
  Source:                 u_aes_gcm/u_core/abort_terminator_pending_reg/C
                            (rising edge-triggered cell FDRE clocked by core_clk_raw  {rise@0.000ns fall@2.857ns period=5.714ns})
  Destination:            u_aes_gcm/u_data_output_register/user_q_reg[2]/D
                            (rising edge-triggered cell FDRE clocked by core_clk_raw  {rise@0.000ns fall@2.857ns period=5.714ns})
  Path Group:             core_clk_raw
  Path Type:              Hold (Min at Fast Process Corner)
  Requirement:            0.000ns  (core_clk_raw rise@0.000ns - core_clk_raw rise@0.000ns)
  Data Path Delay:        0.534ns  (logic 0.186ns (34.821%)  route 0.348ns (65.179%))
  Logic Levels:           1  (LUT5=1)
  Clock Path Skew:        0.266ns (DCD - SCD - CPR)
    Destination Clock Delay (DCD):    -0.844ns
    Source Clock Delay      (SCD):    -0.606ns
    Clock Pessimism Removal (CPR):    -0.504ns

    Location             Delay type                Incr(ns)  Path(ns)    Netlist Resource(s)
  -------------------------------------------------------------------    -------------------
                         (clock core_clk_raw rise edge)
                                                      0.000     0.000 r  
    E3                                                0.000     0.000 r  clk (IN)
                         net (fo=0)                   0.000     0.000    clk
    E3                   IBUF (Prop_ibuf_I_O)         0.250     0.250 r  clk_IBUF_inst/O
                         net (fo=1, routed)           0.440     0.690    clk_IBUF
    MMCME2_ADV_X1Y2      MMCME2_ADV (Prop_mmcme2_adv_CLKIN1_CLKOUT0)
                                                     -2.379    -1.689 r  u_mmcm/CLKOUT0
                         net (fo=1, routed)           0.499    -1.190    core_clk_raw
    BUFGCTRL_X0Y16       BUFG (Prop_bufg_I_O)         0.026    -1.164 r  u_core_clk_buf/O
                         net (fo=11093, routed)       0.558    -0.606    u_aes_gcm/u_core/core_clk
    SLICE_X47Y138        FDRE                                         r  u_aes_gcm/u_core/abort_terminator_pending_reg/C
  -------------------------------------------------------------------    -------------------
    SLICE_X47Y138        FDRE (Prop_fdre_C_Q)         0.141    -0.465 f  u_aes_gcm/u_core/abort_terminator_pending_reg/Q
                         net (fo=14, routed)          0.348    -0.117    u_aes_gcm/u_core/u_ciphertext_fifo/abort_terminator_pending_reg_0
    SLICE_X60Y138        LUT5 (Prop_lut5_I0_O)        0.045    -0.072 r  u_aes_gcm/u_core/u_ciphertext_fifo/user_q[2]_i_1/O
                         net (fo=1, routed)           0.000    -0.072    u_aes_gcm/u_data_output_register/user_q_reg[3]_1[2]
    SLICE_X60Y138        FDRE                                         r  u_aes_gcm/u_data_output_register/user_q_reg[2]/D
  -------------------------------------------------------------------    -------------------

                         (clock core_clk_raw rise edge)
                                                      0.000     0.000 r  
    E3                                                0.000     0.000 r  clk (IN)
                         net (fo=0)                   0.000     0.000    clk
    E3                   IBUF (Prop_ibuf_I_O)         0.438     0.438 r  clk_IBUF_inst/O
                         net (fo=1, routed)           0.480     0.918    clk_IBUF
    MMCME2_ADV_X1Y2      MMCME2_ADV (Prop_mmcme2_adv_CLKIN1_CLKOUT0)
                                                     -3.163    -2.245 r  u_mmcm/CLKOUT0
                         net (fo=1, routed)           0.544    -1.702    core_clk_raw
    BUFGCTRL_X0Y16       BUFG (Prop_bufg_I_O)         0.029    -1.673 r  u_core_clk_buf/O
                         net (fo=11093, routed)       0.829    -0.844    u_aes_gcm/u_data_output_register/core_clk
    SLICE_X60Y138        FDRE                                         r  u_aes_gcm/u_data_output_register/user_q_reg[2]/C
                         clock pessimism              0.504    -0.340    
    SLICE_X60Y138        FDRE (Hold_fdre_C_D)         0.121    -0.219    u_aes_gcm/u_data_output_register/user_q_reg[2]
  -------------------------------------------------------------------
                         required time                          0.219    
                         arrival time                          -0.072    
  -------------------------------------------------------------------
                         slack                                  0.147    

Slack (MET) :             0.147ns  (arrival time - required time)
  Source:                 u_aes_gcm/u_core/u_aes_engine/pipe_context_r_reg[1]/C
                            (rising edge-triggered cell FDRE clocked by core_clk_raw  {rise@0.000ns fall@2.857ns period=5.714ns})
  Destination:            u_aes_gcm/u_core/u_aes_engine/xform_context_r_reg[1]/D
                            (rising edge-triggered cell FDRE clocked by core_clk_raw  {rise@0.000ns fall@2.857ns period=5.714ns})
  Path Group:             core_clk_raw
  Path Type:              Hold (Min at Fast Process Corner)
  Requirement:            0.000ns  (core_clk_raw rise@0.000ns - core_clk_raw rise@0.000ns)
  Data Path Delay:        0.257ns  (logic 0.141ns (54.785%)  route 0.116ns (45.215%))
  Logic Levels:           0  
  Clock Path Skew:        0.040ns (DCD - SCD - CPR)
    Destination Clock Delay (DCD):    -0.803ns
    Source Clock Delay      (SCD):    -0.568ns
    Clock Pessimism Removal (CPR):    -0.275ns

    Location             Delay type                Incr(ns)  Path(ns)    Netlist Resource(s)
  -------------------------------------------------------------------    -------------------
                         (clock core_clk_raw rise edge)
                                                      0.000     0.000 r  
    E3                                                0.000     0.000 r  clk (IN)
                         net (fo=0)                   0.000     0.000    clk
    E3                   IBUF (Prop_ibuf_I_O)         0.250     0.250 r  clk_IBUF_inst/O
                         net (fo=1, routed)           0.440     0.690    clk_IBUF
    MMCME2_ADV_X1Y2      MMCME2_ADV (Prop_mmcme2_adv_CLKIN1_CLKOUT0)
                                                     -2.379    -1.689 r  u_mmcm/CLKOUT0
                         net (fo=1, routed)           0.499    -1.190    core_clk_raw
    BUFGCTRL_X0Y16       BUFG (Prop_bufg_I_O)         0.026    -1.164 r  u_core_clk_buf/O
                         net (fo=11093, routed)       0.596    -0.568    u_aes_gcm/u_core/u_aes_engine/core_clk
    SLICE_X5Y142         FDRE                                         r  u_aes_gcm/u_core/u_aes_engine/pipe_context_r_reg[1]/C
  -------------------------------------------------------------------    -------------------
    SLICE_X5Y142         FDRE (Prop_fdre_C_Q)         0.141    -0.427 r  u_aes_gcm/u_core/u_aes_engine/pipe_context_r_reg[1]/Q
                         net (fo=1, routed)           0.116    -0.311    u_aes_gcm/u_core/u_aes_engine/pipe_context_r[1]
    SLICE_X3Y142         FDRE                                         r  u_aes_gcm/u_core/u_aes_engine/xform_context_r_reg[1]/D
  -------------------------------------------------------------------    -------------------

                         (clock core_clk_raw rise edge)
                                                      0.000     0.000 r  
    E3                                                0.000     0.000 r  clk (IN)
                         net (fo=0)                   0.000     0.000    clk
    E3                   IBUF (Prop_ibuf_I_O)         0.438     0.438 r  clk_IBUF_inst/O
                         net (fo=1, routed)           0.480     0.918    clk_IBUF
    MMCME2_ADV_X1Y2      MMCME2_ADV (Prop_mmcme2_adv_CLKIN1_CLKOUT0)
                                                     -3.163    -2.245 r  u_mmcm/CLKOUT0
                         net (fo=1, routed)           0.544    -1.702    core_clk_raw
    BUFGCTRL_X0Y16       BUFG (Prop_bufg_I_O)         0.029    -1.673 r  u_core_clk_buf/O
                         net (fo=11093, routed)       0.870    -0.803    u_aes_gcm/u_core/u_aes_engine/core_clk
    SLICE_X3Y142         FDRE                                         r  u_aes_gcm/u_core/u_aes_engine/xform_context_r_reg[1]/C
                         clock pessimism              0.275    -0.528    
    SLICE_X3Y142         FDRE (Hold_fdre_C_D)         0.070    -0.458    u_aes_gcm/u_core/u_aes_engine/xform_context_r_reg[1]
  -------------------------------------------------------------------
                         required time                          0.458    
                         arrival time                          -0.311    
  -------------------------------------------------------------------
                         slack                                  0.147    

Slack (MET) :             0.148ns  (arrival time - required time)
  Source:                 u_aes_gcm/u_core/u_aes_engine/pipe_round_index2_r_reg[3]/C
                            (rising edge-triggered cell FDRE clocked by core_clk_raw  {rise@0.000ns fall@2.857ns period=5.714ns})
  Destination:            u_aes_gcm/u_core/u_aes_engine/xform_round_key_r_reg[84]/D
                            (rising edge-triggered cell FDRE clocked by core_clk_raw  {rise@0.000ns fall@2.857ns period=5.714ns})
  Path Group:             core_clk_raw
  Path Type:              Hold (Min at Fast Process Corner)
  Requirement:            0.000ns  (core_clk_raw rise@0.000ns - core_clk_raw rise@0.000ns)
  Data Path Delay:        0.595ns  (logic 0.186ns (31.236%)  route 0.409ns (68.764%))
  Logic Levels:           1  (LUT5=1)
  Clock Path Skew:        0.355ns (DCD - SCD - CPR)
    Destination Clock Delay (DCD):    -0.747ns
    Source Clock Delay      (SCD):    -0.598ns
    Clock Pessimism Removal (CPR):    -0.504ns

    Location             Delay type                Incr(ns)  Path(ns)    Netlist Resource(s)
  -------------------------------------------------------------------    -------------------
                         (clock core_clk_raw rise edge)
                                                      0.000     0.000 r  
    E3                                                0.000     0.000 r  clk (IN)
                         net (fo=0)                   0.000     0.000    clk
    E3                   IBUF (Prop_ibuf_I_O)         0.250     0.250 r  clk_IBUF_inst/O
                         net (fo=1, routed)           0.440     0.690    clk_IBUF
    MMCME2_ADV_X1Y2      MMCME2_ADV (Prop_mmcme2_adv_CLKIN1_CLKOUT0)
                                                     -2.379    -1.689 r  u_mmcm/CLKOUT0
                         net (fo=1, routed)           0.499    -1.190    core_clk_raw
    BUFGCTRL_X0Y16       BUFG (Prop_bufg_I_O)         0.026    -1.164 r  u_core_clk_buf/O
                         net (fo=11093, routed)       0.566    -0.598    u_aes_gcm/u_core/u_aes_engine/core_clk
    SLICE_X29Y145        FDRE                                         r  u_aes_gcm/u_core/u_aes_engine/pipe_round_index2_r_reg[3]/C
  -------------------------------------------------------------------    -------------------
    SLICE_X29Y145        FDRE (Prop_fdre_C_Q)         0.141    -0.457 r  u_aes_gcm/u_core/u_aes_engine/pipe_round_index2_r_reg[3]/Q
                         net (fo=32, routed)          0.409    -0.048    u_aes_gcm/u_core/u_key_context/xform_round_key_r_reg[95][3]
    SLICE_X24Y150        LUT5 (Prop_lut5_I1_O)        0.045    -0.003 r  u_aes_gcm/u_core/u_key_context/xform_round_key_r[84]_i_1/O
                         net (fo=1, routed)           0.000    -0.003    u_aes_gcm/u_core/u_aes_engine/xform_round_key_r_reg[127]_0[84]
    SLICE_X24Y150        FDRE                                         r  u_aes_gcm/u_core/u_aes_engine/xform_round_key_r_reg[84]/D
  -------------------------------------------------------------------    -------------------

                         (clock core_clk_raw rise edge)
                                                      0.000     0.000 r  
    E3                                                0.000     0.000 r  clk (IN)
                         net (fo=0)                   0.000     0.000    clk
    E3                   IBUF (Prop_ibuf_I_O)         0.438     0.438 r  clk_IBUF_inst/O
                         net (fo=1, routed)           0.480     0.918    clk_IBUF
    MMCME2_ADV_X1Y2      MMCME2_ADV (Prop_mmcme2_adv_CLKIN1_CLKOUT0)
                                                     -3.163    -2.245 r  u_mmcm/CLKOUT0
                         net (fo=1, routed)           0.544    -1.702    core_clk_raw
    BUFGCTRL_X0Y16       BUFG (Prop_bufg_I_O)         0.029    -1.673 r  u_core_clk_buf/O
                         net (fo=11093, routed)       0.926    -0.747    u_aes_gcm/u_core/u_aes_engine/core_clk
    SLICE_X24Y150        FDRE                                         r  u_aes_gcm/u_core/u_aes_engine/xform_round_key_r_reg[84]/C
                         clock pessimism              0.504    -0.243    
    SLICE_X24Y150        FDRE (Hold_fdre_C_D)         0.092    -0.151    u_aes_gcm/u_core/u_aes_engine/xform_round_key_r_reg[84]
  -------------------------------------------------------------------
                         required time                          0.151    
                         arrival time                          -0.003    
  -------------------------------------------------------------------
                         slack                                  0.148    

Slack (MET) :             0.148ns  (arrival time - required time)
  Source:                 u_aes_gcm/u_core/ct_prod_data_reg[43]/C
                            (rising edge-triggered cell FDRE clocked by core_clk_raw  {rise@0.000ns fall@2.857ns period=5.714ns})
  Destination:            u_aes_gcm/u_core/u_ciphertext_fifo/out_data_q_reg[43]/D
                            (rising edge-triggered cell FDRE clocked by core_clk_raw  {rise@0.000ns fall@2.857ns period=5.714ns})
  Path Group:             core_clk_raw
  Path Type:              Hold (Min at Fast Process Corner)
  Requirement:            0.000ns  (core_clk_raw rise@0.000ns - core_clk_raw rise@0.000ns)
  Data Path Delay:        0.501ns  (logic 0.209ns (41.718%)  route 0.292ns (58.282%))
  Logic Levels:           1  (LUT4=1)
  Clock Path Skew:        0.261ns (DCD - SCD - CPR)
    Destination Clock Delay (DCD):    -0.857ns
    Source Clock Delay      (SCD):    -0.614ns
    Clock Pessimism Removal (CPR):    -0.504ns

    Location             Delay type                Incr(ns)  Path(ns)    Netlist Resource(s)
  -------------------------------------------------------------------    -------------------
                         (clock core_clk_raw rise edge)
                                                      0.000     0.000 r  
    E3                                                0.000     0.000 r  clk (IN)
                         net (fo=0)                   0.000     0.000    clk
    E3                   IBUF (Prop_ibuf_I_O)         0.250     0.250 r  clk_IBUF_inst/O
                         net (fo=1, routed)           0.440     0.690    clk_IBUF
    MMCME2_ADV_X1Y2      MMCME2_ADV (Prop_mmcme2_adv_CLKIN1_CLKOUT0)
                                                     -2.379    -1.689 r  u_mmcm/CLKOUT0
                         net (fo=1, routed)           0.499    -1.190    core_clk_raw
    BUFGCTRL_X0Y16       BUFG (Prop_bufg_I_O)         0.026    -1.164 r  u_core_clk_buf/O
                         net (fo=11093, routed)       0.550    -0.614    u_aes_gcm/u_core/core_clk
    SLICE_X56Y129        FDRE                                         r  u_aes_gcm/u_core/ct_prod_data_reg[43]/C
  -------------------------------------------------------------------    -------------------
    SLICE_X56Y129        FDRE (Prop_fdre_C_Q)         0.164    -0.450 r  u_aes_gcm/u_core/ct_prod_data_reg[43]/Q
                         net (fo=3, routed)           0.292    -0.158    u_aes_gcm/u_core/u_ciphertext_fifo/ct_prod_data[43]
    SLICE_X43Y125        LUT4 (Prop_lut4_I3_O)        0.045    -0.113 r  u_aes_gcm/u_core/u_ciphertext_fifo/out_data_q[43]_i_1__1/O
                         net (fo=1, routed)           0.000    -0.113    u_aes_gcm/u_core/u_ciphertext_fifo/out_data_q[43]_i_1__1_n_0
    SLICE_X43Y125        FDRE                                         r  u_aes_gcm/u_core/u_ciphertext_fifo/out_data_q_reg[43]/D
  -------------------------------------------------------------------    -------------------

                         (clock core_clk_raw rise edge)
                                                      0.000     0.000 r  
    E3                                                0.000     0.000 r  clk (IN)
                         net (fo=0)                   0.000     0.000    clk
    E3                   IBUF (Prop_ibuf_I_O)         0.438     0.438 r  clk_IBUF_inst/O
                         net (fo=1, routed)           0.480     0.918    clk_IBUF
    MMCME2_ADV_X1Y2      MMCME2_ADV (Prop_mmcme2_adv_CLKIN1_CLKOUT0)
                                                     -3.163    -2.245 r  u_mmcm/CLKOUT0
                         net (fo=1, routed)           0.544    -1.702    core_clk_raw
    BUFGCTRL_X0Y16       BUFG (Prop_bufg_I_O)         0.029    -1.673 r  u_core_clk_buf/O
                         net (fo=11093, routed)       0.816    -0.857    u_aes_gcm/u_core/u_ciphertext_fifo/core_clk
    SLICE_X43Y125        FDRE                                         r  u_aes_gcm/u_core/u_ciphertext_fifo/out_data_q_reg[43]/C
                         clock pessimism              0.504    -0.353    
    SLICE_X43Y125        FDRE (Hold_fdre_C_D)         0.092    -0.261    u_aes_gcm/u_core/u_ciphertext_fifo/out_data_q_reg[43]
  -------------------------------------------------------------------
                         required time                          0.261    
                         arrival time                          -0.113    
  -------------------------------------------------------------------
                         slack                                  0.148    

Slack (MET) :             0.149ns  (arrival time - required time)
  Source:                 u_aes_gcm/u_registers/aad_len_bits_o_reg[9]/C
                            (rising edge-triggered cell FDRE clocked by core_clk_raw  {rise@0.000ns fall@2.857ns period=5.714ns})
  Destination:            u_aes_gcm/u_core/u_desc_fifo/mem_reg_0_1_18_23/RAMB/I
                            (rising edge-triggered cell RAMD32 clocked by core_clk_raw  {rise@0.000ns fall@2.857ns period=5.714ns})
  Path Group:             core_clk_raw
  Path Type:              Hold (Min at Fast Process Corner)
  Requirement:            0.000ns  (core_clk_raw rise@0.000ns - core_clk_raw rise@0.000ns)
  Data Path Delay:        0.257ns  (logic 0.128ns (49.821%)  route 0.129ns (50.179%))
  Logic Levels:           0  
  Clock Path Skew:        0.015ns (DCD - SCD - CPR)
    Destination Clock Delay (DCD):    -0.844ns
    Source Clock Delay      (SCD):    -0.605ns
    Clock Pessimism Removal (CPR):    -0.254ns

    Location             Delay type                Incr(ns)  Path(ns)    Netlist Resource(s)
  -------------------------------------------------------------------    -------------------
                         (clock core_clk_raw rise edge)
                                                      0.000     0.000 r  
    E3                                                0.000     0.000 r  clk (IN)
                         net (fo=0)                   0.000     0.000    clk
    E3                   IBUF (Prop_ibuf_I_O)         0.250     0.250 r  clk_IBUF_inst/O
                         net (fo=1, routed)           0.440     0.690    clk_IBUF
    MMCME2_ADV_X1Y2      MMCME2_ADV (Prop_mmcme2_adv_CLKIN1_CLKOUT0)
                                                     -2.379    -1.689 r  u_mmcm/CLKOUT0
                         net (fo=1, routed)           0.499    -1.190    core_clk_raw
    BUFGCTRL_X0Y16       BUFG (Prop_bufg_I_O)         0.026    -1.164 r  u_core_clk_buf/O
                         net (fo=11093, routed)       0.559    -0.605    u_aes_gcm/u_registers/core_clk
    SLICE_X59Y140        FDRE                                         r  u_aes_gcm/u_registers/aad_len_bits_o_reg[9]/C
  -------------------------------------------------------------------    -------------------
    SLICE_X59Y140        FDRE (Prop_fdre_C_Q)         0.128    -0.477 r  u_aes_gcm/u_registers/aad_len_bits_o_reg[9]/Q
                         net (fo=2, routed)           0.129    -0.348    u_aes_gcm/u_core/u_desc_fifo/mem_reg_0_1_18_23/DIB0
    SLICE_X58Y139        RAMD32                                       r  u_aes_gcm/u_core/u_desc_fifo/mem_reg_0_1_18_23/RAMB/I
  -------------------------------------------------------------------    -------------------

                         (clock core_clk_raw rise edge)
                                                      0.000     0.000 r  
    E3                                                0.000     0.000 r  clk (IN)
                         net (fo=0)                   0.000     0.000    clk
    E3                   IBUF (Prop_ibuf_I_O)         0.438     0.438 r  clk_IBUF_inst/O
                         net (fo=1, routed)           0.480     0.918    clk_IBUF
    MMCME2_ADV_X1Y2      MMCME2_ADV (Prop_mmcme2_adv_CLKIN1_CLKOUT0)
                                                     -3.163    -2.245 r  u_mmcm/CLKOUT0
                         net (fo=1, routed)           0.544    -1.702    core_clk_raw
    BUFGCTRL_X0Y16       BUFG (Prop_bufg_I_O)         0.029    -1.673 r  u_core_clk_buf/O
                         net (fo=11093, routed)       0.829    -0.844    u_aes_gcm/u_core/u_desc_fifo/mem_reg_0_1_18_23/WCLK
    SLICE_X58Y139        RAMD32                                       r  u_aes_gcm/u_core/u_desc_fifo/mem_reg_0_1_18_23/RAMB/CLK
                         clock pessimism              0.254    -0.590    
    SLICE_X58Y139        RAMD32 (Hold_ramd32_CLK_I)
                                                      0.093    -0.497    u_aes_gcm/u_core/u_desc_fifo/mem_reg_0_1_18_23/RAMB
  -------------------------------------------------------------------
                         required time                          0.497    
                         arrival time                          -0.348    
  -------------------------------------------------------------------
                         slack                                  0.149    

Slack (MET) :             0.149ns  (arrival time - required time)
  Source:                 u_aes_gcm/u_core/ct_prod_data_reg[28]/C
                            (rising edge-triggered cell FDRE clocked by core_clk_raw  {rise@0.000ns fall@2.857ns period=5.714ns})
  Destination:            u_aes_gcm/u_core/u_ciphertext_fifo/mem_reg_0_3_24_29/RAMC/I
                            (rising edge-triggered cell RAMD32 clocked by core_clk_raw  {rise@0.000ns fall@2.857ns period=5.714ns})
  Path Group:             core_clk_raw
  Path Type:              Hold (Min at Fast Process Corner)
  Requirement:            0.000ns  (core_clk_raw rise@0.000ns - core_clk_raw rise@0.000ns)
  Data Path Delay:        0.557ns  (logic 0.141ns (25.308%)  route 0.416ns (74.692%))
  Logic Levels:           0  
  Clock Path Skew:        0.264ns (DCD - SCD - CPR)
    Destination Clock Delay (DCD):    -0.857ns
    Source Clock Delay      (SCD):    -0.617ns
    Clock Pessimism Removal (CPR):    -0.504ns

    Location             Delay type                Incr(ns)  Path(ns)    Netlist Resource(s)
  -------------------------------------------------------------------    -------------------
                         (clock core_clk_raw rise edge)
                                                      0.000     0.000 r  
    E3                                                0.000     0.000 r  clk (IN)
                         net (fo=0)                   0.000     0.000    clk
    E3                   IBUF (Prop_ibuf_I_O)         0.250     0.250 r  clk_IBUF_inst/O
                         net (fo=1, routed)           0.440     0.690    clk_IBUF
    MMCME2_ADV_X1Y2      MMCME2_ADV (Prop_mmcme2_adv_CLKIN1_CLKOUT0)
                                                     -2.379    -1.689 r  u_mmcm/CLKOUT0
                         net (fo=1, routed)           0.499    -1.190    core_clk_raw
    BUFGCTRL_X0Y16       BUFG (Prop_bufg_I_O)         0.026    -1.164 r  u_core_clk_buf/O
                         net (fo=11093, routed)       0.547    -0.617    u_aes_gcm/u_core/core_clk
    SLICE_X61Y124        FDRE                                         r  u_aes_gcm/u_core/ct_prod_data_reg[28]/C
  -------------------------------------------------------------------    -------------------
    SLICE_X61Y124        FDRE (Prop_fdre_C_Q)         0.141    -0.476 r  u_aes_gcm/u_core/ct_prod_data_reg[28]/Q
                         net (fo=3, routed)           0.416    -0.060    u_aes_gcm/u_core/u_ciphertext_fifo/mem_reg_0_3_24_29/DIC0
    SLICE_X46Y123        RAMD32                                       r  u_aes_gcm/u_core/u_ciphertext_fifo/mem_reg_0_3_24_29/RAMC/I
  -------------------------------------------------------------------    -------------------

                         (clock core_clk_raw rise edge)
                                                      0.000     0.000 r  
    E3                                                0.000     0.000 r  clk (IN)
                         net (fo=0)                   0.000     0.000    clk
    E3                   IBUF (Prop_ibuf_I_O)         0.438     0.438 r  clk_IBUF_inst/O
                         net (fo=1, routed)           0.480     0.918    clk_IBUF
    MMCME2_ADV_X1Y2      MMCME2_ADV (Prop_mmcme2_adv_CLKIN1_CLKOUT0)
                                                     -3.163    -2.245 r  u_mmcm/CLKOUT0
                         net (fo=1, routed)           0.544    -1.702    core_clk_raw
    BUFGCTRL_X0Y16       BUFG (Prop_bufg_I_O)         0.029    -1.673 r  u_core_clk_buf/O
                         net (fo=11093, routed)       0.816    -0.857    u_aes_gcm/u_core/u_ciphertext_fifo/mem_reg_0_3_24_29/WCLK
    SLICE_X46Y123        RAMD32                                       r  u_aes_gcm/u_core/u_ciphertext_fifo/mem_reg_0_3_24_29/RAMC/CLK
                         clock pessimism              0.504    -0.353    
    SLICE_X46Y123        RAMD32 (Hold_ramd32_CLK_I)
                                                      0.144    -0.209    u_aes_gcm/u_core/u_ciphertext_fifo/mem_reg_0_3_24_29/RAMC
  -------------------------------------------------------------------
                         required time                          0.209    
                         arrival time                          -0.060    
  -------------------------------------------------------------------
                         slack                                  0.149    

Slack (MET) :             0.149ns  (arrival time - required time)
  Source:                 u_aes_gcm/u_registers/iv_len_bits_o_reg[1]/C
                            (rising edge-triggered cell FDRE clocked by core_clk_raw  {rise@0.000ns fall@2.857ns period=5.714ns})
  Destination:            u_aes_gcm/u_core/u_desc_fifo/mem_reg_0_1_18_23/RAMC_D1/I
                            (rising edge-triggered cell RAMD32 clocked by core_clk_raw  {rise@0.000ns fall@2.857ns period=5.714ns})
  Path Group:             core_clk_raw
  Path Type:              Hold (Min at Fast Process Corner)
  Requirement:            0.000ns  (core_clk_raw rise@0.000ns - core_clk_raw rise@0.000ns)
  Data Path Delay:        0.278ns  (logic 0.141ns (50.638%)  route 0.137ns (49.362%))
  Logic Levels:           0  
  Clock Path Skew:        0.015ns (DCD - SCD - CPR)
    Destination Clock Delay (DCD):    -0.844ns
    Source Clock Delay      (SCD):    -0.605ns
    Clock Pessimism Removal (CPR):    -0.254ns

    Location             Delay type                Incr(ns)  Path(ns)    Netlist Resource(s)
  -------------------------------------------------------------------    -------------------
                         (clock core_clk_raw rise edge)
                                                      0.000     0.000 r  
    E3                                                0.000     0.000 r  clk (IN)
                         net (fo=0)                   0.000     0.000    clk
    E3                   IBUF (Prop_ibuf_I_O)         0.250     0.250 r  clk_IBUF_inst/O
                         net (fo=1, routed)           0.440     0.690    clk_IBUF
    MMCME2_ADV_X1Y2      MMCME2_ADV (Prop_mmcme2_adv_CLKIN1_CLKOUT0)
                                                     -2.379    -1.689 r  u_mmcm/CLKOUT0
                         net (fo=1, routed)           0.499    -1.190    core_clk_raw
    BUFGCTRL_X0Y16       BUFG (Prop_bufg_I_O)         0.026    -1.164 r  u_core_clk_buf/O
                         net (fo=11093, routed)       0.559    -0.605    u_aes_gcm/u_registers/core_clk
    SLICE_X59Y141        FDRE                                         r  u_aes_gcm/u_registers/iv_len_bits_o_reg[1]/C
  -------------------------------------------------------------------    -------------------
    SLICE_X59Y141        FDRE (Prop_fdre_C_Q)         0.141    -0.464 r  u_aes_gcm/u_registers/iv_len_bits_o_reg[1]/Q
                         net (fo=3, routed)           0.137    -0.327    u_aes_gcm/u_core/u_desc_fifo/mem_reg_0_1_18_23/DIC1
    SLICE_X58Y139        RAMD32                                       r  u_aes_gcm/u_core/u_desc_fifo/mem_reg_0_1_18_23/RAMC_D1/I
  -------------------------------------------------------------------    -------------------

                         (clock core_clk_raw rise edge)
                                                      0.000     0.000 r  
    E3                                                0.000     0.000 r  clk (IN)
                         net (fo=0)                   0.000     0.000    clk
    E3                   IBUF (Prop_ibuf_I_O)         0.438     0.438 r  clk_IBUF_inst/O
                         net (fo=1, routed)           0.480     0.918    clk_IBUF
    MMCME2_ADV_X1Y2      MMCME2_ADV (Prop_mmcme2_adv_CLKIN1_CLKOUT0)
                                                     -3.163    -2.245 r  u_mmcm/CLKOUT0
                         net (fo=1, routed)           0.544    -1.702    core_clk_raw
    BUFGCTRL_X0Y16       BUFG (Prop_bufg_I_O)         0.029    -1.673 r  u_core_clk_buf/O
                         net (fo=11093, routed)       0.829    -0.844    u_aes_gcm/u_core/u_desc_fifo/mem_reg_0_1_18_23/WCLK
    SLICE_X58Y139        RAMD32                                       r  u_aes_gcm/u_core/u_desc_fifo/mem_reg_0_1_18_23/RAMC_D1/CLK
                         clock pessimism              0.254    -0.590    
    SLICE_X58Y139        RAMD32 (Hold_ramd32_CLK_I)
                                                      0.114    -0.476    u_aes_gcm/u_core/u_desc_fifo/mem_reg_0_1_18_23/RAMC_D1
  -------------------------------------------------------------------
                         required time                          0.476    
                         arrival time                          -0.327    
  -------------------------------------------------------------------
                         slack                                  0.149    

Slack (MET) :             0.149ns  (arrival time - required time)
  Source:                 u_aes_gcm/u_registers/iv_len_bits_o_reg[8]/C
                            (rising edge-triggered cell FDRE clocked by core_clk_raw  {rise@0.000ns fall@2.857ns period=5.714ns})
  Destination:            u_aes_gcm/u_core/u_desc_fifo/mem_reg_0_1_30_35/RAMA/I
                            (rising edge-triggered cell RAMD32 clocked by core_clk_raw  {rise@0.000ns fall@2.857ns period=5.714ns})
  Path Group:             core_clk_raw
  Path Type:              Hold (Min at Fast Process Corner)
  Requirement:            0.000ns  (core_clk_raw rise@0.000ns - core_clk_raw rise@0.000ns)
  Data Path Delay:        0.505ns  (logic 0.128ns (25.332%)  route 0.377ns (74.668%))
  Logic Levels:           0  
  Clock Path Skew:        0.263ns (DCD - SCD - CPR)
    Destination Clock Delay (DCD):    -0.846ns
    Source Clock Delay      (SCD):    -0.605ns
    Clock Pessimism Removal (CPR):    -0.504ns

    Location             Delay type                Incr(ns)  Path(ns)    Netlist Resource(s)
  -------------------------------------------------------------------    -------------------
                         (clock core_clk_raw rise edge)
                                                      0.000     0.000 r  
    E3                                                0.000     0.000 r  clk (IN)
                         net (fo=0)                   0.000     0.000    clk
    E3                   IBUF (Prop_ibuf_I_O)         0.250     0.250 r  clk_IBUF_inst/O
                         net (fo=1, routed)           0.440     0.690    clk_IBUF
    MMCME2_ADV_X1Y2      MMCME2_ADV (Prop_mmcme2_adv_CLKIN1_CLKOUT0)
                                                     -2.379    -1.689 r  u_mmcm/CLKOUT0
                         net (fo=1, routed)           0.499    -1.190    core_clk_raw
    BUFGCTRL_X0Y16       BUFG (Prop_bufg_I_O)         0.026    -1.164 r  u_core_clk_buf/O
                         net (fo=11093, routed)       0.559    -0.605    u_aes_gcm/u_registers/core_clk
    SLICE_X59Y141        FDRE                                         r  u_aes_gcm/u_registers/iv_len_bits_o_reg[8]/C
  -------------------------------------------------------------------    -------------------
    SLICE_X59Y141        FDRE (Prop_fdre_C_Q)         0.128    -0.477 r  u_aes_gcm/u_registers/iv_len_bits_o_reg[8]/Q
                         net (fo=3, routed)           0.377    -0.100    u_aes_gcm/u_core/u_desc_fifo/mem_reg_0_1_30_35/DIA0
    SLICE_X50Y139        RAMD32                                       r  u_aes_gcm/u_core/u_desc_fifo/mem_reg_0_1_30_35/RAMA/I
  -------------------------------------------------------------------    -------------------

                         (clock core_clk_raw rise edge)
                                                      0.000     0.000 r  
    E3                                                0.000     0.000 r  clk (IN)
                         net (fo=0)                   0.000     0.000    clk
    E3                   IBUF (Prop_ibuf_I_O)         0.438     0.438 r  clk_IBUF_inst/O
                         net (fo=1, routed)           0.480     0.918    clk_IBUF
    MMCME2_ADV_X1Y2      MMCME2_ADV (Prop_mmcme2_adv_CLKIN1_CLKOUT0)
                                                     -3.163    -2.245 r  u_mmcm/CLKOUT0
                         net (fo=1, routed)           0.544    -1.702    core_clk_raw
    BUFGCTRL_X0Y16       BUFG (Prop_bufg_I_O)         0.029    -1.673 r  u_core_clk_buf/O
                         net (fo=11093, routed)       0.827    -0.846    u_aes_gcm/u_core/u_desc_fifo/mem_reg_0_1_30_35/WCLK
    SLICE_X50Y139        RAMD32                                       r  u_aes_gcm/u_core/u_desc_fifo/mem_reg_0_1_30_35/RAMA/CLK
                         clock pessimism              0.504    -0.342    
    SLICE_X50Y139        RAMD32 (Hold_ramd32_CLK_I)
                                                      0.093    -0.249    u_aes_gcm/u_core/u_desc_fifo/mem_reg_0_1_30_35/RAMA
  -------------------------------------------------------------------
                         required time                          0.249    
                         arrival time                          -0.100    
  -------------------------------------------------------------------
                         slack                                  0.149    

Slack (MET) :             0.150ns  (arrival time - required time)
  Source:                 u_aes_gcm/u_core/aes_meta_stage_data_r_reg[10]/C
                            (rising edge-triggered cell FDRE clocked by core_clk_raw  {rise@0.000ns fall@2.857ns period=5.714ns})
  Destination:            u_aes_gcm/u_core/u_aes_meta_fifo/mem_reg_0_3_6_11/RAMC/I
                            (rising edge-triggered cell RAMD32 clocked by core_clk_raw  {rise@0.000ns fall@2.857ns period=5.714ns})
  Path Group:             core_clk_raw
  Path Type:              Hold (Min at Fast Process Corner)
  Requirement:            0.000ns  (core_clk_raw rise@0.000ns - core_clk_raw rise@0.000ns)
  Data Path Delay:        0.329ns  (logic 0.141ns (42.863%)  route 0.188ns (57.137%))
  Logic Levels:           0  
  Clock Path Skew:        0.035ns (DCD - SCD - CPR)
    Destination Clock Delay (DCD):    -0.839ns
    Source Clock Delay      (SCD):    -0.599ns
    Clock Pessimism Removal (CPR):    -0.275ns

    Location             Delay type                Incr(ns)  Path(ns)    Netlist Resource(s)
  -------------------------------------------------------------------    -------------------
                         (clock core_clk_raw rise edge)
                                                      0.000     0.000 r  
    E3                                                0.000     0.000 r  clk (IN)
                         net (fo=0)                   0.000     0.000    clk
    E3                   IBUF (Prop_ibuf_I_O)         0.250     0.250 r  clk_IBUF_inst/O
                         net (fo=1, routed)           0.440     0.690    clk_IBUF
    MMCME2_ADV_X1Y2      MMCME2_ADV (Prop_mmcme2_adv_CLKIN1_CLKOUT0)
                                                     -2.379    -1.689 r  u_mmcm/CLKOUT0
                         net (fo=1, routed)           0.499    -1.190    core_clk_raw
    BUFGCTRL_X0Y16       BUFG (Prop_bufg_I_O)         0.026    -1.164 r  u_core_clk_buf/O
                         net (fo=11093, routed)       0.565    -0.599    u_aes_gcm/u_core/core_clk
    SLICE_X28Y140        FDRE                                         r  u_aes_gcm/u_core/aes_meta_stage_data_r_reg[10]/C
  -------------------------------------------------------------------    -------------------
    SLICE_X28Y140        FDRE (Prop_fdre_C_Q)         0.141    -0.458 r  u_aes_gcm/u_core/aes_meta_stage_data_r_reg[10]/Q
                         net (fo=2, routed)           0.188    -0.270    u_aes_gcm/u_core/u_aes_meta_fifo/mem_reg_0_3_6_11/DIC0
    SLICE_X34Y140        RAMD32                                       r  u_aes_gcm/u_core/u_aes_meta_fifo/mem_reg_0_3_6_11/RAMC/I
  -------------------------------------------------------------------    -------------------

                         (clock core_clk_raw rise edge)
                                                      0.000     0.000 r  
    E3                                                0.000     0.000 r  clk (IN)
                         net (fo=0)                   0.000     0.000    clk
    E3                   IBUF (Prop_ibuf_I_O)         0.438     0.438 r  clk_IBUF_inst/O
                         net (fo=1, routed)           0.480     0.918    clk_IBUF
    MMCME2_ADV_X1Y2      MMCME2_ADV (Prop_mmcme2_adv_CLKIN1_CLKOUT0)
                                                     -3.163    -2.245 r  u_mmcm/CLKOUT0
                         net (fo=1, routed)           0.544    -1.702    core_clk_raw
    BUFGCTRL_X0Y16       BUFG (Prop_bufg_I_O)         0.029    -1.673 r  u_core_clk_buf/O
                         net (fo=11093, routed)       0.834    -0.839    u_aes_gcm/u_core/u_aes_meta_fifo/mem_reg_0_3_6_11/WCLK
    SLICE_X34Y140        RAMD32                                       r  u_aes_gcm/u_core/u_aes_meta_fifo/mem_reg_0_3_6_11/RAMC/CLK
                         clock pessimism              0.275    -0.564    
    SLICE_X34Y140        RAMD32 (Hold_ramd32_CLK_I)
                                                      0.144    -0.420    u_aes_gcm/u_core/u_aes_meta_fifo/mem_reg_0_3_6_11/RAMC
  -------------------------------------------------------------------
                         required time                          0.420    
                         arrival time                          -0.270    
  -------------------------------------------------------------------
                         slack                                  0.150    

Slack (MET) :             0.150ns  (arrival time - required time)
  Source:                 u_bridge/tag_count_r_reg[2]/C
                            (rising edge-triggered cell FDRE clocked by core_clk_raw  {rise@0.000ns fall@2.857ns period=5.714ns})
  Destination:            u_bridge/tag_capture_mem_reg_0_15_0_5/RAMA/WADR2
                            (rising edge-triggered cell RAMD32 clocked by core_clk_raw  {rise@0.000ns fall@2.857ns period=5.714ns})
  Path Group:             core_clk_raw
  Path Type:              Hold (Min at Fast Process Corner)
  Requirement:            0.000ns  (core_clk_raw rise@0.000ns - core_clk_raw rise@0.000ns)
  Data Path Delay:        0.439ns  (logic 0.141ns (32.119%)  route 0.298ns (67.881%))
  Logic Levels:           0  
  Clock Path Skew:        0.035ns (DCD - SCD - CPR)
    Destination Clock Delay (DCD):    -0.752ns
    Source Clock Delay      (SCD):    -0.516ns
    Clock Pessimism Removal (CPR):    -0.271ns

    Location             Delay type                Incr(ns)  Path(ns)    Netlist Resource(s)
  -------------------------------------------------------------------    -------------------
                         (clock core_clk_raw rise edge)
                                                      0.000     0.000 r  
    E3                                                0.000     0.000 r  clk (IN)
                         net (fo=0)                   0.000     0.000    clk
    E3                   IBUF (Prop_ibuf_I_O)         0.250     0.250 r  clk_IBUF_inst/O
                         net (fo=1, routed)           0.440     0.690    clk_IBUF
    MMCME2_ADV_X1Y2      MMCME2_ADV (Prop_mmcme2_adv_CLKIN1_CLKOUT0)
                                                     -2.379    -1.689 r  u_mmcm/CLKOUT0
                         net (fo=1, routed)           0.499    -1.190    core_clk_raw
    BUFGCTRL_X0Y16       BUFG (Prop_bufg_I_O)         0.026    -1.164 r  u_core_clk_buf/O
                         net (fo=11093, routed)       0.648    -0.516    u_bridge/core_clk
    SLICE_X29Y156        FDRE                                         r  u_bridge/tag_count_r_reg[2]/C
  -------------------------------------------------------------------    -------------------
    SLICE_X29Y156        FDRE (Prop_fdre_C_Q)         0.141    -0.375 r  u_bridge/tag_count_r_reg[2]/Q
                         net (fo=19, routed)          0.298    -0.077    u_bridge/tag_capture_mem_reg_0_15_0_5/ADDRD2
    SLICE_X30Y157        RAMD32                                       r  u_bridge/tag_capture_mem_reg_0_15_0_5/RAMA/WADR2
  -------------------------------------------------------------------    -------------------

                         (clock core_clk_raw rise edge)
                                                      0.000     0.000 r  
    E3                                                0.000     0.000 r  clk (IN)
                         net (fo=0)                   0.000     0.000    clk
    E3                   IBUF (Prop_ibuf_I_O)         0.438     0.438 r  clk_IBUF_inst/O
                         net (fo=1, routed)           0.480     0.918    clk_IBUF
    MMCME2_ADV_X1Y2      MMCME2_ADV (Prop_mmcme2_adv_CLKIN1_CLKOUT0)
                                                     -3.163    -2.245 r  u_mmcm/CLKOUT0
                         net (fo=1, routed)           0.544    -1.702    core_clk_raw
    BUFGCTRL_X0Y16       BUFG (Prop_bufg_I_O)         0.029    -1.673 r  u_core_clk_buf/O
                         net (fo=11093, routed)       0.921    -0.752    u_bridge/tag_capture_mem_reg_0_15_0_5/WCLK
    SLICE_X30Y157        RAMD32                                       r  u_bridge/tag_capture_mem_reg_0_15_0_5/RAMA/CLK
                         clock pessimism              0.271    -0.481    
    SLICE_X30Y157        RAMD32 (Hold_ramd32_CLK_WADR2)
                                                      0.254    -0.227    u_bridge/tag_capture_mem_reg_0_15_0_5/RAMA
  -------------------------------------------------------------------
                         required time                          0.227    
                         arrival time                          -0.077    
  -------------------------------------------------------------------
                         slack                                  0.150    

Slack (MET) :             0.150ns  (arrival time - required time)
  Source:                 u_bridge/tag_count_r_reg[2]/C
                            (rising edge-triggered cell FDRE clocked by core_clk_raw  {rise@0.000ns fall@2.857ns period=5.714ns})
  Destination:            u_bridge/tag_capture_mem_reg_0_15_0_5/RAMA_D1/WADR2
                            (rising edge-triggered cell RAMD32 clocked by core_clk_raw  {rise@0.000ns fall@2.857ns period=5.714ns})
  Path Group:             core_clk_raw
  Path Type:              Hold (Min at Fast Process Corner)
  Requirement:            0.000ns  (core_clk_raw rise@0.000ns - core_clk_raw rise@0.000ns)
  Data Path Delay:        0.439ns  (logic 0.141ns (32.119%)  route 0.298ns (67.881%))
  Logic Levels:           0  
  Clock Path Skew:        0.035ns (DCD - SCD - CPR)
    Destination Clock Delay (DCD):    -0.752ns
    Source Clock Delay      (SCD):    -0.516ns
    Clock Pessimism Removal (CPR):    -0.271ns

    Location             Delay type                Incr(ns)  Path(ns)    Netlist Resource(s)
  -------------------------------------------------------------------    -------------------
                         (clock core_clk_raw rise edge)
                                                      0.000     0.000 r  
    E3                                                0.000     0.000 r  clk (IN)
                         net (fo=0)                   0.000     0.000    clk
    E3                   IBUF (Prop_ibuf_I_O)         0.250     0.250 r  clk_IBUF_inst/O
                         net (fo=1, routed)           0.440     0.690    clk_IBUF
    MMCME2_ADV_X1Y2      MMCME2_ADV (Prop_mmcme2_adv_CLKIN1_CLKOUT0)
                                                     -2.379    -1.689 r  u_mmcm/CLKOUT0
                         net (fo=1, routed)           0.499    -1.190    core_clk_raw
    BUFGCTRL_X0Y16       BUFG (Prop_bufg_I_O)         0.026    -1.164 r  u_core_clk_buf/O
                         net (fo=11093, routed)       0.648    -0.516    u_bridge/core_clk
    SLICE_X29Y156        FDRE                                         r  u_bridge/tag_count_r_reg[2]/C
  -------------------------------------------------------------------    -------------------
    SLICE_X29Y156        FDRE (Prop_fdre_C_Q)         0.141    -0.375 r  u_bridge/tag_count_r_reg[2]/Q
                         net (fo=19, routed)          0.298    -0.077    u_bridge/tag_capture_mem_reg_0_15_0_5/ADDRD2
    SLICE_X30Y157        RAMD32                                       r  u_bridge/tag_capture_mem_reg_0_15_0_5/RAMA_D1/WADR2
  -------------------------------------------------------------------    -------------------

                         (clock core_clk_raw rise edge)
                                                      0.000     0.000 r  
    E3                                                0.000     0.000 r  clk (IN)
                         net (fo=0)                   0.000     0.000    clk
    E3                   IBUF (Prop_ibuf_I_O)         0.438     0.438 r  clk_IBUF_inst/O
                         net (fo=1, routed)           0.480     0.918    clk_IBUF
    MMCME2_ADV_X1Y2      MMCME2_ADV (Prop_mmcme2_adv_CLKIN1_CLKOUT0)
                                                     -3.163    -2.245 r  u_mmcm/CLKOUT0
                         net (fo=1, routed)           0.544    -1.702    core_clk_raw
    BUFGCTRL_X0Y16       BUFG (Prop_bufg_I_O)         0.029    -1.673 r  u_core_clk_buf/O
                         net (fo=11093, routed)       0.921    -0.752    u_bridge/tag_capture_mem_reg_0_15_0_5/WCLK
    SLICE_X30Y157        RAMD32                                       r  u_bridge/tag_capture_mem_reg_0_15_0_5/RAMA_D1/CLK
                         clock pessimism              0.271    -0.481    
    SLICE_X30Y157        RAMD32 (Hold_ramd32_CLK_WADR2)
                                                      0.254    -0.227    u_bridge/tag_capture_mem_reg_0_15_0_5/RAMA_D1
  -------------------------------------------------------------------
                         required time                          0.227    
                         arrival time                          -0.077    
  -------------------------------------------------------------------
                         slack                                  0.150    

Slack (MET) :             0.150ns  (arrival time - required time)
  Source:                 u_bridge/tag_count_r_reg[2]/C
                            (rising edge-triggered cell FDRE clocked by core_clk_raw  {rise@0.000ns fall@2.857ns period=5.714ns})
  Destination:            u_bridge/tag_capture_mem_reg_0_15_0_5/RAMB/WADR2
                            (rising edge-triggered cell RAMD32 clocked by core_clk_raw  {rise@0.000ns fall@2.857ns period=5.714ns})
  Path Group:             core_clk_raw
  Path Type:              Hold (Min at Fast Process Corner)
  Requirement:            0.000ns  (core_clk_raw rise@0.000ns - core_clk_raw rise@0.000ns)
  Data Path Delay:        0.439ns  (logic 0.141ns (32.119%)  route 0.298ns (67.881%))
  Logic Levels:           0  
  Clock Path Skew:        0.035ns (DCD - SCD - CPR)
    Destination Clock Delay (DCD):    -0.752ns
    Source Clock Delay      (SCD):    -0.516ns
    Clock Pessimism Removal (CPR):    -0.271ns

    Location             Delay type                Incr(ns)  Path(ns)    Netlist Resource(s)
  -------------------------------------------------------------------    -------------------
                         (clock core_clk_raw rise edge)
                                                      0.000     0.000 r  
    E3                                                0.000     0.000 r  clk (IN)
                         net (fo=0)                   0.000     0.000    clk
    E3                   IBUF (Prop_ibuf_I_O)         0.250     0.250 r  clk_IBUF_inst/O
                         net (fo=1, routed)           0.440     0.690    clk_IBUF
    MMCME2_ADV_X1Y2      MMCME2_ADV (Prop_mmcme2_adv_CLKIN1_CLKOUT0)
                                                     -2.379    -1.689 r  u_mmcm/CLKOUT0
                         net (fo=1, routed)           0.499    -1.190    core_clk_raw
    BUFGCTRL_X0Y16       BUFG (Prop_bufg_I_O)         0.026    -1.164 r  u_core_clk_buf/O
                         net (fo=11093, routed)       0.648    -0.516    u_bridge/core_clk
    SLICE_X29Y156        FDRE                                         r  u_bridge/tag_count_r_reg[2]/C
  -------------------------------------------------------------------    -------------------
    SLICE_X29Y156        FDRE (Prop_fdre_C_Q)         0.141    -0.375 r  u_bridge/tag_count_r_reg[2]/Q
                         net (fo=19, routed)          0.298    -0.077    u_bridge/tag_capture_mem_reg_0_15_0_5/ADDRD2
    SLICE_X30Y157        RAMD32                                       r  u_bridge/tag_capture_mem_reg_0_15_0_5/RAMB/WADR2
  -------------------------------------------------------------------    -------------------

                         (clock core_clk_raw rise edge)
                                                      0.000     0.000 r  
    E3                                                0.000     0.000 r  clk (IN)
                         net (fo=0)                   0.000     0.000    clk
    E3                   IBUF (Prop_ibuf_I_O)         0.438     0.438 r  clk_IBUF_inst/O
                         net (fo=1, routed)           0.480     0.918    clk_IBUF
    MMCME2_ADV_X1Y2      MMCME2_ADV (Prop_mmcme2_adv_CLKIN1_CLKOUT0)
                                                     -3.163    -2.245 r  u_mmcm/CLKOUT0
                         net (fo=1, routed)           0.544    -1.702    core_clk_raw
    BUFGCTRL_X0Y16       BUFG (Prop_bufg_I_O)         0.029    -1.673 r  u_core_clk_buf/O
                         net (fo=11093, routed)       0.921    -0.752    u_bridge/tag_capture_mem_reg_0_15_0_5/WCLK
    SLICE_X30Y157        RAMD32                                       r  u_bridge/tag_capture_mem_reg_0_15_0_5/RAMB/CLK
                         clock pessimism              0.271    -0.481    
    SLICE_X30Y157        RAMD32 (Hold_ramd32_CLK_WADR2)
                                                      0.254    -0.227    u_bridge/tag_capture_mem_reg_0_15_0_5/RAMB
  -------------------------------------------------------------------
                         required time                          0.227    
                         arrival time                          -0.077    
  -------------------------------------------------------------------
                         slack                                  0.150    

Slack (MET) :             0.150ns  (arrival time - required time)
  Source:                 u_bridge/tag_count_r_reg[2]/C
                            (rising edge-triggered cell FDRE clocked by core_clk_raw  {rise@0.000ns fall@2.857ns period=5.714ns})
  Destination:            u_bridge/tag_capture_mem_reg_0_15_0_5/RAMB_D1/WADR2
                            (rising edge-triggered cell RAMD32 clocked by core_clk_raw  {rise@0.000ns fall@2.857ns period=5.714ns})
  Path Group:             core_clk_raw
  Path Type:              Hold (Min at Fast Process Corner)
  Requirement:            0.000ns  (core_clk_raw rise@0.000ns - core_clk_raw rise@0.000ns)
  Data Path Delay:        0.439ns  (logic 0.141ns (32.119%)  route 0.298ns (67.881%))
  Logic Levels:           0  
  Clock Path Skew:        0.035ns (DCD - SCD - CPR)
    Destination Clock Delay (DCD):    -0.752ns
    Source Clock Delay      (SCD):    -0.516ns
    Clock Pessimism Removal (CPR):    -0.271ns

    Location             Delay type                Incr(ns)  Path(ns)    Netlist Resource(s)
  -------------------------------------------------------------------    -------------------
                         (clock core_clk_raw rise edge)
                                                      0.000     0.000 r  
    E3                                                0.000     0.000 r  clk (IN)
                         net (fo=0)                   0.000     0.000    clk
    E3                   IBUF (Prop_ibuf_I_O)         0.250     0.250 r  clk_IBUF_inst/O
                         net (fo=1, routed)           0.440     0.690    clk_IBUF
    MMCME2_ADV_X1Y2      MMCME2_ADV (Prop_mmcme2_adv_CLKIN1_CLKOUT0)
                                                     -2.379    -1.689 r  u_mmcm/CLKOUT0
                         net (fo=1, routed)           0.499    -1.190    core_clk_raw
    BUFGCTRL_X0Y16       BUFG (Prop_bufg_I_O)         0.026    -1.164 r  u_core_clk_buf/O
                         net (fo=11093, routed)       0.648    -0.516    u_bridge/core_clk
    SLICE_X29Y156        FDRE                                         r  u_bridge/tag_count_r_reg[2]/C
  -------------------------------------------------------------------    -------------------
    SLICE_X29Y156        FDRE (Prop_fdre_C_Q)         0.141    -0.375 r  u_bridge/tag_count_r_reg[2]/Q
                         net (fo=19, routed)          0.298    -0.077    u_bridge/tag_capture_mem_reg_0_15_0_5/ADDRD2
    SLICE_X30Y157        RAMD32                                       r  u_bridge/tag_capture_mem_reg_0_15_0_5/RAMB_D1/WADR2
  -------------------------------------------------------------------    -------------------

                         (clock core_clk_raw rise edge)
                                                      0.000     0.000 r  
    E3                                                0.000     0.000 r  clk (IN)
                         net (fo=0)                   0.000     0.000    clk
    E3                   IBUF (Prop_ibuf_I_O)         0.438     0.438 r  clk_IBUF_inst/O
                         net (fo=1, routed)           0.480     0.918    clk_IBUF
    MMCME2_ADV_X1Y2      MMCME2_ADV (Prop_mmcme2_adv_CLKIN1_CLKOUT0)
                                                     -3.163    -2.245 r  u_mmcm/CLKOUT0
                         net (fo=1, routed)           0.544    -1.702    core_clk_raw
    BUFGCTRL_X0Y16       BUFG (Prop_bufg_I_O)         0.029    -1.673 r  u_core_clk_buf/O
                         net (fo=11093, routed)       0.921    -0.752    u_bridge/tag_capture_mem_reg_0_15_0_5/WCLK
    SLICE_X30Y157        RAMD32                                       r  u_bridge/tag_capture_mem_reg_0_15_0_5/RAMB_D1/CLK
                         clock pessimism              0.271    -0.481    
    SLICE_X30Y157        RAMD32 (Hold_ramd32_CLK_WADR2)
                                                      0.254    -0.227    u_bridge/tag_capture_mem_reg_0_15_0_5/RAMB_D1
  -------------------------------------------------------------------
                         required time                          0.227    
                         arrival time                          -0.077    
  -------------------------------------------------------------------
                         slack                                  0.150    

Slack (MET) :             0.150ns  (arrival time - required time)
  Source:                 u_bridge/tag_count_r_reg[2]/C
                            (rising edge-triggered cell FDRE clocked by core_clk_raw  {rise@0.000ns fall@2.857ns period=5.714ns})
  Destination:            u_bridge/tag_capture_mem_reg_0_15_0_5/RAMC/WADR2
                            (rising edge-triggered cell RAMD32 clocked by core_clk_raw  {rise@0.000ns fall@2.857ns period=5.714ns})
  Path Group:             core_clk_raw
  Path Type:              Hold (Min at Fast Process Corner)
  Requirement:            0.000ns  (core_clk_raw rise@0.000ns - core_clk_raw rise@0.000ns)
  Data Path Delay:        0.439ns  (logic 0.141ns (32.119%)  route 0.298ns (67.881%))
  Logic Levels:           0  
  Clock Path Skew:        0.035ns (DCD - SCD - CPR)
    Destination Clock Delay (DCD):    -0.752ns
    Source Clock Delay      (SCD):    -0.516ns
    Clock Pessimism Removal (CPR):    -0.271ns

    Location             Delay type                Incr(ns)  Path(ns)    Netlist Resource(s)
  -------------------------------------------------------------------    -------------------
                         (clock core_clk_raw rise edge)
                                                      0.000     0.000 r  
    E3                                                0.000     0.000 r  clk (IN)
                         net (fo=0)                   0.000     0.000    clk
    E3                   IBUF (Prop_ibuf_I_O)         0.250     0.250 r  clk_IBUF_inst/O
                         net (fo=1, routed)           0.440     0.690    clk_IBUF
    MMCME2_ADV_X1Y2      MMCME2_ADV (Prop_mmcme2_adv_CLKIN1_CLKOUT0)
                                                     -2.379    -1.689 r  u_mmcm/CLKOUT0
                         net (fo=1, routed)           0.499    -1.190    core_clk_raw
    BUFGCTRL_X0Y16       BUFG (Prop_bufg_I_O)         0.026    -1.164 r  u_core_clk_buf/O
                         net (fo=11093, routed)       0.648    -0.516    u_bridge/core_clk
    SLICE_X29Y156        FDRE                                         r  u_bridge/tag_count_r_reg[2]/C
  -------------------------------------------------------------------    -------------------
    SLICE_X29Y156        FDRE (Prop_fdre_C_Q)         0.141    -0.375 r  u_bridge/tag_count_r_reg[2]/Q
                         net (fo=19, routed)          0.298    -0.077    u_bridge/tag_capture_mem_reg_0_15_0_5/ADDRD2
    SLICE_X30Y157        RAMD32                                       r  u_bridge/tag_capture_mem_reg_0_15_0_5/RAMC/WADR2
  -------------------------------------------------------------------    -------------------

                         (clock core_clk_raw rise edge)
                                                      0.000     0.000 r  
    E3                                                0.000     0.000 r  clk (IN)
                         net (fo=0)                   0.000     0.000    clk
    E3                   IBUF (Prop_ibuf_I_O)         0.438     0.438 r  clk_IBUF_inst/O
                         net (fo=1, routed)           0.480     0.918    clk_IBUF
    MMCME2_ADV_X1Y2      MMCME2_ADV (Prop_mmcme2_adv_CLKIN1_CLKOUT0)
                                                     -3.163    -2.245 r  u_mmcm/CLKOUT0
                         net (fo=1, routed)           0.544    -1.702    core_clk_raw
    BUFGCTRL_X0Y16       BUFG (Prop_bufg_I_O)         0.029    -1.673 r  u_core_clk_buf/O
                         net (fo=11093, routed)       0.921    -0.752    u_bridge/tag_capture_mem_reg_0_15_0_5/WCLK
    SLICE_X30Y157        RAMD32                                       r  u_bridge/tag_capture_mem_reg_0_15_0_5/RAMC/CLK
                         clock pessimism              0.271    -0.481    
    SLICE_X30Y157        RAMD32 (Hold_ramd32_CLK_WADR2)
                                                      0.254    -0.227    u_bridge/tag_capture_mem_reg_0_15_0_5/RAMC
  -------------------------------------------------------------------
                         required time                          0.227    
                         arrival time                          -0.077    
  -------------------------------------------------------------------
                         slack                                  0.150    

Slack (MET) :             0.150ns  (arrival time - required time)
  Source:                 u_bridge/tag_count_r_reg[2]/C
                            (rising edge-triggered cell FDRE clocked by core_clk_raw  {rise@0.000ns fall@2.857ns period=5.714ns})
  Destination:            u_bridge/tag_capture_mem_reg_0_15_0_5/RAMC_D1/WADR2
                            (rising edge-triggered cell RAMD32 clocked by core_clk_raw  {rise@0.000ns fall@2.857ns period=5.714ns})
  Path Group:             core_clk_raw
  Path Type:              Hold (Min at Fast Process Corner)
  Requirement:            0.000ns  (core_clk_raw rise@0.000ns - core_clk_raw rise@0.000ns)
  Data Path Delay:        0.439ns  (logic 0.141ns (32.119%)  route 0.298ns (67.881%))
  Logic Levels:           0  
  Clock Path Skew:        0.035ns (DCD - SCD - CPR)
    Destination Clock Delay (DCD):    -0.752ns
    Source Clock Delay      (SCD):    -0.516ns
    Clock Pessimism Removal (CPR):    -0.271ns

    Location             Delay type                Incr(ns)  Path(ns)    Netlist Resource(s)
  -------------------------------------------------------------------    -------------------
                         (clock core_clk_raw rise edge)
                                                      0.000     0.000 r  
    E3                                                0.000     0.000 r  clk (IN)
                         net (fo=0)                   0.000     0.000    clk
    E3                   IBUF (Prop_ibuf_I_O)         0.250     0.250 r  clk_IBUF_inst/O
                         net (fo=1, routed)           0.440     0.690    clk_IBUF
    MMCME2_ADV_X1Y2      MMCME2_ADV (Prop_mmcme2_adv_CLKIN1_CLKOUT0)
                                                     -2.379    -1.689 r  u_mmcm/CLKOUT0
                         net (fo=1, routed)           0.499    -1.190    core_clk_raw
    BUFGCTRL_X0Y16       BUFG (Prop_bufg_I_O)         0.026    -1.164 r  u_core_clk_buf/O
                         net (fo=11093, routed)       0.648    -0.516    u_bridge/core_clk
    SLICE_X29Y156        FDRE                                         r  u_bridge/tag_count_r_reg[2]/C
  -------------------------------------------------------------------    -------------------
    SLICE_X29Y156        FDRE (Prop_fdre_C_Q)         0.141    -0.375 r  u_bridge/tag_count_r_reg[2]/Q
                         net (fo=19, routed)          0.298    -0.077    u_bridge/tag_capture_mem_reg_0_15_0_5/ADDRD2
    SLICE_X30Y157        RAMD32                                       r  u_bridge/tag_capture_mem_reg_0_15_0_5/RAMC_D1/WADR2
  -------------------------------------------------------------------    -------------------

                         (clock core_clk_raw rise edge)
                                                      0.000     0.000 r  
    E3                                                0.000     0.000 r  clk (IN)
                         net (fo=0)                   0.000     0.000    clk
    E3                   IBUF (Prop_ibuf_I_O)         0.438     0.438 r  clk_IBUF_inst/O
                         net (fo=1, routed)           0.480     0.918    clk_IBUF
    MMCME2_ADV_X1Y2      MMCME2_ADV (Prop_mmcme2_adv_CLKIN1_CLKOUT0)
                                                     -3.163    -2.245 r  u_mmcm/CLKOUT0
                         net (fo=1, routed)           0.544    -1.702    core_clk_raw
    BUFGCTRL_X0Y16       BUFG (Prop_bufg_I_O)         0.029    -1.673 r  u_core_clk_buf/O
                         net (fo=11093, routed)       0.921    -0.752    u_bridge/tag_capture_mem_reg_0_15_0_5/WCLK
    SLICE_X30Y157        RAMD32                                       r  u_bridge/tag_capture_mem_reg_0_15_0_5/RAMC_D1/CLK
                         clock pessimism              0.271    -0.481    
    SLICE_X30Y157        RAMD32 (Hold_ramd32_CLK_WADR2)
                                                      0.254    -0.227    u_bridge/tag_capture_mem_reg_0_15_0_5/RAMC_D1
  -------------------------------------------------------------------
                         required time                          0.227    
                         arrival time                          -0.077    
  -------------------------------------------------------------------
                         slack                                  0.150    




