Copyright 1986-2021 Xilinx, Inc. All Rights Reserved.
--------------------------------------------------------------------------------------------------------------------------------------------------------------------------------------------------------------------------------------------------------------------
| Tool Version : Vivado v.2021.1 (win64) Build 3247384 Thu Jun 10 19:36:33 MDT 2021
| Date         : Mon Aug 24 03:22:08 2026
| Host         : DESKTOP-IO47298 running 64-bit major release  (build 9200)
| Command      : report_timing_summary -delay_type min_max -max_paths 10 -nworst 1 -file C:/project/FPGA3/docs/report/figures/vivado_native/01_synthesis_timing_summary.rpt -rpx C:/project/FPGA3/docs/report/figures/vivado_native/01_synthesis_timing_summary.rpx
| Design       : arty_a7_100t_aes_gcm_uart_rsp_top
| Device       : 7a100t-csg324
| Speed File   : -1  PRODUCTION 1.23 2018-06-13
--------------------------------------------------------------------------------------------------------------------------------------------------------------------------------------------------------------------------------------------------------------------

Timing Summary Report

------------------------------------------------------------------------------------------------
| Timer Settings
| --------------
------------------------------------------------------------------------------------------------

  Enable Multi Corner Analysis               :  Yes
  Enable Pessimism Removal                   :  Yes
  Pessimism Removal Resolution               :  Nearest Common Node
  Enable Input Delay Default Clock           :  No
  Enable Preset / Clear Arcs                 :  No
  Disable Flight Delays                      :  No
  Ignore I/O Paths                           :  No
  Timing Early Launch at Borrowing Latches   :  No
  Borrow Time for Max Delay Exceptions       :  Yes
  Merge Timing Exceptions                    :  Yes

  Corner  Analyze    Analyze    
  Name    Max Paths  Min Paths  
  ------  ---------  ---------  
  Slow    Yes        Yes        
  Fast    Yes        Yes        


------------------------------------------------------------------------------------------------
| Report Methodology
| ------------------
------------------------------------------------------------------------------------------------

No report available as report_methodology has not been run prior. Run report_methodology on the current design for the summary of methodology violations.



check_timing report

Table of Contents
-----------------
1. checking no_clock (0)
2. checking constant_clock (0)
3. checking pulse_width_clock (0)
4. checking unconstrained_internal_endpoints (0)
5. checking no_input_delay (2)
6. checking no_output_delay (5)
7. checking multiple_clock (0)
8. checking generated_clocks (0)
9. checking loops (0)
10. checking partial_input_delay (0)
11. checking partial_output_delay (0)
12. checking latch_loops (0)

1. checking no_clock (0)
------------------------
 There are 0 register/latch pins with no clock.


2. checking constant_clock (0)
------------------------------
 There are 0 register/latch pins with constant_clock.


3. checking pulse_width_clock (0)
---------------------------------
 There are 0 register/latch pins which need pulse_width check


4. checking unconstrained_internal_endpoints (0)
------------------------------------------------
 There are 0 pins that are not constrained for maximum delay.

 There are 0 pins that are not constrained for maximum delay due to constant clock.


5. checking no_input_delay (2)
------------------------------
 There are 0 input ports with no input delay specified.

 There are 2 input ports with no input delay but user has a false path constraint. (MEDIUM)


6. checking no_output_delay (5)
-------------------------------
 There are 0 ports with no output delay specified.

 There are 5 ports with no output delay but user has a false path constraint (MEDIUM)

 There are 0 ports with no output delay but with a timing clock defined on it or propagating through it


7. checking multiple_clock (0)
------------------------------
 There are 0 register/latch pins with multiple clocks.


8. checking generated_clocks (0)
--------------------------------
 There are 0 generated clocks that are not connected to a clock source.


9. checking loops (0)
---------------------
 There are 0 combinational loops in the design.


10. checking partial_input_delay (0)
------------------------------------
 There are 0 input ports with partial input delay specified.


11. checking partial_output_delay (0)
-------------------------------------
 There are 0 ports with partial output delay specified.


12. checking latch_loops (0)
----------------------------
 There are 0 combinational latch loops in the design through latch input



------------------------------------------------------------------------------------------------
| Design Timing Summary
| ---------------------
------------------------------------------------------------------------------------------------

    WNS(ns)      TNS(ns)  TNS Failing Endpoints  TNS Total Endpoints      WHS(ns)      THS(ns)  THS Failing Endpoints  THS Total Endpoints     WPWS(ns)     TPWS(ns)  TPWS Failing Endpoints  TPWS Total Endpoints  
    -------      -------  ---------------------  -------------------      -------      -------  ---------------------  -------------------     --------     --------  ----------------------  --------------------  
     -0.298      -11.728                    292                35688        0.045        0.000                      0                35688        1.607        0.000                       0                 11068  


Timing constraints are not met.


------------------------------------------------------------------------------------------------
| Clock Summary
| -------------
------------------------------------------------------------------------------------------------

Clock             Waveform(ns)         Period(ns)      Frequency(MHz)
-----             ------------         ----------      --------------
sys_clk_pin       {0.000 5.000}        10.000          100.000         
  core_clk_raw    {0.000 2.857}        5.714           175.000         
  mmcm_clkfb_raw  {0.000 5.000}        10.000          100.000         


------------------------------------------------------------------------------------------------
| Intra Clock Table
| -----------------
------------------------------------------------------------------------------------------------

Clock                 WNS(ns)      TNS(ns)  TNS Failing Endpoints  TNS Total Endpoints      WHS(ns)      THS(ns)  THS Failing Endpoints  THS Total Endpoints     WPWS(ns)     TPWS(ns)  TPWS Failing Endpoints  TPWS Total Endpoints  
-----                 -------      -------  ---------------------  -------------------      -------      -------  ---------------------  -------------------     --------     --------  ----------------------  --------------------  
sys_clk_pin                                                                                                                                                         3.000        0.000                       0                     1  
  core_clk_raw         -0.298      -11.728                    292                35688        0.045        0.000                      0                35688        1.607        0.000                       0                 11064  
  mmcm_clkfb_raw                                                                                                                                                    7.845        0.000                       0                     3  


------------------------------------------------------------------------------------------------
| Inter Clock Table
| -----------------
------------------------------------------------------------------------------------------------

From Clock    To Clock          WNS(ns)      TNS(ns)  TNS Failing Endpoints  TNS Total Endpoints      WHS(ns)      THS(ns)  THS Failing Endpoints  THS Total Endpoints  
----------    --------          -------      -------  ---------------------  -------------------      -------      -------  ---------------------  -------------------  


------------------------------------------------------------------------------------------------
| Other Path Groups Table
| -----------------------
------------------------------------------------------------------------------------------------

Path Group    From Clock    To Clock          WNS(ns)      TNS(ns)  TNS Failing Endpoints  TNS Total Endpoints      WHS(ns)      THS(ns)  THS Failing Endpoints  THS Total Endpoints  
----------    ----------    --------          -------      -------  ---------------------  -------------------      -------      -------  ---------------------  -------------------  


------------------------------------------------------------------------------------------------
| Timing Details
| --------------
------------------------------------------------------------------------------------------------


---------------------------------------------------------------------------------------------------
From Clock:  sys_clk_pin
  To Clock:  sys_clk_pin

Setup :           NA  Failing Endpoints,  Worst Slack           NA  ,  Total Violation           NA
Hold  :           NA  Failing Endpoints,  Worst Slack           NA  ,  Total Violation           NA
PW    :            0  Failing Endpoints,  Worst Slack        3.000ns,  Total Violation        0.000ns
---------------------------------------------------------------------------------------------------


Pulse Width Checks
--------------------------------------------------------------------------------------
Clock Name:         sys_clk_pin
Waveform(ns):       { 0.000 5.000 }
Period(ns):         10.000
Sources:            { clk }

Check Type        Corner  Lib Pin            Reference Pin  Required(ns)  Actual(ns)  Slack(ns)  Location  Pin
Min Period        n/a     MMCME2_ADV/CLKIN1  n/a            1.249         10.000      8.751                u_mmcm/CLKIN1
Max Period        n/a     MMCME2_ADV/CLKIN1  n/a            100.000       10.000      90.000               u_mmcm/CLKIN1
Low Pulse Width   Slow    MMCME2_ADV/CLKIN1  n/a            2.000         5.000       3.000                u_mmcm/CLKIN1
Low Pulse Width   Fast    MMCME2_ADV/CLKIN1  n/a            2.000         5.000       3.000                u_mmcm/CLKIN1
High Pulse Width  Slow    MMCME2_ADV/CLKIN1  n/a            2.000         5.000       3.000                u_mmcm/CLKIN1
High Pulse Width  Fast    MMCME2_ADV/CLKIN1  n/a            2.000         5.000       3.000                u_mmcm/CLKIN1



---------------------------------------------------------------------------------------------------
From Clock:  core_clk_raw
  To Clock:  core_clk_raw

Setup :          292  Failing Endpoints,  Worst Slack       -0.298ns,  Total Violation      -11.728ns
Hold  :            0  Failing Endpoints,  Worst Slack        0.045ns,  Total Violation        0.000ns
PW    :            0  Failing Endpoints,  Worst Slack        1.607ns,  Total Violation        0.000ns
---------------------------------------------------------------------------------------------------


Max Delay Paths
--------------------------------------------------------------------------------------
Slack (VIOLATED) :        -0.298ns  (required time - arrival time)
  Source:                 u_bridge/ct_len_r_reg[4]/C
                            (rising edge-triggered cell FDRE clocked by core_clk_raw  {rise@0.000ns fall@2.857ns period=5.714ns})
  Destination:            u_bridge/stream_total_bytes_r_reg[8]/D
                            (rising edge-triggered cell FDRE clocked by core_clk_raw  {rise@0.000ns fall@2.857ns period=5.714ns})
  Path Group:             core_clk_raw
  Path Type:              Setup (Max at Slow Process Corner)
  Requirement:            5.714ns  (core_clk_raw rise@5.714ns - core_clk_raw rise@0.000ns)
  Data Path Delay:        5.868ns  (logic 2.208ns (37.628%)  route 3.660ns (62.372%))
  Logic Levels:           6  (CARRY4=2 LUT3=1 LUT4=1 LUT5=1 LUT6=1)
  Clock Path Skew:        -0.145ns (DCD - SCD + CPR)
    Destination Clock Delay (DCD):    -2.238ns = ( 3.477 - 5.714 ) 
    Source Clock Delay      (SCD):    -1.562ns
    Clock Pessimism Removal (CPR):    0.531ns
  Clock Uncertainty:      0.075ns  ((TSJ^2 + DJ^2)^1/2) / 2 + PE
    Total System Jitter     (TSJ):    0.071ns
    Discrete Jitter          (DJ):    0.132ns
    Phase Error              (PE):    0.000ns

    Location             Delay type                Incr(ns)  Path(ns)    Netlist Resource(s)
  -------------------------------------------------------------------    -------------------
                         (clock core_clk_raw rise edge)
                                                      0.000     0.000 r  
    E3                                                0.000     0.000 r  clk (IN)
                         net (fo=0)                   0.000     0.000    clk
    E3                   IBUF (Prop_ibuf_I_O)         1.482     1.482 r  clk_IBUF_inst/O
                         net (fo=1, unplaced)         0.584     2.066    clk_IBUF
                         MMCME2_ADV (Prop_mmcme2_adv_CLKIN1_CLKOUT0)
                                                     -5.111    -3.045 r  u_mmcm/CLKOUT0
                         net (fo=1, unplaced)         0.803    -2.242    core_clk_raw
                         BUFG (Prop_bufg_I_O)         0.096    -2.146 r  u_core_clk_buf/O
                         net (fo=11062, unplaced)     0.584    -1.562    u_bridge/core_clk
                         FDRE                                         r  u_bridge/ct_len_r_reg[4]/C
  -------------------------------------------------------------------    -------------------
                         FDRE (Prop_fdre_C_Q)         0.478    -1.084 f  u_bridge/ct_len_r_reg[4]/Q
                         net (fo=5, unplaced)         0.791    -0.293    u_bridge/ct_len_r_reg_n_0_[4]
                         LUT3 (Prop_lut3_I0_O)        0.319     0.026 f  u_bridge/expected_data_bytes_r[3]_i_3/O
                         net (fo=5, unplaced)         0.969     0.995    u_bridge/expected_data_bytes_r[3]_i_3_n_0
                         LUT5 (Prop_lut5_I0_O)        0.124     1.119 r  u_bridge/expected_data_bytes_r[3]_i_2/O
                         net (fo=1, unplaced)         0.449     1.568    u_bridge/expected_data_bytes_r[3]_i_2_n_0
                         LUT6 (Prop_lut6_I0_O)        0.124     1.692 r  u_bridge/expected_data_bytes_r[3]_i_1/O
                         net (fo=5, unplaced)         0.760     2.452    u_bridge/expected_data_bytes_r[3]_i_1_n_0
                         LUT4 (Prop_lut4_I0_O)        0.150     2.602 r  u_bridge/stream_total_bytes_r[7]_i_5/O
                         net (fo=2, unplaced)         0.691     3.293    u_bridge/stream_total_bytes_r[7]_i_5_n_0
                         CARRY4 (Prop_carry4_DI[0]_CO[3])
                                                      0.781     4.074 r  u_bridge/stream_total_bytes_r_reg[7]_i_1/CO[3]
                         net (fo=1, unplaced)         0.000     4.074    u_bridge/stream_total_bytes_r_reg[7]_i_1_n_0
                         CARRY4 (Prop_carry4_CI_O[0])
                                                      0.232     4.306 r  u_bridge/stream_total_bytes_r_reg[8]_i_2/O[0]
                         net (fo=1, unplaced)         0.000     4.306    u_bridge/stream_total_bytes_r_reg[8]_i_2_n_7
                         FDRE                                         r  u_bridge/stream_total_bytes_r_reg[8]/D
  -------------------------------------------------------------------    -------------------

                         (clock core_clk_raw rise edge)
                                                      5.714     5.714 r  
    E3                                                0.000     5.714 r  clk (IN)
                         net (fo=0)                   0.000     5.714    clk
    E3                   IBUF (Prop_ibuf_I_O)         1.411     7.126 r  clk_IBUF_inst/O
                         net (fo=1, unplaced)         0.439     7.565    clk_IBUF
                         MMCME2_ADV (Prop_mmcme2_adv_CLKIN1_CLKOUT0)
                                                     -5.381     2.184 r  u_mmcm/CLKOUT0
                         net (fo=1, unplaced)         0.763     2.947    core_clk_raw
                         BUFG (Prop_bufg_I_O)         0.091     3.038 r  u_core_clk_buf/O
                         net (fo=11062, unplaced)     0.439     3.477    u_bridge/core_clk
                         FDRE                                         r  u_bridge/stream_total_bytes_r_reg[8]/C
                         clock pessimism              0.531     4.007    
                         clock uncertainty           -0.075     3.932    
                         FDRE (Setup_fdre_C_D)        0.076     4.008    u_bridge/stream_total_bytes_r_reg[8]
  -------------------------------------------------------------------
                         required time                          4.008    
                         arrival time                          -4.306    
  -------------------------------------------------------------------
                         slack                                 -0.298    

Slack (VIOLATED) :        -0.175ns  (required time - arrival time)
  Source:                 u_bridge/ct_len_r_reg[4]/C
                            (rising edge-triggered cell FDRE clocked by core_clk_raw  {rise@0.000ns fall@2.857ns period=5.714ns})
  Destination:            u_bridge/stream_total_bytes_r_reg[7]/D
                            (rising edge-triggered cell FDRE clocked by core_clk_raw  {rise@0.000ns fall@2.857ns period=5.714ns})
  Path Group:             core_clk_raw
  Path Type:              Setup (Max at Slow Process Corner)
  Requirement:            5.714ns  (core_clk_raw rise@5.714ns - core_clk_raw rise@0.000ns)
  Data Path Delay:        5.745ns  (logic 2.085ns (36.292%)  route 3.660ns (63.708%))
  Logic Levels:           5  (CARRY4=1 LUT3=1 LUT4=1 LUT5=1 LUT6=1)
  Clock Path Skew:        -0.145ns (DCD - SCD + CPR)
    Destination Clock Delay (DCD):    -2.238ns = ( 3.477 - 5.714 ) 
    Source Clock Delay      (SCD):    -1.562ns
    Clock Pessimism Removal (CPR):    0.531ns
  Clock Uncertainty:      0.075ns  ((TSJ^2 + DJ^2)^1/2) / 2 + PE
    Total System Jitter     (TSJ):    0.071ns
    Discrete Jitter          (DJ):    0.132ns
    Phase Error              (PE):    0.000ns

    Location             Delay type                Incr(ns)  Path(ns)    Netlist Resource(s)
  -------------------------------------------------------------------    -------------------
                         (clock core_clk_raw rise edge)
                                                      0.000     0.000 r  
    E3                                                0.000     0.000 r  clk (IN)
                         net (fo=0)                   0.000     0.000    clk
    E3                   IBUF (Prop_ibuf_I_O)         1.482     1.482 r  clk_IBUF_inst/O
                         net (fo=1, unplaced)         0.584     2.066    clk_IBUF
                         MMCME2_ADV (Prop_mmcme2_adv_CLKIN1_CLKOUT0)
                                                     -5.111    -3.045 r  u_mmcm/CLKOUT0
                         net (fo=1, unplaced)         0.803    -2.242    core_clk_raw
                         BUFG (Prop_bufg_I_O)         0.096    -2.146 r  u_core_clk_buf/O
                         net (fo=11062, unplaced)     0.584    -1.562    u_bridge/core_clk
                         FDRE                                         r  u_bridge/ct_len_r_reg[4]/C
  -------------------------------------------------------------------    -------------------
                         FDRE (Prop_fdre_C_Q)         0.478    -1.084 f  u_bridge/ct_len_r_reg[4]/Q
                         net (fo=5, unplaced)         0.791    -0.293    u_bridge/ct_len_r_reg_n_0_[4]
                         LUT3 (Prop_lut3_I0_O)        0.319     0.026 f  u_bridge/expected_data_bytes_r[3]_i_3/O
                         net (fo=5, unplaced)         0.969     0.995    u_bridge/expected_data_bytes_r[3]_i_3_n_0
                         LUT5 (Prop_lut5_I0_O)        0.124     1.119 r  u_bridge/expected_data_bytes_r[3]_i_2/O
                         net (fo=1, unplaced)         0.449     1.568    u_bridge/expected_data_bytes_r[3]_i_2_n_0
                         LUT6 (Prop_lut6_I0_O)        0.124     1.692 r  u_bridge/expected_data_bytes_r[3]_i_1/O
                         net (fo=5, unplaced)         0.760     2.452    u_bridge/expected_data_bytes_r[3]_i_1_n_0
                         LUT4 (Prop_lut4_I0_O)        0.150     2.602 r  u_bridge/stream_total_bytes_r[7]_i_5/O
                         net (fo=2, unplaced)         0.691     3.293    u_bridge/stream_total_bytes_r[7]_i_5_n_0
                         CARRY4 (Prop_carry4_DI[0]_O[3])
                                                      0.890     4.183 r  u_bridge/stream_total_bytes_r_reg[7]_i_1/O[3]
                         net (fo=1, unplaced)         0.000     4.183    u_bridge/stream_total_bytes_r_reg[7]_i_1_n_4
                         FDRE                                         r  u_bridge/stream_total_bytes_r_reg[7]/D
  -------------------------------------------------------------------    -------------------

                         (clock core_clk_raw rise edge)
                                                      5.714     5.714 r  
    E3                                                0.000     5.714 r  clk (IN)
                         net (fo=0)                   0.000     5.714    clk
    E3                   IBUF (Prop_ibuf_I_O)         1.411     7.126 r  clk_IBUF_inst/O
                         net (fo=1, unplaced)         0.439     7.565    clk_IBUF
                         MMCME2_ADV (Prop_mmcme2_adv_CLKIN1_CLKOUT0)
                                                     -5.381     2.184 r  u_mmcm/CLKOUT0
                         net (fo=1, unplaced)         0.763     2.947    core_clk_raw
                         BUFG (Prop_bufg_I_O)         0.091     3.038 r  u_core_clk_buf/O
                         net (fo=11062, unplaced)     0.439     3.477    u_bridge/core_clk
                         FDRE                                         r  u_bridge/stream_total_bytes_r_reg[7]/C
                         clock pessimism              0.531     4.007    
                         clock uncertainty           -0.075     3.932    
                         FDRE (Setup_fdre_C_D)        0.076     4.008    u_bridge/stream_total_bytes_r_reg[7]
  -------------------------------------------------------------------
                         required time                          4.008    
                         arrival time                          -4.183    
  -------------------------------------------------------------------
                         slack                                 -0.175    

Slack (VIOLATED) :        -0.124ns  (required time - arrival time)
  Source:                 u_bridge/rx_payload_bytes_r_reg[5]/C
                            (rising edge-triggered cell FDRE clocked by core_clk_raw  {rise@0.000ns fall@2.857ns period=5.714ns})
  Destination:            u_bridge/aad_len_r_reg[0]/CE
                            (rising edge-triggered cell FDRE clocked by core_clk_raw  {rise@0.000ns fall@2.857ns period=5.714ns})
  Path Group:             core_clk_raw
  Path Type:              Setup (Max at Slow Process Corner)
  Requirement:            5.714ns  (core_clk_raw rise@5.714ns - core_clk_raw rise@0.000ns)
  Data Path Delay:        5.416ns  (logic 1.269ns (23.431%)  route 4.147ns (76.569%))
  Logic Levels:           5  (LUT2=1 LUT6=4)
  Clock Path Skew:        -0.145ns (DCD - SCD + CPR)
    Destination Clock Delay (DCD):    -2.238ns = ( 3.477 - 5.714 ) 
    Source Clock Delay      (SCD):    -1.562ns
    Clock Pessimism Removal (CPR):    0.531ns
  Clock Uncertainty:      0.075ns  ((TSJ^2 + DJ^2)^1/2) / 2 + PE
    Total System Jitter     (TSJ):    0.071ns
    Discrete Jitter          (DJ):    0.132ns
    Phase Error              (PE):    0.000ns

    Location             Delay type                Incr(ns)  Path(ns)    Netlist Resource(s)
  -------------------------------------------------------------------    -------------------
                         (clock core_clk_raw rise edge)
                                                      0.000     0.000 r  
    E3                                                0.000     0.000 r  clk (IN)
                         net (fo=0)                   0.000     0.000    clk
    E3                   IBUF (Prop_ibuf_I_O)         1.482     1.482 r  clk_IBUF_inst/O
                         net (fo=1, unplaced)         0.584     2.066    clk_IBUF
                         MMCME2_ADV (Prop_mmcme2_adv_CLKIN1_CLKOUT0)
                                                     -5.111    -3.045 r  u_mmcm/CLKOUT0
                         net (fo=1, unplaced)         0.803    -2.242    core_clk_raw
                         BUFG (Prop_bufg_I_O)         0.096    -2.146 r  u_core_clk_buf/O
                         net (fo=11062, unplaced)     0.584    -1.562    u_bridge/core_clk
                         FDRE                                         r  u_bridge/rx_payload_bytes_r_reg[5]/C
  -------------------------------------------------------------------    -------------------
                         FDRE (Prop_fdre_C_Q)         0.478    -1.084 f  u_bridge/rx_payload_bytes_r_reg[5]/Q
                         net (fo=2, unplaced)         0.976    -0.108    u_bridge/rx_payload_bytes_r_reg_n_0_[5]
                         LUT6 (Prop_lut6_I0_O)        0.295     0.187 r  u_bridge/rx_state_r[1]_i_11/O
                         net (fo=2, unplaced)         0.460     0.647    u_bridge/rx_state_r[1]_i_11_n_0
                         LUT2 (Prop_lut2_I0_O)        0.124     0.771 r  u_bridge/rx_state_r[1]_i_4/O
                         net (fo=1, unplaced)         0.732     1.503    u_bridge/rx_state_r[1]_i_4_n_0
                         LUT6 (Prop_lut6_I0_O)        0.124     1.627 f  u_bridge/rx_state_r[1]_i_2/O
                         net (fo=8, unplaced)         0.979     2.606    u_bridge/u_uart_rx/mode_loaded_r_reg_0
                         LUT6 (Prop_lut6_I0_O)        0.124     2.730 r  u_bridge/u_uart_rx/aad_len_r[10]_i_3/O
                         net (fo=6, unplaced)         0.481     3.211    u_bridge/u_uart_rx/rx_state_r_reg[0]_2
                         LUT6 (Prop_lut6_I0_O)        0.124     3.335 r  u_bridge/u_uart_rx/aad_len_r[10]_i_1/O
                         net (fo=11, unplaced)        0.519     3.854    u_bridge/aad_len_r
                         FDRE                                         r  u_bridge/aad_len_r_reg[0]/CE
  -------------------------------------------------------------------    -------------------

                         (clock core_clk_raw rise edge)
                                                      5.714     5.714 r  
    E3                                                0.000     5.714 r  clk (IN)
                         net (fo=0)                   0.000     5.714    clk
    E3                   IBUF (Prop_ibuf_I_O)         1.411     7.126 r  clk_IBUF_inst/O
                         net (fo=1, unplaced)         0.439     7.565    clk_IBUF
                         MMCME2_ADV (Prop_mmcme2_adv_CLKIN1_CLKOUT0)
                                                     -5.381     2.184 r  u_mmcm/CLKOUT0
                         net (fo=1, unplaced)         0.763     2.947    core_clk_raw
                         BUFG (Prop_bufg_I_O)         0.091     3.038 r  u_core_clk_buf/O
                         net (fo=11062, unplaced)     0.439     3.477    u_bridge/core_clk
                         FDRE                                         r  u_bridge/aad_len_r_reg[0]/C
                         clock pessimism              0.531     4.007    
                         clock uncertainty           -0.075     3.932    
                         FDRE (Setup_fdre_C_CE)      -0.202     3.730    u_bridge/aad_len_r_reg[0]
  -------------------------------------------------------------------
                         required time                          3.730    
                         arrival time                          -3.854    
  -------------------------------------------------------------------
                         slack                                 -0.124    

Slack (VIOLATED) :        -0.124ns  (required time - arrival time)
  Source:                 u_bridge/rx_payload_bytes_r_reg[5]/C
                            (rising edge-triggered cell FDRE clocked by core_clk_raw  {rise@0.000ns fall@2.857ns period=5.714ns})
  Destination:            u_bridge/aad_len_r_reg[10]/CE
                            (rising edge-triggered cell FDRE clocked by core_clk_raw  {rise@0.000ns fall@2.857ns period=5.714ns})
  Path Group:             core_clk_raw
  Path Type:              Setup (Max at Slow Process Corner)
  Requirement:            5.714ns  (core_clk_raw rise@5.714ns - core_clk_raw rise@0.000ns)
  Data Path Delay:        5.416ns  (logic 1.269ns (23.431%)  route 4.147ns (76.569%))
  Logic Levels:           5  (LUT2=1 LUT6=4)
  Clock Path Skew:        -0.145ns (DCD - SCD + CPR)
    Destination Clock Delay (DCD):    -2.238ns = ( 3.477 - 5.714 ) 
    Source Clock Delay      (SCD):    -1.562ns
    Clock Pessimism Removal (CPR):    0.531ns
  Clock Uncertainty:      0.075ns  ((TSJ^2 + DJ^2)^1/2) / 2 + PE
    Total System Jitter     (TSJ):    0.071ns
    Discrete Jitter          (DJ):    0.132ns
    Phase Error              (PE):    0.000ns

    Location             Delay type                Incr(ns)  Path(ns)    Netlist Resource(s)
  -------------------------------------------------------------------    -------------------
                         (clock core_clk_raw rise edge)
                                                      0.000     0.000 r  
    E3                                                0.000     0.000 r  clk (IN)
                         net (fo=0)                   0.000     0.000    clk
    E3                   IBUF (Prop_ibuf_I_O)         1.482     1.482 r  clk_IBUF_inst/O
                         net (fo=1, unplaced)         0.584     2.066    clk_IBUF
                         MMCME2_ADV (Prop_mmcme2_adv_CLKIN1_CLKOUT0)
                                                     -5.111    -3.045 r  u_mmcm/CLKOUT0
                         net (fo=1, unplaced)         0.803    -2.242    core_clk_raw
                         BUFG (Prop_bufg_I_O)         0.096    -2.146 r  u_core_clk_buf/O
                         net (fo=11062, unplaced)     0.584    -1.562    u_bridge/core_clk
                         FDRE                                         r  u_bridge/rx_payload_bytes_r_reg[5]/C
  -------------------------------------------------------------------    -------------------
                         FDRE (Prop_fdre_C_Q)         0.478    -1.084 f  u_bridge/rx_payload_bytes_r_reg[5]/Q
                         net (fo=2, unplaced)         0.976    -0.108    u_bridge/rx_payload_bytes_r_reg_n_0_[5]
                         LUT6 (Prop_lut6_I0_O)        0.295     0.187 r  u_bridge/rx_state_r[1]_i_11/O
                         net (fo=2, unplaced)         0.460     0.647    u_bridge/rx_state_r[1]_i_11_n_0
                         LUT2 (Prop_lut2_I0_O)        0.124     0.771 r  u_bridge/rx_state_r[1]_i_4/O
                         net (fo=1, unplaced)         0.732     1.503    u_bridge/rx_state_r[1]_i_4_n_0
                         LUT6 (Prop_lut6_I0_O)        0.124     1.627 f  u_bridge/rx_state_r[1]_i_2/O
                         net (fo=8, unplaced)         0.979     2.606    u_bridge/u_uart_rx/mode_loaded_r_reg_0
                         LUT6 (Prop_lut6_I0_O)        0.124     2.730 r  u_bridge/u_uart_rx/aad_len_r[10]_i_3/O
                         net (fo=6, unplaced)         0.481     3.211    u_bridge/u_uart_rx/rx_state_r_reg[0]_2
                         LUT6 (Prop_lut6_I0_O)        0.124     3.335 r  u_bridge/u_uart_rx/aad_len_r[10]_i_1/O
                         net (fo=11, unplaced)        0.519     3.854    u_bridge/aad_len_r
                         FDRE                                         r  u_bridge/aad_len_r_reg[10]/CE
  -------------------------------------------------------------------    -------------------

                         (clock core_clk_raw rise edge)
                                                      5.714     5.714 r  
    E3                                                0.000     5.714 r  clk (IN)
                         net (fo=0)                   0.000     5.714    clk
    E3                   IBUF (Prop_ibuf_I_O)         1.411     7.126 r  clk_IBUF_inst/O
                         net (fo=1, unplaced)         0.439     7.565    clk_IBUF
                         MMCME2_ADV (Prop_mmcme2_adv_CLKIN1_CLKOUT0)
                                                     -5.381     2.184 r  u_mmcm/CLKOUT0
                         net (fo=1, unplaced)         0.763     2.947    core_clk_raw
                         BUFG (Prop_bufg_I_O)         0.091     3.038 r  u_core_clk_buf/O
                         net (fo=11062, unplaced)     0.439     3.477    u_bridge/core_clk
                         FDRE                                         r  u_bridge/aad_len_r_reg[10]/C
                         clock pessimism              0.531     4.007    
                         clock uncertainty           -0.075     3.932    
                         FDRE (Setup_fdre_C_CE)      -0.202     3.730    u_bridge/aad_len_r_reg[10]
  -------------------------------------------------------------------
                         required time                          3.730    
                         arrival time                          -3.854    
  -------------------------------------------------------------------
                         slack                                 -0.124    

Slack (VIOLATED) :        -0.124ns  (required time - arrival time)
  Source:                 u_bridge/rx_payload_bytes_r_reg[5]/C
                            (rising edge-triggered cell FDRE clocked by core_clk_raw  {rise@0.000ns fall@2.857ns period=5.714ns})
  Destination:            u_bridge/aad_len_r_reg[1]/CE
                            (rising edge-triggered cell FDRE clocked by core_clk_raw  {rise@0.000ns fall@2.857ns period=5.714ns})
  Path Group:             core_clk_raw
  Path Type:              Setup (Max at Slow Process Corner)
  Requirement:            5.714ns  (core_clk_raw rise@5.714ns - core_clk_raw rise@0.000ns)
  Data Path Delay:        5.416ns  (logic 1.269ns (23.431%)  route 4.147ns (76.569%))
  Logic Levels:           5  (LUT2=1 LUT6=4)
  Clock Path Skew:        -0.145ns (DCD - SCD + CPR)
    Destination Clock Delay (DCD):    -2.238ns = ( 3.477 - 5.714 ) 
    Source Clock Delay      (SCD):    -1.562ns
    Clock Pessimism Removal (CPR):    0.531ns
  Clock Uncertainty:      0.075ns  ((TSJ^2 + DJ^2)^1/2) / 2 + PE
    Total System Jitter     (TSJ):    0.071ns
    Discrete Jitter          (DJ):    0.132ns
    Phase Error              (PE):    0.000ns

    Location             Delay type                Incr(ns)  Path(ns)    Netlist Resource(s)
  -------------------------------------------------------------------    -------------------
                         (clock core_clk_raw rise edge)
                                                      0.000     0.000 r  
    E3                                                0.000     0.000 r  clk (IN)
                         net (fo=0)                   0.000     0.000    clk
    E3                   IBUF (Prop_ibuf_I_O)         1.482     1.482 r  clk_IBUF_inst/O
                         net (fo=1, unplaced)         0.584     2.066    clk_IBUF
                         MMCME2_ADV (Prop_mmcme2_adv_CLKIN1_CLKOUT0)
                                                     -5.111    -3.045 r  u_mmcm/CLKOUT0
                         net (fo=1, unplaced)         0.803    -2.242    core_clk_raw
                         BUFG (Prop_bufg_I_O)         0.096    -2.146 r  u_core_clk_buf/O
                         net (fo=11062, unplaced)     0.584    -1.562    u_bridge/core_clk
                         FDRE                                         r  u_bridge/rx_payload_bytes_r_reg[5]/C
  -------------------------------------------------------------------    -------------------
                         FDRE (Prop_fdre_C_Q)         0.478    -1.084 f  u_bridge/rx_payload_bytes_r_reg[5]/Q
                         net (fo=2, unplaced)         0.976    -0.108    u_bridge/rx_payload_bytes_r_reg_n_0_[5]
                         LUT6 (Prop_lut6_I0_O)        0.295     0.187 r  u_bridge/rx_state_r[1]_i_11/O
                         net (fo=2, unplaced)         0.460     0.647    u_bridge/rx_state_r[1]_i_11_n_0
                         LUT2 (Prop_lut2_I0_O)        0.124     0.771 r  u_bridge/rx_state_r[1]_i_4/O
                         net (fo=1, unplaced)         0.732     1.503    u_bridge/rx_state_r[1]_i_4_n_0
                         LUT6 (Prop_lut6_I0_O)        0.124     1.627 f  u_bridge/rx_state_r[1]_i_2/O
                         net (fo=8, unplaced)         0.979     2.606    u_bridge/u_uart_rx/mode_loaded_r_reg_0
                         LUT6 (Prop_lut6_I0_O)        0.124     2.730 r  u_bridge/u_uart_rx/aad_len_r[10]_i_3/O
                         net (fo=6, unplaced)         0.481     3.211    u_bridge/u_uart_rx/rx_state_r_reg[0]_2
                         LUT6 (Prop_lut6_I0_O)        0.124     3.335 r  u_bridge/u_uart_rx/aad_len_r[10]_i_1/O
                         net (fo=11, unplaced)        0.519     3.854    u_bridge/aad_len_r
                         FDRE                                         r  u_bridge/aad_len_r_reg[1]/CE
  -------------------------------------------------------------------    -------------------

                         (clock core_clk_raw rise edge)
                                                      5.714     5.714 r  
    E3                                                0.000     5.714 r  clk (IN)
                         net (fo=0)                   0.000     5.714    clk
    E3                   IBUF (Prop_ibuf_I_O)         1.411     7.126 r  clk_IBUF_inst/O
                         net (fo=1, unplaced)         0.439     7.565    clk_IBUF
                         MMCME2_ADV (Prop_mmcme2_adv_CLKIN1_CLKOUT0)
                                                     -5.381     2.184 r  u_mmcm/CLKOUT0
                         net (fo=1, unplaced)         0.763     2.947    core_clk_raw
                         BUFG (Prop_bufg_I_O)         0.091     3.038 r  u_core_clk_buf/O
                         net (fo=11062, unplaced)     0.439     3.477    u_bridge/core_clk
                         FDRE                                         r  u_bridge/aad_len_r_reg[1]/C
                         clock pessimism              0.531     4.007    
                         clock uncertainty           -0.075     3.932    
                         FDRE (Setup_fdre_C_CE)      -0.202     3.730    u_bridge/aad_len_r_reg[1]
  -------------------------------------------------------------------
                         required time                          3.730    
                         arrival time                          -3.854    
  -------------------------------------------------------------------
                         slack                                 -0.124    

Slack (VIOLATED) :        -0.124ns  (required time - arrival time)
  Source:                 u_bridge/rx_payload_bytes_r_reg[5]/C
                            (rising edge-triggered cell FDRE clocked by core_clk_raw  {rise@0.000ns fall@2.857ns period=5.714ns})
  Destination:            u_bridge/aad_len_r_reg[2]/CE
                            (rising edge-triggered cell FDRE clocked by core_clk_raw  {rise@0.000ns fall@2.857ns period=5.714ns})
  Path Group:             core_clk_raw
  Path Type:              Setup (Max at Slow Process Corner)
  Requirement:            5.714ns  (core_clk_raw rise@5.714ns - core_clk_raw rise@0.000ns)
  Data Path Delay:        5.416ns  (logic 1.269ns (23.431%)  route 4.147ns (76.569%))
  Logic Levels:           5  (LUT2=1 LUT6=4)
  Clock Path Skew:        -0.145ns (DCD - SCD + CPR)
    Destination Clock Delay (DCD):    -2.238ns = ( 3.477 - 5.714 ) 
    Source Clock Delay      (SCD):    -1.562ns
    Clock Pessimism Removal (CPR):    0.531ns
  Clock Uncertainty:      0.075ns  ((TSJ^2 + DJ^2)^1/2) / 2 + PE
    Total System Jitter     (TSJ):    0.071ns
    Discrete Jitter          (DJ):    0.132ns
    Phase Error              (PE):    0.000ns

    Location             Delay type                Incr(ns)  Path(ns)    Netlist Resource(s)
  -------------------------------------------------------------------    -------------------
                         (clock core_clk_raw rise edge)
                                                      0.000     0.000 r  
    E3                                                0.000     0.000 r  clk (IN)
                         net (fo=0)                   0.000     0.000    clk
    E3                   IBUF (Prop_ibuf_I_O)         1.482     1.482 r  clk_IBUF_inst/O
                         net (fo=1, unplaced)         0.584     2.066    clk_IBUF
                         MMCME2_ADV (Prop_mmcme2_adv_CLKIN1_CLKOUT0)
                                                     -5.111    -3.045 r  u_mmcm/CLKOUT0
                         net (fo=1, unplaced)         0.803    -2.242    core_clk_raw
                         BUFG (Prop_bufg_I_O)         0.096    -2.146 r  u_core_clk_buf/O
                         net (fo=11062, unplaced)     0.584    -1.562    u_bridge/core_clk
                         FDRE                                         r  u_bridge/rx_payload_bytes_r_reg[5]/C
  -------------------------------------------------------------------    -------------------
                         FDRE (Prop_fdre_C_Q)         0.478    -1.084 f  u_bridge/rx_payload_bytes_r_reg[5]/Q
                         net (fo=2, unplaced)         0.976    -0.108    u_bridge/rx_payload_bytes_r_reg_n_0_[5]
                         LUT6 (Prop_lut6_I0_O)        0.295     0.187 r  u_bridge/rx_state_r[1]_i_11/O
                         net (fo=2, unplaced)         0.460     0.647    u_bridge/rx_state_r[1]_i_11_n_0
                         LUT2 (Prop_lut2_I0_O)        0.124     0.771 r  u_bridge/rx_state_r[1]_i_4/O
                         net (fo=1, unplaced)         0.732     1.503    u_bridge/rx_state_r[1]_i_4_n_0
                         LUT6 (Prop_lut6_I0_O)        0.124     1.627 f  u_bridge/rx_state_r[1]_i_2/O
                         net (fo=8, unplaced)         0.979     2.606    u_bridge/u_uart_rx/mode_loaded_r_reg_0
                         LUT6 (Prop_lut6_I0_O)        0.124     2.730 r  u_bridge/u_uart_rx/aad_len_r[10]_i_3/O
                         net (fo=6, unplaced)         0.481     3.211    u_bridge/u_uart_rx/rx_state_r_reg[0]_2
                         LUT6 (Prop_lut6_I0_O)        0.124     3.335 r  u_bridge/u_uart_rx/aad_len_r[10]_i_1/O
                         net (fo=11, unplaced)        0.519     3.854    u_bridge/aad_len_r
                         FDRE                                         r  u_bridge/aad_len_r_reg[2]/CE
  -------------------------------------------------------------------    -------------------

                         (clock core_clk_raw rise edge)
                                                      5.714     5.714 r  
    E3                                                0.000     5.714 r  clk (IN)
                         net (fo=0)                   0.000     5.714    clk
    E3                   IBUF (Prop_ibuf_I_O)         1.411     7.126 r  clk_IBUF_inst/O
                         net (fo=1, unplaced)         0.439     7.565    clk_IBUF
                         MMCME2_ADV (Prop_mmcme2_adv_CLKIN1_CLKOUT0)
                                                     -5.381     2.184 r  u_mmcm/CLKOUT0
                         net (fo=1, unplaced)         0.763     2.947    core_clk_raw
                         BUFG (Prop_bufg_I_O)         0.091     3.038 r  u_core_clk_buf/O
                         net (fo=11062, unplaced)     0.439     3.477    u_bridge/core_clk
                         FDRE                                         r  u_bridge/aad_len_r_reg[2]/C
                         clock pessimism              0.531     4.007    
                         clock uncertainty           -0.075     3.932    
                         FDRE (Setup_fdre_C_CE)      -0.202     3.730    u_bridge/aad_len_r_reg[2]
  -------------------------------------------------------------------
                         required time                          3.730    
                         arrival time                          -3.854    
  -------------------------------------------------------------------
                         slack                                 -0.124    

Slack (VIOLATED) :        -0.124ns  (required time - arrival time)
  Source:                 u_bridge/rx_payload_bytes_r_reg[5]/C
                            (rising edge-triggered cell FDRE clocked by core_clk_raw  {rise@0.000ns fall@2.857ns period=5.714ns})
  Destination:            u_bridge/aad_len_r_reg[3]/CE
                            (rising edge-triggered cell FDRE clocked by core_clk_raw  {rise@0.000ns fall@2.857ns period=5.714ns})
  Path Group:             core_clk_raw
  Path Type:              Setup (Max at Slow Process Corner)
  Requirement:            5.714ns  (core_clk_raw rise@5.714ns - core_clk_raw rise@0.000ns)
  Data Path Delay:        5.416ns  (logic 1.269ns (23.431%)  route 4.147ns (76.569%))
  Logic Levels:           5  (LUT2=1 LUT6=4)
  Clock Path Skew:        -0.145ns (DCD - SCD + CPR)
    Destination Clock Delay (DCD):    -2.238ns = ( 3.477 - 5.714 ) 
    Source Clock Delay      (SCD):    -1.562ns
    Clock Pessimism Removal (CPR):    0.531ns
  Clock Uncertainty:      0.075ns  ((TSJ^2 + DJ^2)^1/2) / 2 + PE
    Total System Jitter     (TSJ):    0.071ns
    Discrete Jitter          (DJ):    0.132ns
    Phase Error              (PE):    0.000ns

    Location             Delay type                Incr(ns)  Path(ns)    Netlist Resource(s)
  -------------------------------------------------------------------    -------------------
                         (clock core_clk_raw rise edge)
                                                      0.000     0.000 r  
    E3                                                0.000     0.000 r  clk (IN)
                         net (fo=0)                   0.000     0.000    clk
    E3                   IBUF (Prop_ibuf_I_O)         1.482     1.482 r  clk_IBUF_inst/O
                         net (fo=1, unplaced)         0.584     2.066    clk_IBUF
                         MMCME2_ADV (Prop_mmcme2_adv_CLKIN1_CLKOUT0)
                                                     -5.111    -3.045 r  u_mmcm/CLKOUT0
                         net (fo=1, unplaced)         0.803    -2.242    core_clk_raw
                         BUFG (Prop_bufg_I_O)         0.096    -2.146 r  u_core_clk_buf/O
                         net (fo=11062, unplaced)     0.584    -1.562    u_bridge/core_clk
                         FDRE                                         r  u_bridge/rx_payload_bytes_r_reg[5]/C
  -------------------------------------------------------------------    -------------------
                         FDRE (Prop_fdre_C_Q)         0.478    -1.084 f  u_bridge/rx_payload_bytes_r_reg[5]/Q
                         net (fo=2, unplaced)         0.976    -0.108    u_bridge/rx_payload_bytes_r_reg_n_0_[5]
                         LUT6 (Prop_lut6_I0_O)        0.295     0.187 r  u_bridge/rx_state_r[1]_i_11/O
                         net (fo=2, unplaced)         0.460     0.647    u_bridge/rx_state_r[1]_i_11_n_0
                         LUT2 (Prop_lut2_I0_O)        0.124     0.771 r  u_bridge/rx_state_r[1]_i_4/O
                         net (fo=1, unplaced)         0.732     1.503    u_bridge/rx_state_r[1]_i_4_n_0
                         LUT6 (Prop_lut6_I0_O)        0.124     1.627 f  u_bridge/rx_state_r[1]_i_2/O
                         net (fo=8, unplaced)         0.979     2.606    u_bridge/u_uart_rx/mode_loaded_r_reg_0
                         LUT6 (Prop_lut6_I0_O)        0.124     2.730 r  u_bridge/u_uart_rx/aad_len_r[10]_i_3/O
                         net (fo=6, unplaced)         0.481     3.211    u_bridge/u_uart_rx/rx_state_r_reg[0]_2
                         LUT6 (Prop_lut6_I0_O)        0.124     3.335 r  u_bridge/u_uart_rx/aad_len_r[10]_i_1/O
                         net (fo=11, unplaced)        0.519     3.854    u_bridge/aad_len_r
                         FDRE                                         r  u_bridge/aad_len_r_reg[3]/CE
  -------------------------------------------------------------------    -------------------

                         (clock core_clk_raw rise edge)
                                                      5.714     5.714 r  
    E3                                                0.000     5.714 r  clk (IN)
                         net (fo=0)                   0.000     5.714    clk
    E3                   IBUF (Prop_ibuf_I_O)         1.411     7.126 r  clk_IBUF_inst/O
                         net (fo=1, unplaced)         0.439     7.565    clk_IBUF
                         MMCME2_ADV (Prop_mmcme2_adv_CLKIN1_CLKOUT0)
                                                     -5.381     2.184 r  u_mmcm/CLKOUT0
                         net (fo=1, unplaced)         0.763     2.947    core_clk_raw
                         BUFG (Prop_bufg_I_O)         0.091     3.038 r  u_core_clk_buf/O
                         net (fo=11062, unplaced)     0.439     3.477    u_bridge/core_clk
                         FDRE                                         r  u_bridge/aad_len_r_reg[3]/C
                         clock pessimism              0.531     4.007    
                         clock uncertainty           -0.075     3.932    
                         FDRE (Setup_fdre_C_CE)      -0.202     3.730    u_bridge/aad_len_r_reg[3]
  -------------------------------------------------------------------
                         required time                          3.730    
                         arrival time                          -3.854    
  -------------------------------------------------------------------
                         slack                                 -0.124    

Slack (VIOLATED) :        -0.124ns  (required time - arrival time)
  Source:                 u_bridge/rx_payload_bytes_r_reg[5]/C
                            (rising edge-triggered cell FDRE clocked by core_clk_raw  {rise@0.000ns fall@2.857ns period=5.714ns})
  Destination:            u_bridge/aad_len_r_reg[4]/CE
                            (rising edge-triggered cell FDRE clocked by core_clk_raw  {rise@0.000ns fall@2.857ns period=5.714ns})
  Path Group:             core_clk_raw
  Path Type:              Setup (Max at Slow Process Corner)
  Requirement:            5.714ns  (core_clk_raw rise@5.714ns - core_clk_raw rise@0.000ns)
  Data Path Delay:        5.416ns  (logic 1.269ns (23.431%)  route 4.147ns (76.569%))
  Logic Levels:           5  (LUT2=1 LUT6=4)
  Clock Path Skew:        -0.145ns (DCD - SCD + CPR)
    Destination Clock Delay (DCD):    -2.238ns = ( 3.477 - 5.714 ) 
    Source Clock Delay      (SCD):    -1.562ns
    Clock Pessimism Removal (CPR):    0.531ns
  Clock Uncertainty:      0.075ns  ((TSJ^2 + DJ^2)^1/2) / 2 + PE
    Total System Jitter     (TSJ):    0.071ns
    Discrete Jitter          (DJ):    0.132ns
    Phase Error              (PE):    0.000ns

    Location             Delay type                Incr(ns)  Path(ns)    Netlist Resource(s)
  -------------------------------------------------------------------    -------------------
                         (clock core_clk_raw rise edge)
                                                      0.000     0.000 r  
    E3                                                0.000     0.000 r  clk (IN)
                         net (fo=0)                   0.000     0.000    clk
    E3                   IBUF (Prop_ibuf_I_O)         1.482     1.482 r  clk_IBUF_inst/O
                         net (fo=1, unplaced)         0.584     2.066    clk_IBUF
                         MMCME2_ADV (Prop_mmcme2_adv_CLKIN1_CLKOUT0)
                                                     -5.111    -3.045 r  u_mmcm/CLKOUT0
                         net (fo=1, unplaced)         0.803    -2.242    core_clk_raw
                         BUFG (Prop_bufg_I_O)         0.096    -2.146 r  u_core_clk_buf/O
                         net (fo=11062, unplaced)     0.584    -1.562    u_bridge/core_clk
                         FDRE                                         r  u_bridge/rx_payload_bytes_r_reg[5]/C
  -------------------------------------------------------------------    -------------------
                         FDRE (Prop_fdre_C_Q)         0.478    -1.084 f  u_bridge/rx_payload_bytes_r_reg[5]/Q
                         net (fo=2, unplaced)         0.976    -0.108    u_bridge/rx_payload_bytes_r_reg_n_0_[5]
                         LUT6 (Prop_lut6_I0_O)        0.295     0.187 r  u_bridge/rx_state_r[1]_i_11/O
                         net (fo=2, unplaced)         0.460     0.647    u_bridge/rx_state_r[1]_i_11_n_0
                         LUT2 (Prop_lut2_I0_O)        0.124     0.771 r  u_bridge/rx_state_r[1]_i_4/O
                         net (fo=1, unplaced)         0.732     1.503    u_bridge/rx_state_r[1]_i_4_n_0
                         LUT6 (Prop_lut6_I0_O)        0.124     1.627 f  u_bridge/rx_state_r[1]_i_2/O
                         net (fo=8, unplaced)         0.979     2.606    u_bridge/u_uart_rx/mode_loaded_r_reg_0
                         LUT6 (Prop_lut6_I0_O)        0.124     2.730 r  u_bridge/u_uart_rx/aad_len_r[10]_i_3/O
                         net (fo=6, unplaced)         0.481     3.211    u_bridge/u_uart_rx/rx_state_r_reg[0]_2
                         LUT6 (Prop_lut6_I0_O)        0.124     3.335 r  u_bridge/u_uart_rx/aad_len_r[10]_i_1/O
                         net (fo=11, unplaced)        0.519     3.854    u_bridge/aad_len_r
                         FDRE                                         r  u_bridge/aad_len_r_reg[4]/CE
  -------------------------------------------------------------------    -------------------

                         (clock core_clk_raw rise edge)
                                                      5.714     5.714 r  
    E3                                                0.000     5.714 r  clk (IN)
                         net (fo=0)                   0.000     5.714    clk
    E3                   IBUF (Prop_ibuf_I_O)         1.411     7.126 r  clk_IBUF_inst/O
                         net (fo=1, unplaced)         0.439     7.565    clk_IBUF
                         MMCME2_ADV (Prop_mmcme2_adv_CLKIN1_CLKOUT0)
                                                     -5.381     2.184 r  u_mmcm/CLKOUT0
                         net (fo=1, unplaced)         0.763     2.947    core_clk_raw
                         BUFG (Prop_bufg_I_O)         0.091     3.038 r  u_core_clk_buf/O
                         net (fo=11062, unplaced)     0.439     3.477    u_bridge/core_clk
                         FDRE                                         r  u_bridge/aad_len_r_reg[4]/C
                         clock pessimism              0.531     4.007    
                         clock uncertainty           -0.075     3.932    
                         FDRE (Setup_fdre_C_CE)      -0.202     3.730    u_bridge/aad_len_r_reg[4]
  -------------------------------------------------------------------
                         required time                          3.730    
                         arrival time                          -3.854    
  -------------------------------------------------------------------
                         slack                                 -0.124    

Slack (VIOLATED) :        -0.124ns  (required time - arrival time)
  Source:                 u_bridge/rx_payload_bytes_r_reg[5]/C
                            (rising edge-triggered cell FDRE clocked by core_clk_raw  {rise@0.000ns fall@2.857ns period=5.714ns})
  Destination:            u_bridge/aad_len_r_reg[5]/CE
                            (rising edge-triggered cell FDRE clocked by core_clk_raw  {rise@0.000ns fall@2.857ns period=5.714ns})
  Path Group:             core_clk_raw
  Path Type:              Setup (Max at Slow Process Corner)
  Requirement:            5.714ns  (core_clk_raw rise@5.714ns - core_clk_raw rise@0.000ns)
  Data Path Delay:        5.416ns  (logic 1.269ns (23.431%)  route 4.147ns (76.569%))
  Logic Levels:           5  (LUT2=1 LUT6=4)
  Clock Path Skew:        -0.145ns (DCD - SCD + CPR)
    Destination Clock Delay (DCD):    -2.238ns = ( 3.477 - 5.714 ) 
    Source Clock Delay      (SCD):    -1.562ns
    Clock Pessimism Removal (CPR):    0.531ns
  Clock Uncertainty:      0.075ns  ((TSJ^2 + DJ^2)^1/2) / 2 + PE
    Total System Jitter     (TSJ):    0.071ns
    Discrete Jitter          (DJ):    0.132ns
    Phase Error              (PE):    0.000ns

    Location             Delay type                Incr(ns)  Path(ns)    Netlist Resource(s)
  -------------------------------------------------------------------    -------------------
                         (clock core_clk_raw rise edge)
                                                      0.000     0.000 r  
    E3                                                0.000     0.000 r  clk (IN)
                         net (fo=0)                   0.000     0.000    clk
    E3                   IBUF (Prop_ibuf_I_O)         1.482     1.482 r  clk_IBUF_inst/O
                         net (fo=1, unplaced)         0.584     2.066    clk_IBUF
                         MMCME2_ADV (Prop_mmcme2_adv_CLKIN1_CLKOUT0)
                                                     -5.111    -3.045 r  u_mmcm/CLKOUT0
                         net (fo=1, unplaced)         0.803    -2.242    core_clk_raw
                         BUFG (Prop_bufg_I_O)         0.096    -2.146 r  u_core_clk_buf/O
                         net (fo=11062, unplaced)     0.584    -1.562    u_bridge/core_clk
                         FDRE                                         r  u_bridge/rx_payload_bytes_r_reg[5]/C
  -------------------------------------------------------------------    -------------------
                         FDRE (Prop_fdre_C_Q)         0.478    -1.084 f  u_bridge/rx_payload_bytes_r_reg[5]/Q
                         net (fo=2, unplaced)         0.976    -0.108    u_bridge/rx_payload_bytes_r_reg_n_0_[5]
                         LUT6 (Prop_lut6_I0_O)        0.295     0.187 r  u_bridge/rx_state_r[1]_i_11/O
                         net (fo=2, unplaced)         0.460     0.647    u_bridge/rx_state_r[1]_i_11_n_0
                         LUT2 (Prop_lut2_I0_O)        0.124     0.771 r  u_bridge/rx_state_r[1]_i_4/O
                         net (fo=1, unplaced)         0.732     1.503    u_bridge/rx_state_r[1]_i_4_n_0
                         LUT6 (Prop_lut6_I0_O)        0.124     1.627 f  u_bridge/rx_state_r[1]_i_2/O
                         net (fo=8, unplaced)         0.979     2.606    u_bridge/u_uart_rx/mode_loaded_r_reg_0
                         LUT6 (Prop_lut6_I0_O)        0.124     2.730 r  u_bridge/u_uart_rx/aad_len_r[10]_i_3/O
                         net (fo=6, unplaced)         0.481     3.211    u_bridge/u_uart_rx/rx_state_r_reg[0]_2
                         LUT6 (Prop_lut6_I0_O)        0.124     3.335 r  u_bridge/u_uart_rx/aad_len_r[10]_i_1/O
                         net (fo=11, unplaced)        0.519     3.854    u_bridge/aad_len_r
                         FDRE                                         r  u_bridge/aad_len_r_reg[5]/CE
  -------------------------------------------------------------------    -------------------

                         (clock core_clk_raw rise edge)
                                                      5.714     5.714 r  
    E3                                                0.000     5.714 r  clk (IN)
                         net (fo=0)                   0.000     5.714    clk
    E3                   IBUF (Prop_ibuf_I_O)         1.411     7.126 r  clk_IBUF_inst/O
                         net (fo=1, unplaced)         0.439     7.565    clk_IBUF
                         MMCME2_ADV (Prop_mmcme2_adv_CLKIN1_CLKOUT0)
                                                     -5.381     2.184 r  u_mmcm/CLKOUT0
                         net (fo=1, unplaced)         0.763     2.947    core_clk_raw
                         BUFG (Prop_bufg_I_O)         0.091     3.038 r  u_core_clk_buf/O
                         net (fo=11062, unplaced)     0.439     3.477    u_bridge/core_clk
                         FDRE                                         r  u_bridge/aad_len_r_reg[5]/C
                         clock pessimism              0.531     4.007    
                         clock uncertainty           -0.075     3.932    
                         FDRE (Setup_fdre_C_CE)      -0.202     3.730    u_bridge/aad_len_r_reg[5]
  -------------------------------------------------------------------
                         required time                          3.730    
                         arrival time                          -3.854    
  -------------------------------------------------------------------
                         slack                                 -0.124    

Slack (VIOLATED) :        -0.124ns  (required time - arrival time)
  Source:                 u_bridge/rx_payload_bytes_r_reg[5]/C
                            (rising edge-triggered cell FDRE clocked by core_clk_raw  {rise@0.000ns fall@2.857ns period=5.714ns})
  Destination:            u_bridge/aad_len_r_reg[6]/CE
                            (rising edge-triggered cell FDRE clocked by core_clk_raw  {rise@0.000ns fall@2.857ns period=5.714ns})
  Path Group:             core_clk_raw
  Path Type:              Setup (Max at Slow Process Corner)
  Requirement:            5.714ns  (core_clk_raw rise@5.714ns - core_clk_raw rise@0.000ns)
  Data Path Delay:        5.416ns  (logic 1.269ns (23.431%)  route 4.147ns (76.569%))
  Logic Levels:           5  (LUT2=1 LUT6=4)
  Clock Path Skew:        -0.145ns (DCD - SCD + CPR)
    Destination Clock Delay (DCD):    -2.238ns = ( 3.477 - 5.714 ) 
    Source Clock Delay      (SCD):    -1.562ns
    Clock Pessimism Removal (CPR):    0.531ns
  Clock Uncertainty:      0.075ns  ((TSJ^2 + DJ^2)^1/2) / 2 + PE
    Total System Jitter     (TSJ):    0.071ns
    Discrete Jitter          (DJ):    0.132ns
    Phase Error              (PE):    0.000ns

    Location             Delay type                Incr(ns)  Path(ns)    Netlist Resource(s)
  -------------------------------------------------------------------    -------------------
                         (clock core_clk_raw rise edge)
                                                      0.000     0.000 r  
    E3                                                0.000     0.000 r  clk (IN)
                         net (fo=0)                   0.000     0.000    clk
    E3                   IBUF (Prop_ibuf_I_O)         1.482     1.482 r  clk_IBUF_inst/O
                         net (fo=1, unplaced)         0.584     2.066    clk_IBUF
                         MMCME2_ADV (Prop_mmcme2_adv_CLKIN1_CLKOUT0)
                                                     -5.111    -3.045 r  u_mmcm/CLKOUT0
                         net (fo=1, unplaced)         0.803    -2.242    core_clk_raw
                         BUFG (Prop_bufg_I_O)         0.096    -2.146 r  u_core_clk_buf/O
                         net (fo=11062, unplaced)     0.584    -1.562    u_bridge/core_clk
                         FDRE                                         r  u_bridge/rx_payload_bytes_r_reg[5]/C
  -------------------------------------------------------------------    -------------------
                         FDRE (Prop_fdre_C_Q)         0.478    -1.084 f  u_bridge/rx_payload_bytes_r_reg[5]/Q
                         net (fo=2, unplaced)         0.976    -0.108    u_bridge/rx_payload_bytes_r_reg_n_0_[5]
                         LUT6 (Prop_lut6_I0_O)        0.295     0.187 r  u_bridge/rx_state_r[1]_i_11/O
                         net (fo=2, unplaced)         0.460     0.647    u_bridge/rx_state_r[1]_i_11_n_0
                         LUT2 (Prop_lut2_I0_O)        0.124     0.771 r  u_bridge/rx_state_r[1]_i_4/O
                         net (fo=1, unplaced)         0.732     1.503    u_bridge/rx_state_r[1]_i_4_n_0
                         LUT6 (Prop_lut6_I0_O)        0.124     1.627 f  u_bridge/rx_state_r[1]_i_2/O
                         net (fo=8, unplaced)         0.979     2.606    u_bridge/u_uart_rx/mode_loaded_r_reg_0
                         LUT6 (Prop_lut6_I0_O)        0.124     2.730 r  u_bridge/u_uart_rx/aad_len_r[10]_i_3/O
                         net (fo=6, unplaced)         0.481     3.211    u_bridge/u_uart_rx/rx_state_r_reg[0]_2
                         LUT6 (Prop_lut6_I0_O)        0.124     3.335 r  u_bridge/u_uart_rx/aad_len_r[10]_i_1/O
                         net (fo=11, unplaced)        0.519     3.854    u_bridge/aad_len_r
                         FDRE                                         r  u_bridge/aad_len_r_reg[6]/CE
  -------------------------------------------------------------------    -------------------

                         (clock core_clk_raw rise edge)
                                                      5.714     5.714 r  
    E3                                                0.000     5.714 r  clk (IN)
                         net (fo=0)                   0.000     5.714    clk
    E3                   IBUF (Prop_ibuf_I_O)         1.411     7.126 r  clk_IBUF_inst/O
                         net (fo=1, unplaced)         0.439     7.565    clk_IBUF
                         MMCME2_ADV (Prop_mmcme2_adv_CLKIN1_CLKOUT0)
                                                     -5.381     2.184 r  u_mmcm/CLKOUT0
                         net (fo=1, unplaced)         0.763     2.947    core_clk_raw
                         BUFG (Prop_bufg_I_O)         0.091     3.038 r  u_core_clk_buf/O
                         net (fo=11062, unplaced)     0.439     3.477    u_bridge/core_clk
                         FDRE                                         r  u_bridge/aad_len_r_reg[6]/C
                         clock pessimism              0.531     4.007    
                         clock uncertainty           -0.075     3.932    
                         FDRE (Setup_fdre_C_CE)      -0.202     3.730    u_bridge/aad_len_r_reg[6]
  -------------------------------------------------------------------
                         required time                          3.730    
                         arrival time                          -3.854    
  -------------------------------------------------------------------
                         slack                                 -0.124    





Min Delay Paths
--------------------------------------------------------------------------------------
Slack (MET) :             0.045ns  (arrival time - required time)
  Source:                 run_req_sync_r_reg[0]/C
                            (rising edge-triggered cell FDRE clocked by core_clk_raw  {rise@0.000ns fall@2.857ns period=5.714ns})
  Destination:            run_req_sync_r_reg[1]/D
                            (rising edge-triggered cell FDRE clocked by core_clk_raw  {rise@0.000ns fall@2.857ns period=5.714ns})
  Path Group:             core_clk_raw
  Path Type:              Hold (Min at Fast Process Corner)
  Requirement:            0.000ns  (core_clk_raw rise@0.000ns - core_clk_raw rise@0.000ns)
  Data Path Delay:        0.228ns  (logic 0.147ns (64.493%)  route 0.081ns (35.507%))
  Logic Levels:           0  
  Clock Path Skew:        0.145ns (DCD - SCD - CPR)
    Destination Clock Delay (DCD):    -1.070ns
    Source Clock Delay      (SCD):    -0.935ns
    Clock Pessimism Removal (CPR):    -0.280ns

    Location             Delay type                Incr(ns)  Path(ns)    Netlist Resource(s)
  -------------------------------------------------------------------    -------------------
                         (clock core_clk_raw rise edge)
                                                      0.000     0.000 r  
    E3                                                0.000     0.000 r  clk (IN)
                         net (fo=0)                   0.000     0.000    clk
    E3                   IBUF (Prop_ibuf_I_O)         0.250     0.250 r  clk_IBUF_inst/O
                         net (fo=1, unplaced)         0.114     0.364    clk_IBUF
                         MMCME2_ADV (Prop_mmcme2_adv_CLKIN1_CLKOUT0)
                                                     -1.777    -1.414 r  u_mmcm/CLKOUT0
                         net (fo=1, unplaced)         0.338    -1.075    core_clk_raw
                         BUFG (Prop_bufg_I_O)         0.026    -1.049 r  u_core_clk_buf/O
                         net (fo=11062, unplaced)     0.114    -0.935    core_clk
                         FDRE                                         r  run_req_sync_r_reg[0]/C
  -------------------------------------------------------------------    -------------------
                         FDRE (Prop_fdre_C_Q)         0.147    -0.788 r  run_req_sync_r_reg[0]/Q
                         net (fo=1, unplaced)         0.081    -0.707    run_req_sync_r[0]
                         FDRE                                         r  run_req_sync_r_reg[1]/D
  -------------------------------------------------------------------    -------------------

                         (clock core_clk_raw rise edge)
                                                      0.000     0.000 r  
    E3                                                0.000     0.000 r  clk (IN)
                         net (fo=0)                   0.000     0.000    clk
    E3                   IBUF (Prop_ibuf_I_O)         0.438     0.438 r  clk_IBUF_inst/O
                         net (fo=1, unplaced)         0.259     0.697    clk_IBUF
                         MMCME2_ADV (Prop_mmcme2_adv_CLKIN1_CLKOUT0)
                                                     -2.411    -1.715 r  u_mmcm/CLKOUT0
                         net (fo=1, unplaced)         0.356    -1.358    core_clk_raw
                         BUFG (Prop_bufg_I_O)         0.029    -1.329 r  u_core_clk_buf/O
                         net (fo=11062, unplaced)     0.259    -1.070    core_clk
                         FDRE                                         r  run_req_sync_r_reg[1]/C
                         clock pessimism              0.280    -0.790    
                         FDRE (Hold_fdre_C_D)         0.038    -0.752    run_req_sync_r_reg[1]
  -------------------------------------------------------------------
                         required time                          0.752    
                         arrival time                          -0.707    
  -------------------------------------------------------------------
                         slack                                  0.045    

Slack (MET) :             0.045ns  (arrival time - required time)
  Source:                 u_bridge/u_uart_rx/rx_meta_reg/C
                            (rising edge-triggered cell FDSE clocked by core_clk_raw  {rise@0.000ns fall@2.857ns period=5.714ns})
  Destination:            u_bridge/u_uart_rx/rx_sync_reg/D
                            (rising edge-triggered cell FDSE clocked by core_clk_raw  {rise@0.000ns fall@2.857ns period=5.714ns})
  Path Group:             core_clk_raw
  Path Type:              Hold (Min at Fast Process Corner)
  Requirement:            0.000ns  (core_clk_raw rise@0.000ns - core_clk_raw rise@0.000ns)
  Data Path Delay:        0.228ns  (logic 0.147ns (64.493%)  route 0.081ns (35.507%))
  Logic Levels:           0  
  Clock Path Skew:        0.145ns (DCD - SCD - CPR)
    Destination Clock Delay (DCD):    -1.070ns
    Source Clock Delay      (SCD):    -0.935ns
    Clock Pessimism Removal (CPR):    -0.280ns

    Location             Delay type                Incr(ns)  Path(ns)    Netlist Resource(s)
  -------------------------------------------------------------------    -------------------
                         (clock core_clk_raw rise edge)
                                                      0.000     0.000 r  
    E3                                                0.000     0.000 r  clk (IN)
                         net (fo=0)                   0.000     0.000    clk
    E3                   IBUF (Prop_ibuf_I_O)         0.250     0.250 r  clk_IBUF_inst/O
                         net (fo=1, unplaced)         0.114     0.364    clk_IBUF
                         MMCME2_ADV (Prop_mmcme2_adv_CLKIN1_CLKOUT0)
                                                     -1.777    -1.414 r  u_mmcm/CLKOUT0
                         net (fo=1, unplaced)         0.338    -1.075    core_clk_raw
                         BUFG (Prop_bufg_I_O)         0.026    -1.049 r  u_core_clk_buf/O
                         net (fo=11062, unplaced)     0.114    -0.935    u_bridge/u_uart_rx/core_clk
                         FDSE                                         r  u_bridge/u_uart_rx/rx_meta_reg/C
  -------------------------------------------------------------------    -------------------
                         FDSE (Prop_fdse_C_Q)         0.147    -0.788 r  u_bridge/u_uart_rx/rx_meta_reg/Q
                         net (fo=1, unplaced)         0.081    -0.707    u_bridge/u_uart_rx/rx_meta
                         FDSE                                         r  u_bridge/u_uart_rx/rx_sync_reg/D
  -------------------------------------------------------------------    -------------------

                         (clock core_clk_raw rise edge)
                                                      0.000     0.000 r  
    E3                                                0.000     0.000 r  clk (IN)
                         net (fo=0)                   0.000     0.000    clk
    E3                   IBUF (Prop_ibuf_I_O)         0.438     0.438 r  clk_IBUF_inst/O
                         net (fo=1, unplaced)         0.259     0.697    clk_IBUF
                         MMCME2_ADV (Prop_mmcme2_adv_CLKIN1_CLKOUT0)
                                                     -2.411    -1.715 r  u_mmcm/CLKOUT0
                         net (fo=1, unplaced)         0.356    -1.358    core_clk_raw
                         BUFG (Prop_bufg_I_O)         0.029    -1.329 r  u_core_clk_buf/O
                         net (fo=11062, unplaced)     0.259    -1.070    u_bridge/u_uart_rx/core_clk
                         FDSE                                         r  u_bridge/u_uart_rx/rx_sync_reg/C
                         clock pessimism              0.280    -0.790    
                         FDSE (Hold_fdse_C_D)         0.038    -0.752    u_bridge/u_uart_rx/rx_sync_reg
  -------------------------------------------------------------------
                         required time                          0.752    
                         arrival time                          -0.707    
  -------------------------------------------------------------------
                         slack                                  0.045    

Slack (MET) :             0.049ns  (arrival time - required time)
  Source:                 u_aes_gcm/u_core/u_aes_meta_fifo/out_data_q_reg[0]/C
                            (rising edge-triggered cell FDRE clocked by core_clk_raw  {rise@0.000ns fall@2.857ns period=5.714ns})
  Destination:            u_aes_gcm/u_core/u_aes_result_fifo/mem_reg_0_3_0_5/RAMA/I
                            (rising edge-triggered cell RAMD32 clocked by core_clk_raw  {rise@0.000ns fall@2.857ns period=5.714ns})
  Path Group:             core_clk_raw
  Path Type:              Hold (Min at Fast Process Corner)
  Requirement:            0.000ns  (core_clk_raw rise@0.000ns - core_clk_raw rise@0.000ns)
  Data Path Delay:        0.288ns  (logic 0.147ns (51.079%)  route 0.141ns (48.921%))
  Logic Levels:           0  
  Clock Path Skew:        0.145ns (DCD - SCD - CPR)
    Destination Clock Delay (DCD):    -1.070ns
    Source Clock Delay      (SCD):    -0.935ns
    Clock Pessimism Removal (CPR):    -0.280ns

    Location             Delay type                Incr(ns)  Path(ns)    Netlist Resource(s)
  -------------------------------------------------------------------    -------------------
                         (clock core_clk_raw rise edge)
                                                      0.000     0.000 r  
    E3                                                0.000     0.000 r  clk (IN)
                         net (fo=0)                   0.000     0.000    clk
    E3                   IBUF (Prop_ibuf_I_O)         0.250     0.250 r  clk_IBUF_inst/O
                         net (fo=1, unplaced)         0.114     0.364    clk_IBUF
                         MMCME2_ADV (Prop_mmcme2_adv_CLKIN1_CLKOUT0)
                                                     -1.777    -1.414 r  u_mmcm/CLKOUT0
                         net (fo=1, unplaced)         0.338    -1.075    core_clk_raw
                         BUFG (Prop_bufg_I_O)         0.026    -1.049 r  u_core_clk_buf/O
                         net (fo=11062, unplaced)     0.114    -0.935    u_aes_gcm/u_core/u_aes_meta_fifo/core_clk
                         FDRE                                         r  u_aes_gcm/u_core/u_aes_meta_fifo/out_data_q_reg[0]/C
  -------------------------------------------------------------------    -------------------
                         FDRE (Prop_fdre_C_Q)         0.147    -0.788 r  u_aes_gcm/u_core/u_aes_meta_fifo/out_data_q_reg[0]/Q
                         net (fo=1, unplaced)         0.141    -0.648    u_aes_gcm/u_core/u_aes_result_fifo/mem_reg_0_3_0_5/DIA0
                         RAMD32                                       r  u_aes_gcm/u_core/u_aes_result_fifo/mem_reg_0_3_0_5/RAMA/I
  -------------------------------------------------------------------    -------------------

                         (clock core_clk_raw rise edge)
                                                      0.000     0.000 r  
    E3                                                0.000     0.000 r  clk (IN)
                         net (fo=0)                   0.000     0.000    clk
    E3                   IBUF (Prop_ibuf_I_O)         0.438     0.438 r  clk_IBUF_inst/O
                         net (fo=1, unplaced)         0.259     0.697    clk_IBUF
                         MMCME2_ADV (Prop_mmcme2_adv_CLKIN1_CLKOUT0)
                                                     -2.411    -1.715 r  u_mmcm/CLKOUT0
                         net (fo=1, unplaced)         0.356    -1.358    core_clk_raw
                         BUFG (Prop_bufg_I_O)         0.029    -1.329 r  u_core_clk_buf/O
                         net (fo=11062, unplaced)     0.259    -1.070    u_aes_gcm/u_core/u_aes_result_fifo/mem_reg_0_3_0_5/WCLK
                         RAMD32                                       r  u_aes_gcm/u_core/u_aes_result_fifo/mem_reg_0_3_0_5/RAMA/CLK
                         clock pessimism              0.280    -0.790    
                         RAMD32 (Hold_ramd32_CLK_I)
                                                      0.094    -0.696    u_aes_gcm/u_core/u_aes_result_fifo/mem_reg_0_3_0_5/RAMA
  -------------------------------------------------------------------
                         required time                          0.696    
                         arrival time                          -0.648    
  -------------------------------------------------------------------
                         slack                                  0.049    

Slack (MET) :             0.049ns  (arrival time - required time)
  Source:                 u_aes_gcm/u_tag_output_register/out_data_q_reg[0]/C
                            (rising edge-triggered cell FDRE clocked by core_clk_raw  {rise@0.000ns fall@2.857ns period=5.714ns})
  Destination:            u_bridge/tag_capture_mem_reg_0_15_0_5/RAMA/I
                            (rising edge-triggered cell RAMD32 clocked by core_clk_raw  {rise@0.000ns fall@2.857ns period=5.714ns})
  Path Group:             core_clk_raw
  Path Type:              Hold (Min at Fast Process Corner)
  Requirement:            0.000ns  (core_clk_raw rise@0.000ns - core_clk_raw rise@0.000ns)
  Data Path Delay:        0.288ns  (logic 0.147ns (51.079%)  route 0.141ns (48.921%))
  Logic Levels:           0  
  Clock Path Skew:        0.145ns (DCD - SCD - CPR)
    Destination Clock Delay (DCD):    -1.070ns
    Source Clock Delay      (SCD):    -0.935ns
    Clock Pessimism Removal (CPR):    -0.280ns

    Location             Delay type                Incr(ns)  Path(ns)    Netlist Resource(s)
  -------------------------------------------------------------------    -------------------
                         (clock core_clk_raw rise edge)
                                                      0.000     0.000 r  
    E3                                                0.000     0.000 r  clk (IN)
                         net (fo=0)                   0.000     0.000    clk
    E3                   IBUF (Prop_ibuf_I_O)         0.250     0.250 r  clk_IBUF_inst/O
                         net (fo=1, unplaced)         0.114     0.364    clk_IBUF
                         MMCME2_ADV (Prop_mmcme2_adv_CLKIN1_CLKOUT0)
                                                     -1.777    -1.414 r  u_mmcm/CLKOUT0
                         net (fo=1, unplaced)         0.338    -1.075    core_clk_raw
                         BUFG (Prop_bufg_I_O)         0.026    -1.049 r  u_core_clk_buf/O
                         net (fo=11062, unplaced)     0.114    -0.935    u_aes_gcm/u_tag_output_register/core_clk
                         FDRE                                         r  u_aes_gcm/u_tag_output_register/out_data_q_reg[0]/C
  -------------------------------------------------------------------    -------------------
                         FDRE (Prop_fdre_C_Q)         0.147    -0.788 r  u_aes_gcm/u_tag_output_register/out_data_q_reg[0]/Q
                         net (fo=1, unplaced)         0.141    -0.648    u_bridge/tag_capture_mem_reg_0_15_0_5/DIA0
                         RAMD32                                       r  u_bridge/tag_capture_mem_reg_0_15_0_5/RAMA/I
  -------------------------------------------------------------------    -------------------

                         (clock core_clk_raw rise edge)
                                                      0.000     0.000 r  
    E3                                                0.000     0.000 r  clk (IN)
                         net (fo=0)                   0.000     0.000    clk
    E3                   IBUF (Prop_ibuf_I_O)         0.438     0.438 r  clk_IBUF_inst/O
                         net (fo=1, unplaced)         0.259     0.697    clk_IBUF
                         MMCME2_ADV (Prop_mmcme2_adv_CLKIN1_CLKOUT0)
                                                     -2.411    -1.715 r  u_mmcm/CLKOUT0
                         net (fo=1, unplaced)         0.356    -1.358    core_clk_raw
                         BUFG (Prop_bufg_I_O)         0.029    -1.329 r  u_core_clk_buf/O
                         net (fo=11062, unplaced)     0.259    -1.070    u_bridge/tag_capture_mem_reg_0_15_0_5/WCLK
                         RAMD32                                       r  u_bridge/tag_capture_mem_reg_0_15_0_5/RAMA/CLK
                         clock pessimism              0.280    -0.790    
                         RAMD32 (Hold_ramd32_CLK_I)
                                                      0.094    -0.696    u_bridge/tag_capture_mem_reg_0_15_0_5/RAMA
  -------------------------------------------------------------------
                         required time                          0.696    
                         arrival time                          -0.648    
  -------------------------------------------------------------------
                         slack                                  0.049    

Slack (MET) :             0.050ns  (arrival time - required time)
  Source:                 u_aes_gcm/u_core/tag_prod_data_reg[128]/C
                            (rising edge-triggered cell FDRE clocked by core_clk_raw  {rise@0.000ns fall@2.857ns period=5.714ns})
  Destination:            u_aes_gcm/u_core/u_tag_packet_fifo/mem_reg_0_1_126_131/RAMB/I
                            (rising edge-triggered cell RAMD32 clocked by core_clk_raw  {rise@0.000ns fall@2.857ns period=5.714ns})
  Path Group:             core_clk_raw
  Path Type:              Hold (Min at Fast Process Corner)
  Requirement:            0.000ns  (core_clk_raw rise@0.000ns - core_clk_raw rise@0.000ns)
  Data Path Delay:        0.288ns  (logic 0.147ns (51.079%)  route 0.141ns (48.921%))
  Logic Levels:           0  
  Clock Path Skew:        0.145ns (DCD - SCD - CPR)
    Destination Clock Delay (DCD):    -1.070ns
    Source Clock Delay      (SCD):    -0.935ns
    Clock Pessimism Removal (CPR):    -0.280ns

    Location             Delay type                Incr(ns)  Path(ns)    Netlist Resource(s)
  -------------------------------------------------------------------    -------------------
                         (clock core_clk_raw rise edge)
                                                      0.000     0.000 r  
    E3                                                0.000     0.000 r  clk (IN)
                         net (fo=0)                   0.000     0.000    clk
    E3                   IBUF (Prop_ibuf_I_O)         0.250     0.250 r  clk_IBUF_inst/O
                         net (fo=1, unplaced)         0.114     0.364    clk_IBUF
                         MMCME2_ADV (Prop_mmcme2_adv_CLKIN1_CLKOUT0)
                                                     -1.777    -1.414 r  u_mmcm/CLKOUT0
                         net (fo=1, unplaced)         0.338    -1.075    core_clk_raw
                         BUFG (Prop_bufg_I_O)         0.026    -1.049 r  u_core_clk_buf/O
                         net (fo=11062, unplaced)     0.114    -0.935    u_aes_gcm/u_core/core_clk
                         FDRE                                         r  u_aes_gcm/u_core/tag_prod_data_reg[128]/C
  -------------------------------------------------------------------    -------------------
                         FDRE (Prop_fdre_C_Q)         0.147    -0.788 r  u_aes_gcm/u_core/tag_prod_data_reg[128]/Q
                         net (fo=1, unplaced)         0.141    -0.648    u_aes_gcm/u_core/u_tag_packet_fifo/mem_reg_0_1_126_131/DIB0
                         RAMD32                                       r  u_aes_gcm/u_core/u_tag_packet_fifo/mem_reg_0_1_126_131/RAMB/I
  -------------------------------------------------------------------    -------------------

                         (clock core_clk_raw rise edge)
                                                      0.000     0.000 r  
    E3                                                0.000     0.000 r  clk (IN)
                         net (fo=0)                   0.000     0.000    clk
    E3                   IBUF (Prop_ibuf_I_O)         0.438     0.438 r  clk_IBUF_inst/O
                         net (fo=1, unplaced)         0.259     0.697    clk_IBUF
                         MMCME2_ADV (Prop_mmcme2_adv_CLKIN1_CLKOUT0)
                                                     -2.411    -1.715 r  u_mmcm/CLKOUT0
                         net (fo=1, unplaced)         0.356    -1.358    core_clk_raw
                         BUFG (Prop_bufg_I_O)         0.029    -1.329 r  u_core_clk_buf/O
                         net (fo=11062, unplaced)     0.259    -1.070    u_aes_gcm/u_core/u_tag_packet_fifo/mem_reg_0_1_126_131/WCLK
                         RAMD32                                       r  u_aes_gcm/u_core/u_tag_packet_fifo/mem_reg_0_1_126_131/RAMB/CLK
                         clock pessimism              0.280    -0.790    
                         RAMD32 (Hold_ramd32_CLK_I)
                                                      0.093    -0.697    u_aes_gcm/u_core/u_tag_packet_fifo/mem_reg_0_1_126_131/RAMB
  -------------------------------------------------------------------
                         required time                          0.697    
                         arrival time                          -0.648    
  -------------------------------------------------------------------
                         slack                                  0.050    

Slack (MET) :             0.050ns  (arrival time - required time)
  Source:                 u_aes_gcm/u_tag_output_register/out_data_q_reg[2]/C
                            (rising edge-triggered cell FDRE clocked by core_clk_raw  {rise@0.000ns fall@2.857ns period=5.714ns})
  Destination:            u_bridge/tag_capture_mem_reg_0_15_0_5/RAMB/I
                            (rising edge-triggered cell RAMD32 clocked by core_clk_raw  {rise@0.000ns fall@2.857ns period=5.714ns})
  Path Group:             core_clk_raw
  Path Type:              Hold (Min at Fast Process Corner)
  Requirement:            0.000ns  (core_clk_raw rise@0.000ns - core_clk_raw rise@0.000ns)
  Data Path Delay:        0.288ns  (logic 0.147ns (51.079%)  route 0.141ns (48.921%))
  Logic Levels:           0  
  Clock Path Skew:        0.145ns (DCD - SCD - CPR)
    Destination Clock Delay (DCD):    -1.070ns
    Source Clock Delay      (SCD):    -0.935ns
    Clock Pessimism Removal (CPR):    -0.280ns

    Location             Delay type                Incr(ns)  Path(ns)    Netlist Resource(s)
  -------------------------------------------------------------------    -------------------
                         (clock core_clk_raw rise edge)
                                                      0.000     0.000 r  
    E3                                                0.000     0.000 r  clk (IN)
                         net (fo=0)                   0.000     0.000    clk
    E3                   IBUF (Prop_ibuf_I_O)         0.250     0.250 r  clk_IBUF_inst/O
                         net (fo=1, unplaced)         0.114     0.364    clk_IBUF
                         MMCME2_ADV (Prop_mmcme2_adv_CLKIN1_CLKOUT0)
                                                     -1.777    -1.414 r  u_mmcm/CLKOUT0
                         net (fo=1, unplaced)         0.338    -1.075    core_clk_raw
                         BUFG (Prop_bufg_I_O)         0.026    -1.049 r  u_core_clk_buf/O
                         net (fo=11062, unplaced)     0.114    -0.935    u_aes_gcm/u_tag_output_register/core_clk
                         FDRE                                         r  u_aes_gcm/u_tag_output_register/out_data_q_reg[2]/C
  -------------------------------------------------------------------    -------------------
                         FDRE (Prop_fdre_C_Q)         0.147    -0.788 r  u_aes_gcm/u_tag_output_register/out_data_q_reg[2]/Q
                         net (fo=1, unplaced)         0.141    -0.648    u_bridge/tag_capture_mem_reg_0_15_0_5/DIB0
                         RAMD32                                       r  u_bridge/tag_capture_mem_reg_0_15_0_5/RAMB/I
  -------------------------------------------------------------------    -------------------

                         (clock core_clk_raw rise edge)
                                                      0.000     0.000 r  
    E3                                                0.000     0.000 r  clk (IN)
                         net (fo=0)                   0.000     0.000    clk
    E3                   IBUF (Prop_ibuf_I_O)         0.438     0.438 r  clk_IBUF_inst/O
                         net (fo=1, unplaced)         0.259     0.697    clk_IBUF
                         MMCME2_ADV (Prop_mmcme2_adv_CLKIN1_CLKOUT0)
                                                     -2.411    -1.715 r  u_mmcm/CLKOUT0
                         net (fo=1, unplaced)         0.356    -1.358    core_clk_raw
                         BUFG (Prop_bufg_I_O)         0.029    -1.329 r  u_core_clk_buf/O
                         net (fo=11062, unplaced)     0.259    -1.070    u_bridge/tag_capture_mem_reg_0_15_0_5/WCLK
                         RAMD32                                       r  u_bridge/tag_capture_mem_reg_0_15_0_5/RAMB/CLK
                         clock pessimism              0.280    -0.790    
                         RAMD32 (Hold_ramd32_CLK_I)
                                                      0.093    -0.697    u_bridge/tag_capture_mem_reg_0_15_0_5/RAMB
  -------------------------------------------------------------------
                         required time                          0.697    
                         arrival time                          -0.648    
  -------------------------------------------------------------------
                         slack                                  0.050    

Slack (MET) :             0.052ns  (arrival time - required time)
  Source:                 u_aes_gcm/u_core/u_aes_meta_fifo/out_data_q_reg[10]/C
                            (rising edge-triggered cell FDRE clocked by core_clk_raw  {rise@0.000ns fall@2.857ns period=5.714ns})
  Destination:            u_aes_gcm/u_core/u_aes_result_fifo/mem_reg_0_3_6_11/RAMC/I
                            (rising edge-triggered cell RAMD32 clocked by core_clk_raw  {rise@0.000ns fall@2.857ns period=5.714ns})
  Path Group:             core_clk_raw
  Path Type:              Hold (Min at Fast Process Corner)
  Requirement:            0.000ns  (core_clk_raw rise@0.000ns - core_clk_raw rise@0.000ns)
  Data Path Delay:        0.288ns  (logic 0.147ns (51.079%)  route 0.141ns (48.921%))
  Logic Levels:           0  
  Clock Path Skew:        0.145ns (DCD - SCD - CPR)
    Destination Clock Delay (DCD):    -1.070ns
    Source Clock Delay      (SCD):    -0.935ns
    Clock Pessimism Removal (CPR):    -0.280ns

    Location             Delay type                Incr(ns)  Path(ns)    Netlist Resource(s)
  -------------------------------------------------------------------    -------------------
                         (clock core_clk_raw rise edge)
                                                      0.000     0.000 r  
    E3                                                0.000     0.000 r  clk (IN)
                         net (fo=0)                   0.000     0.000    clk
    E3                   IBUF (Prop_ibuf_I_O)         0.250     0.250 r  clk_IBUF_inst/O
                         net (fo=1, unplaced)         0.114     0.364    clk_IBUF
                         MMCME2_ADV (Prop_mmcme2_adv_CLKIN1_CLKOUT0)
                                                     -1.777    -1.414 r  u_mmcm/CLKOUT0
                         net (fo=1, unplaced)         0.338    -1.075    core_clk_raw
                         BUFG (Prop_bufg_I_O)         0.026    -1.049 r  u_core_clk_buf/O
                         net (fo=11062, unplaced)     0.114    -0.935    u_aes_gcm/u_core/u_aes_meta_fifo/core_clk
                         FDRE                                         r  u_aes_gcm/u_core/u_aes_meta_fifo/out_data_q_reg[10]/C
  -------------------------------------------------------------------    -------------------
                         FDRE (Prop_fdre_C_Q)         0.147    -0.788 r  u_aes_gcm/u_core/u_aes_meta_fifo/out_data_q_reg[10]/Q
                         net (fo=1, unplaced)         0.141    -0.648    u_aes_gcm/u_core/u_aes_result_fifo/mem_reg_0_3_6_11/DIC0
                         RAMD32                                       r  u_aes_gcm/u_core/u_aes_result_fifo/mem_reg_0_3_6_11/RAMC/I
  -------------------------------------------------------------------    -------------------

                         (clock core_clk_raw rise edge)
                                                      0.000     0.000 r  
    E3                                                0.000     0.000 r  clk (IN)
                         net (fo=0)                   0.000     0.000    clk
    E3                   IBUF (Prop_ibuf_I_O)         0.438     0.438 r  clk_IBUF_inst/O
                         net (fo=1, unplaced)         0.259     0.697    clk_IBUF
                         MMCME2_ADV (Prop_mmcme2_adv_CLKIN1_CLKOUT0)
                                                     -2.411    -1.715 r  u_mmcm/CLKOUT0
                         net (fo=1, unplaced)         0.356    -1.358    core_clk_raw
                         BUFG (Prop_bufg_I_O)         0.029    -1.329 r  u_core_clk_buf/O
                         net (fo=11062, unplaced)     0.259    -1.070    u_aes_gcm/u_core/u_aes_result_fifo/mem_reg_0_3_6_11/WCLK
                         RAMD32                                       r  u_aes_gcm/u_core/u_aes_result_fifo/mem_reg_0_3_6_11/RAMC/CLK
                         clock pessimism              0.280    -0.790    
                         RAMD32 (Hold_ramd32_CLK_I)
                                                      0.091    -0.699    u_aes_gcm/u_core/u_aes_result_fifo/mem_reg_0_3_6_11/RAMC
  -------------------------------------------------------------------
                         required time                          0.699    
                         arrival time                          -0.648    
  -------------------------------------------------------------------
                         slack                                  0.052    

Slack (MET) :             0.052ns  (arrival time - required time)
  Source:                 u_aes_gcm/u_core/tag_prod_data_reg[130]/C
                            (rising edge-triggered cell FDRE clocked by core_clk_raw  {rise@0.000ns fall@2.857ns period=5.714ns})
  Destination:            u_aes_gcm/u_core/u_tag_packet_fifo/mem_reg_0_1_126_131/RAMC/I
                            (rising edge-triggered cell RAMD32 clocked by core_clk_raw  {rise@0.000ns fall@2.857ns period=5.714ns})
  Path Group:             core_clk_raw
  Path Type:              Hold (Min at Fast Process Corner)
  Requirement:            0.000ns  (core_clk_raw rise@0.000ns - core_clk_raw rise@0.000ns)
  Data Path Delay:        0.288ns  (logic 0.147ns (51.079%)  route 0.141ns (48.921%))
  Logic Levels:           0  
  Clock Path Skew:        0.145ns (DCD - SCD - CPR)
    Destination Clock Delay (DCD):    -1.070ns
    Source Clock Delay      (SCD):    -0.935ns
    Clock Pessimism Removal (CPR):    -0.280ns

    Location             Delay type                Incr(ns)  Path(ns)    Netlist Resource(s)
  -------------------------------------------------------------------    -------------------
                         (clock core_clk_raw rise edge)
                                                      0.000     0.000 r  
    E3                                                0.000     0.000 r  clk (IN)
                         net (fo=0)                   0.000     0.000    clk
    E3                   IBUF (Prop_ibuf_I_O)         0.250     0.250 r  clk_IBUF_inst/O
                         net (fo=1, unplaced)         0.114     0.364    clk_IBUF
                         MMCME2_ADV (Prop_mmcme2_adv_CLKIN1_CLKOUT0)
                                                     -1.777    -1.414 r  u_mmcm/CLKOUT0
                         net (fo=1, unplaced)         0.338    -1.075    core_clk_raw
                         BUFG (Prop_bufg_I_O)         0.026    -1.049 r  u_core_clk_buf/O
                         net (fo=11062, unplaced)     0.114    -0.935    u_aes_gcm/u_core/core_clk
                         FDRE                                         r  u_aes_gcm/u_core/tag_prod_data_reg[130]/C
  -------------------------------------------------------------------    -------------------
                         FDRE (Prop_fdre_C_Q)         0.147    -0.788 r  u_aes_gcm/u_core/tag_prod_data_reg[130]/Q
                         net (fo=1, unplaced)         0.141    -0.648    u_aes_gcm/u_core/u_tag_packet_fifo/mem_reg_0_1_126_131/DIC0
                         RAMD32                                       r  u_aes_gcm/u_core/u_tag_packet_fifo/mem_reg_0_1_126_131/RAMC/I
  -------------------------------------------------------------------    -------------------

                         (clock core_clk_raw rise edge)
                                                      0.000     0.000 r  
    E3                                                0.000     0.000 r  clk (IN)
                         net (fo=0)                   0.000     0.000    clk
    E3                   IBUF (Prop_ibuf_I_O)         0.438     0.438 r  clk_IBUF_inst/O
                         net (fo=1, unplaced)         0.259     0.697    clk_IBUF
                         MMCME2_ADV (Prop_mmcme2_adv_CLKIN1_CLKOUT0)
                                                     -2.411    -1.715 r  u_mmcm/CLKOUT0
                         net (fo=1, unplaced)         0.356    -1.358    core_clk_raw
                         BUFG (Prop_bufg_I_O)         0.029    -1.329 r  u_core_clk_buf/O
                         net (fo=11062, unplaced)     0.259    -1.070    u_aes_gcm/u_core/u_tag_packet_fifo/mem_reg_0_1_126_131/WCLK
                         RAMD32                                       r  u_aes_gcm/u_core/u_tag_packet_fifo/mem_reg_0_1_126_131/RAMC/CLK
                         clock pessimism              0.280    -0.790    
                         RAMD32 (Hold_ramd32_CLK_I)
                                                      0.091    -0.699    u_aes_gcm/u_core/u_tag_packet_fifo/mem_reg_0_1_126_131/RAMC
  -------------------------------------------------------------------
                         required time                          0.699    
                         arrival time                          -0.648    
  -------------------------------------------------------------------
                         slack                                  0.052    

Slack (MET) :             0.052ns  (arrival time - required time)
  Source:                 u_aes_gcm/u_tag_output_register/out_data_q_reg[4]/C
                            (rising edge-triggered cell FDRE clocked by core_clk_raw  {rise@0.000ns fall@2.857ns period=5.714ns})
  Destination:            u_bridge/tag_capture_mem_reg_0_15_0_5/RAMC/I
                            (rising edge-triggered cell RAMD32 clocked by core_clk_raw  {rise@0.000ns fall@2.857ns period=5.714ns})
  Path Group:             core_clk_raw
  Path Type:              Hold (Min at Fast Process Corner)
  Requirement:            0.000ns  (core_clk_raw rise@0.000ns - core_clk_raw rise@0.000ns)
  Data Path Delay:        0.288ns  (logic 0.147ns (51.079%)  route 0.141ns (48.921%))
  Logic Levels:           0  
  Clock Path Skew:        0.145ns (DCD - SCD - CPR)
    Destination Clock Delay (DCD):    -1.070ns
    Source Clock Delay      (SCD):    -0.935ns
    Clock Pessimism Removal (CPR):    -0.280ns

    Location             Delay type                Incr(ns)  Path(ns)    Netlist Resource(s)
  -------------------------------------------------------------------    -------------------
                         (clock core_clk_raw rise edge)
                                                      0.000     0.000 r  
    E3                                                0.000     0.000 r  clk (IN)
                         net (fo=0)                   0.000     0.000    clk
    E3                   IBUF (Prop_ibuf_I_O)         0.250     0.250 r  clk_IBUF_inst/O
                         net (fo=1, unplaced)         0.114     0.364    clk_IBUF
                         MMCME2_ADV (Prop_mmcme2_adv_CLKIN1_CLKOUT0)
                                                     -1.777    -1.414 r  u_mmcm/CLKOUT0
                         net (fo=1, unplaced)         0.338    -1.075    core_clk_raw
                         BUFG (Prop_bufg_I_O)         0.026    -1.049 r  u_core_clk_buf/O
                         net (fo=11062, unplaced)     0.114    -0.935    u_aes_gcm/u_tag_output_register/core_clk
                         FDRE                                         r  u_aes_gcm/u_tag_output_register/out_data_q_reg[4]/C
  -------------------------------------------------------------------    -------------------
                         FDRE (Prop_fdre_C_Q)         0.147    -0.788 r  u_aes_gcm/u_tag_output_register/out_data_q_reg[4]/Q
                         net (fo=1, unplaced)         0.141    -0.648    u_bridge/tag_capture_mem_reg_0_15_0_5/DIC0
                         RAMD32                                       r  u_bridge/tag_capture_mem_reg_0_15_0_5/RAMC/I
  -------------------------------------------------------------------    -------------------

                         (clock core_clk_raw rise edge)
                                                      0.000     0.000 r  
    E3                                                0.000     0.000 r  clk (IN)
                         net (fo=0)                   0.000     0.000    clk
    E3                   IBUF (Prop_ibuf_I_O)         0.438     0.438 r  clk_IBUF_inst/O
                         net (fo=1, unplaced)         0.259     0.697    clk_IBUF
                         MMCME2_ADV (Prop_mmcme2_adv_CLKIN1_CLKOUT0)
                                                     -2.411    -1.715 r  u_mmcm/CLKOUT0
                         net (fo=1, unplaced)         0.356    -1.358    core_clk_raw
                         BUFG (Prop_bufg_I_O)         0.029    -1.329 r  u_core_clk_buf/O
                         net (fo=11062, unplaced)     0.259    -1.070    u_bridge/tag_capture_mem_reg_0_15_0_5/WCLK
                         RAMD32                                       r  u_bridge/tag_capture_mem_reg_0_15_0_5/RAMC/CLK
                         clock pessimism              0.280    -0.790    
                         RAMD32 (Hold_ramd32_CLK_I)
                                                      0.091    -0.699    u_bridge/tag_capture_mem_reg_0_15_0_5/RAMC
  -------------------------------------------------------------------
                         required time                          0.699    
                         arrival time                          -0.648    
  -------------------------------------------------------------------
                         slack                                  0.052    

Slack (MET) :             0.053ns  (arrival time - required time)
  Source:                 u_aes_gcm/u_core/aes_meta_stage_data_r_reg[0]/C
                            (rising edge-triggered cell FDRE clocked by core_clk_raw  {rise@0.000ns fall@2.857ns period=5.714ns})
  Destination:            u_aes_gcm/u_core/u_aes_meta_fifo/mem_reg_0_3_0_5/RAMA/I
                            (rising edge-triggered cell RAMD32 clocked by core_clk_raw  {rise@0.000ns fall@2.857ns period=5.714ns})
  Path Group:             core_clk_raw
  Path Type:              Hold (Min at Fast Process Corner)
  Requirement:            0.000ns  (core_clk_raw rise@0.000ns - core_clk_raw rise@0.000ns)
  Data Path Delay:        0.292ns  (logic 0.147ns (50.269%)  route 0.145ns (49.731%))
  Logic Levels:           0  
  Clock Path Skew:        0.145ns (DCD - SCD - CPR)
    Destination Clock Delay (DCD):    -1.070ns
    Source Clock Delay      (SCD):    -0.935ns
    Clock Pessimism Removal (CPR):    -0.280ns

    Location             Delay type                Incr(ns)  Path(ns)    Netlist Resource(s)
  -------------------------------------------------------------------    -------------------
                         (clock core_clk_raw rise edge)
                                                      0.000     0.000 r  
    E3                                                0.000     0.000 r  clk (IN)
                         net (fo=0)                   0.000     0.000    clk
    E3                   IBUF (Prop_ibuf_I_O)         0.250     0.250 r  clk_IBUF_inst/O
                         net (fo=1, unplaced)         0.114     0.364    clk_IBUF
                         MMCME2_ADV (Prop_mmcme2_adv_CLKIN1_CLKOUT0)
                                                     -1.777    -1.414 r  u_mmcm/CLKOUT0
                         net (fo=1, unplaced)         0.338    -1.075    core_clk_raw
                         BUFG (Prop_bufg_I_O)         0.026    -1.049 r  u_core_clk_buf/O
                         net (fo=11062, unplaced)     0.114    -0.935    u_aes_gcm/u_core/core_clk
                         FDRE                                         r  u_aes_gcm/u_core/aes_meta_stage_data_r_reg[0]/C
  -------------------------------------------------------------------    -------------------
                         FDRE (Prop_fdre_C_Q)         0.147    -0.788 r  u_aes_gcm/u_core/aes_meta_stage_data_r_reg[0]/Q
                         net (fo=2, unplaced)         0.145    -0.643    u_aes_gcm/u_core/u_aes_meta_fifo/mem_reg_0_3_0_5/DIA0
                         RAMD32                                       r  u_aes_gcm/u_core/u_aes_meta_fifo/mem_reg_0_3_0_5/RAMA/I
  -------------------------------------------------------------------    -------------------

                         (clock core_clk_raw rise edge)
                                                      0.000     0.000 r  
    E3                                                0.000     0.000 r  clk (IN)
                         net (fo=0)                   0.000     0.000    clk
    E3                   IBUF (Prop_ibuf_I_O)         0.438     0.438 r  clk_IBUF_inst/O
                         net (fo=1, unplaced)         0.259     0.697    clk_IBUF
                         MMCME2_ADV (Prop_mmcme2_adv_CLKIN1_CLKOUT0)
                                                     -2.411    -1.715 r  u_mmcm/CLKOUT0
                         net (fo=1, unplaced)         0.356    -1.358    core_clk_raw
                         BUFG (Prop_bufg_I_O)         0.029    -1.329 r  u_core_clk_buf/O
                         net (fo=11062, unplaced)     0.259    -1.070    u_aes_gcm/u_core/u_aes_meta_fifo/mem_reg_0_3_0_5/WCLK
                         RAMD32                                       r  u_aes_gcm/u_core/u_aes_meta_fifo/mem_reg_0_3_0_5/RAMA/CLK
                         clock pessimism              0.280    -0.790    
                         RAMD32 (Hold_ramd32_CLK_I)
                                                      0.094    -0.696    u_aes_gcm/u_core/u_aes_meta_fifo/mem_reg_0_3_0_5/RAMA
  -------------------------------------------------------------------
                         required time                          0.696    
                         arrival time                          -0.643    
  -------------------------------------------------------------------
                         slack                                  0.053    





Pulse Width Checks
--------------------------------------------------------------------------------------
Clock Name:         core_clk_raw
Waveform(ns):       { 0.000 2.857 }
Period(ns):         5.714
Sources:            { u_mmcm/CLKOUT0 }

Check Type        Corner  Lib Pin             Reference Pin  Required(ns)  Actual(ns)  Slack(ns)  Location  Pin
Min Period        n/a     RAMB18E1/CLKARDCLK  n/a            2.576         5.714       3.138                u_aes_gcm/u_core/u_aes_engine/GEN_DATA_SBOX[11].u_data_sbox/GEN_REGISTERED_OUTPUT.co_r_reg/CLKARDCLK
Min Period        n/a     RAMB18E1/CLKBWRCLK  n/a            2.576         5.714       3.138                u_aes_gcm/u_core/u_aes_engine/GEN_DATA_SBOX[11].u_data_sbox/GEN_REGISTERED_OUTPUT.co_r_reg/CLKBWRCLK
Min Period        n/a     RAMB18E1/CLKARDCLK  n/a            2.576         5.714       3.138                u_aes_gcm/u_core/u_aes_engine/GEN_DATA_SBOX[13].u_data_sbox/GEN_REGISTERED_OUTPUT.co_r_reg/CLKARDCLK
Min Period        n/a     RAMB18E1/CLKBWRCLK  n/a            2.576         5.714       3.138                u_aes_gcm/u_core/u_aes_engine/GEN_DATA_SBOX[13].u_data_sbox/GEN_REGISTERED_OUTPUT.co_r_reg/CLKBWRCLK
Min Period        n/a     RAMB18E1/CLKARDCLK  n/a            2.576         5.714       3.138                u_aes_gcm/u_core/u_aes_engine/GEN_DATA_SBOX[15].u_data_sbox/GEN_REGISTERED_OUTPUT.co_r_reg/CLKARDCLK
Min Period        n/a     RAMB18E1/CLKBWRCLK  n/a            2.576         5.714       3.138                u_aes_gcm/u_core/u_aes_engine/GEN_DATA_SBOX[15].u_data_sbox/GEN_REGISTERED_OUTPUT.co_r_reg/CLKBWRCLK
Min Period        n/a     RAMB18E1/CLKARDCLK  n/a            2.576         5.714       3.138                u_aes_gcm/u_core/u_aes_engine/GEN_DATA_SBOX[1].u_data_sbox/GEN_REGISTERED_OUTPUT.co_r_reg/CLKARDCLK
Min Period        n/a     RAMB18E1/CLKBWRCLK  n/a            2.576         5.714       3.138                u_aes_gcm/u_core/u_aes_engine/GEN_DATA_SBOX[1].u_data_sbox/GEN_REGISTERED_OUTPUT.co_r_reg/CLKBWRCLK
Min Period        n/a     RAMB18E1/CLKARDCLK  n/a            2.576         5.714       3.138                u_aes_gcm/u_core/u_aes_engine/GEN_DATA_SBOX[3].u_data_sbox/GEN_REGISTERED_OUTPUT.co_r_reg/CLKARDCLK
Min Period        n/a     RAMB18E1/CLKBWRCLK  n/a            2.576         5.714       3.138                u_aes_gcm/u_core/u_aes_engine/GEN_DATA_SBOX[3].u_data_sbox/GEN_REGISTERED_OUTPUT.co_r_reg/CLKBWRCLK
Max Period        n/a     MMCME2_ADV/CLKOUT0  n/a            213.360       5.714       207.646              u_mmcm/CLKOUT0
Low Pulse Width   Slow    RAMD32/CLK          n/a            1.250         2.857       1.607                u_aes_gcm/u_core/plain_bank0_reg_r1_0_15_0_5/RAMA/CLK
Low Pulse Width   Fast    RAMD32/CLK          n/a            1.250         2.857       1.607                u_aes_gcm/u_core/plain_bank0_reg_r1_0_15_0_5/RAMA/CLK
Low Pulse Width   Slow    RAMD32/CLK          n/a            1.250         2.857       1.607                u_aes_gcm/u_core/plain_bank0_reg_r1_0_15_0_5/RAMA_D1/CLK
Low Pulse Width   Fast    RAMD32/CLK          n/a            1.250         2.857       1.607                u_aes_gcm/u_core/plain_bank0_reg_r1_0_15_0_5/RAMA_D1/CLK
Low Pulse Width   Slow    RAMD32/CLK          n/a            1.250         2.857       1.607                u_aes_gcm/u_core/plain_bank0_reg_r1_0_15_0_5/RAMB/CLK
Low Pulse Width   Fast    RAMD32/CLK          n/a            1.250         2.857       1.607                u_aes_gcm/u_core/plain_bank0_reg_r1_0_15_0_5/RAMB/CLK
Low Pulse Width   Slow    RAMD32/CLK          n/a            1.250         2.857       1.607                u_aes_gcm/u_core/plain_bank0_reg_r1_0_15_0_5/RAMB_D1/CLK
Low Pulse Width   Fast    RAMD32/CLK          n/a            1.250         2.857       1.607                u_aes_gcm/u_core/plain_bank0_reg_r1_0_15_0_5/RAMB_D1/CLK
Low Pulse Width   Slow    RAMD32/CLK          n/a            1.250         2.857       1.607                u_aes_gcm/u_core/plain_bank0_reg_r1_0_15_0_5/RAMC/CLK
Low Pulse Width   Fast    RAMD32/CLK          n/a            1.250         2.857       1.607                u_aes_gcm/u_core/plain_bank0_reg_r1_0_15_0_5/RAMC/CLK
High Pulse Width  Slow    RAMD32/CLK          n/a            1.250         2.857       1.607                u_aes_gcm/u_core/plain_bank0_reg_r1_0_15_0_5/RAMA/CLK
High Pulse Width  Fast    RAMD32/CLK          n/a            1.250         2.857       1.607                u_aes_gcm/u_core/plain_bank0_reg_r1_0_15_0_5/RAMA/CLK
High Pulse Width  Slow    RAMD32/CLK          n/a            1.250         2.857       1.607                u_aes_gcm/u_core/plain_bank0_reg_r1_0_15_0_5/RAMA_D1/CLK
High Pulse Width  Fast    RAMD32/CLK          n/a            1.250         2.857       1.607                u_aes_gcm/u_core/plain_bank0_reg_r1_0_15_0_5/RAMA_D1/CLK
High Pulse Width  Slow    RAMD32/CLK          n/a            1.250         2.857       1.607                u_aes_gcm/u_core/plain_bank0_reg_r1_0_15_0_5/RAMB/CLK
High Pulse Width  Fast    RAMD32/CLK          n/a            1.250         2.857       1.607                u_aes_gcm/u_core/plain_bank0_reg_r1_0_15_0_5/RAMB/CLK
High Pulse Width  Slow    RAMD32/CLK          n/a            1.250         2.857       1.607                u_aes_gcm/u_core/plain_bank0_reg_r1_0_15_0_5/RAMB_D1/CLK
High Pulse Width  Fast    RAMD32/CLK          n/a            1.250         2.857       1.607                u_aes_gcm/u_core/plain_bank0_reg_r1_0_15_0_5/RAMB_D1/CLK
High Pulse Width  Slow    RAMD32/CLK          n/a            1.250         2.857       1.607                u_aes_gcm/u_core/plain_bank0_reg_r1_0_15_0_5/RAMC/CLK
High Pulse Width  Fast    RAMD32/CLK          n/a            1.250         2.857       1.607                u_aes_gcm/u_core/plain_bank0_reg_r1_0_15_0_5/RAMC/CLK



---------------------------------------------------------------------------------------------------
From Clock:  mmcm_clkfb_raw
  To Clock:  mmcm_clkfb_raw

Setup :           NA  Failing Endpoints,  Worst Slack           NA  ,  Total Violation           NA
Hold  :           NA  Failing Endpoints,  Worst Slack           NA  ,  Total Violation           NA
PW    :            0  Failing Endpoints,  Worst Slack        7.845ns,  Total Violation        0.000ns
---------------------------------------------------------------------------------------------------


Pulse Width Checks
--------------------------------------------------------------------------------------
Clock Name:         mmcm_clkfb_raw
Waveform(ns):       { 0.000 5.000 }
Period(ns):         10.000
Sources:            { u_mmcm/CLKFBOUT }

Check Type  Corner  Lib Pin              Reference Pin  Required(ns)  Actual(ns)  Slack(ns)  Location  Pin
Min Period  n/a     BUFG/I               n/a            2.155         10.000      7.845                u_feedback_buf/I
Min Period  n/a     MMCME2_ADV/CLKFBOUT  n/a            1.249         10.000      8.751                u_mmcm/CLKFBOUT
Min Period  n/a     MMCME2_ADV/CLKFBIN   n/a            1.249         10.000      8.751                u_mmcm/CLKFBIN
Max Period  n/a     MMCME2_ADV/CLKFBIN   n/a            100.000       10.000      90.000               u_mmcm/CLKFBIN
Max Period  n/a     MMCME2_ADV/CLKFBOUT  n/a            213.360       10.000      203.360              u_mmcm/CLKFBOUT



