Copyright 1986-2021 Xilinx, Inc. All Rights Reserved.
--------------------------------------------------------------------------------------------------------------------------------------------------------------------------------------------------------------------------------------------------------------
| Tool Version : Vivado v.2021.1 (win64) Build 3247384 Thu Jun 10 19:36:33 MDT 2021
| Date         : Mon Aug 24 03:22:27 2026
| Host         : DESKTOP-IO47298 running 64-bit major release  (build 9200)
| Command      : report_timing_summary -delay_type min_max -max_paths 10 -nworst 1 -file C:/project/FPGA3/docs/report/figures/vivado_native/04_routed_timing_summary.rpt -rpx C:/project/FPGA3/docs/report/figures/vivado_native/04_routed_timing_summary.rpx
| Design       : arty_a7_100t_aes_gcm_uart_rsp_top
| Device       : 7a100t-csg324
| Speed File   : -1  PRODUCTION 1.23 2018-06-13
--------------------------------------------------------------------------------------------------------------------------------------------------------------------------------------------------------------------------------------------------------------

Timing Summary Report

------------------------------------------------------------------------------------------------
| Timer Settings
| --------------
------------------------------------------------------------------------------------------------

  Enable Multi Corner Analysis               :  Yes
  Enable Pessimism Removal                   :  Yes
  Pessimism Removal Resolution               :  Nearest Common Node
  Enable Input Delay Default Clock           :  No
  Enable Preset / Clear Arcs                 :  No
  Disable Flight Delays                      :  No
  Ignore I/O Paths                           :  No
  Timing Early Launch at Borrowing Latches   :  No
  Borrow Time for Max Delay Exceptions       :  Yes
  Merge Timing Exceptions                    :  Yes

  Corner  Analyze    Analyze    
  Name    Max Paths  Min Paths  
  ------  ---------  ---------  
  Slow    Yes        Yes        
  Fast    Yes        Yes        


------------------------------------------------------------------------------------------------
| Report Methodology
| ------------------
------------------------------------------------------------------------------------------------

No report available as report_methodology has not been run prior. Run report_methodology on the current design for the summary of methodology violations.



check_timing report

Table of Contents
-----------------
1. checking no_clock (0)
2. checking constant_clock (0)
3. checking pulse_width_clock (0)
4. checking unconstrained_internal_endpoints (0)
5. checking no_input_delay (2)
6. checking no_output_delay (5)
7. checking multiple_clock (0)
8. checking generated_clocks (0)
9. checking loops (0)
10. checking partial_input_delay (0)
11. checking partial_output_delay (0)
12. checking latch_loops (0)

1. checking no_clock (0)
------------------------
 There are 0 register/latch pins with no clock.


2. checking constant_clock (0)
------------------------------
 There are 0 register/latch pins with constant_clock.


3. checking pulse_width_clock (0)
---------------------------------
 There are 0 register/latch pins which need pulse_width check


4. checking unconstrained_internal_endpoints (0)
------------------------------------------------
 There are 0 pins that are not constrained for maximum delay.

 There are 0 pins that are not constrained for maximum delay due to constant clock.


5. checking no_input_delay (2)
------------------------------
 There are 0 input ports with no input delay specified.

 There are 2 input ports with no input delay but user has a false path constraint. (MEDIUM)


6. checking no_output_delay (5)
-------------------------------
 There are 0 ports with no output delay specified.

 There are 5 ports with no output delay but user has a false path constraint (MEDIUM)

 There are 0 ports with no output delay but with a timing clock defined on it or propagating through it


7. checking multiple_clock (0)
------------------------------
 There are 0 register/latch pins with multiple clocks.


8. checking generated_clocks (0)
--------------------------------
 There are 0 generated clocks that are not connected to a clock source.


9. checking loops (0)
---------------------
 There are 0 combinational loops in the design.


10. checking partial_input_delay (0)
------------------------------------
 There are 0 input ports with partial input delay specified.


11. checking partial_output_delay (0)
-------------------------------------
 There are 0 ports with partial output delay specified.


12. checking latch_loops (0)
----------------------------
 There are 0 combinational latch loops in the design through latch input



------------------------------------------------------------------------------------------------
| Design Timing Summary
| ---------------------
------------------------------------------------------------------------------------------------

    WNS(ns)      TNS(ns)  TNS Failing Endpoints  TNS Total Endpoints      WHS(ns)      THS(ns)  THS Failing Endpoints  THS Total Endpoints     WPWS(ns)     TPWS(ns)  TPWS Failing Endpoints  TPWS Total Endpoints  
    -------      -------  ---------------------  -------------------      -------      -------  ---------------------  -------------------     --------     --------  ----------------------  --------------------  
      0.029        0.000                      0                35746        0.044        0.000                      0                35746        1.607        0.000                       0                 11099  


All user specified timing constraints are met.


------------------------------------------------------------------------------------------------
| Clock Summary
| -------------
------------------------------------------------------------------------------------------------

Clock             Waveform(ns)         Period(ns)      Frequency(MHz)
-----             ------------         ----------      --------------
sys_clk_pin       {0.000 5.000}        10.000          100.000         
  core_clk_raw    {0.000 2.857}        5.714           175.000         
  mmcm_clkfb_raw  {0.000 5.000}        10.000          100.000         


------------------------------------------------------------------------------------------------
| Intra Clock Table
| -----------------
------------------------------------------------------------------------------------------------

Clock                 WNS(ns)      TNS(ns)  TNS Failing Endpoints  TNS Total Endpoints      WHS(ns)      THS(ns)  THS Failing Endpoints  THS Total Endpoints     WPWS(ns)     TPWS(ns)  TPWS Failing Endpoints  TPWS Total Endpoints  
-----                 -------      -------  ---------------------  -------------------      -------      -------  ---------------------  -------------------     --------     --------  ----------------------  --------------------  
sys_clk_pin                                                                                                                                                         3.000        0.000                       0                     1  
  core_clk_raw          0.029        0.000                      0                35746        0.044        0.000                      0                35746        1.607        0.000                       0                 11095  
  mmcm_clkfb_raw                                                                                                                                                    7.845        0.000                       0                     3  


------------------------------------------------------------------------------------------------
| Inter Clock Table
| -----------------
------------------------------------------------------------------------------------------------

From Clock    To Clock          WNS(ns)      TNS(ns)  TNS Failing Endpoints  TNS Total Endpoints      WHS(ns)      THS(ns)  THS Failing Endpoints  THS Total Endpoints  
----------    --------          -------      -------  ---------------------  -------------------      -------      -------  ---------------------  -------------------  


------------------------------------------------------------------------------------------------
| Other Path Groups Table
| -----------------------
------------------------------------------------------------------------------------------------

Path Group    From Clock    To Clock          WNS(ns)      TNS(ns)  TNS Failing Endpoints  TNS Total Endpoints      WHS(ns)      THS(ns)  THS Failing Endpoints  THS Total Endpoints  
----------    ----------    --------          -------      -------  ---------------------  -------------------      -------      -------  ---------------------  -------------------  


------------------------------------------------------------------------------------------------
| Timing Details
| --------------
------------------------------------------------------------------------------------------------


---------------------------------------------------------------------------------------------------
From Clock:  sys_clk_pin
  To Clock:  sys_clk_pin

Setup :           NA  Failing Endpoints,  Worst Slack           NA  ,  Total Violation           NA
Hold  :           NA  Failing Endpoints,  Worst Slack           NA  ,  Total Violation           NA
PW    :            0  Failing Endpoints,  Worst Slack        3.000ns,  Total Violation        0.000ns
---------------------------------------------------------------------------------------------------


Pulse Width Checks
--------------------------------------------------------------------------------------
Clock Name:         sys_clk_pin
Waveform(ns):       { 0.000 5.000 }
Period(ns):         10.000
Sources:            { clk }

Check Type        Corner  Lib Pin            Reference Pin  Required(ns)  Actual(ns)  Slack(ns)  Location         Pin
Min Period        n/a     MMCME2_ADV/CLKIN1  n/a            1.249         10.000      8.751      MMCME2_ADV_X1Y2  u_mmcm/CLKIN1
Max Period        n/a     MMCME2_ADV/CLKIN1  n/a            100.000       10.000      90.000     MMCME2_ADV_X1Y2  u_mmcm/CLKIN1
Low Pulse Width   Slow    MMCME2_ADV/CLKIN1  n/a            2.000         5.000       3.000      MMCME2_ADV_X1Y2  u_mmcm/CLKIN1
Low Pulse Width   Fast    MMCME2_ADV/CLKIN1  n/a            2.000         5.000       3.000      MMCME2_ADV_X1Y2  u_mmcm/CLKIN1
High Pulse Width  Slow    MMCME2_ADV/CLKIN1  n/a            2.000         5.000       3.000      MMCME2_ADV_X1Y2  u_mmcm/CLKIN1
High Pulse Width  Fast    MMCME2_ADV/CLKIN1  n/a            2.000         5.000       3.000      MMCME2_ADV_X1Y2  u_mmcm/CLKIN1



---------------------------------------------------------------------------------------------------
From Clock:  core_clk_raw
  To Clock:  core_clk_raw

Setup :            0  Failing Endpoints,  Worst Slack        0.029ns,  Total Violation        0.000ns
Hold  :            0  Failing Endpoints,  Worst Slack        0.044ns,  Total Violation        0.000ns
PW    :            0  Failing Endpoints,  Worst Slack        1.607ns,  Total Violation        0.000ns
---------------------------------------------------------------------------------------------------


Max Delay Paths
--------------------------------------------------------------------------------------
Slack (MET) :             0.029ns  (required time - arrival time)
  Source:                 u_bridge/rx_payload_bytes_r_reg[1]/C
                            (rising edge-triggered cell FDRE clocked by core_clk_raw  {rise@0.000ns fall@2.857ns period=5.714ns})
  Destination:            u_bridge/key_cfg_r_reg[24]/D
                            (rising edge-triggered cell FDRE clocked by core_clk_raw  {rise@0.000ns fall@2.857ns period=5.714ns})
  Path Group:             core_clk_raw
  Path Type:              Setup (Max at Slow Process Corner)
  Requirement:            5.714ns  (core_clk_raw rise@5.714ns - core_clk_raw rise@0.000ns)
  Data Path Delay:        5.544ns  (logic 1.214ns (21.897%)  route 4.330ns (78.103%))
  Logic Levels:           5  (LUT3=1 LUT5=1 LUT6=3)
  Clock Path Skew:        -0.019ns (DCD - SCD + CPR)
    Destination Clock Delay (DCD):    -1.353ns = ( 4.361 - 5.714 ) 
    Source Clock Delay      (SCD):    -0.748ns
    Clock Pessimism Removal (CPR):    0.587ns
  Clock Uncertainty:      0.075ns  ((TSJ^2 + DJ^2)^1/2) / 2 + PE
    Total System Jitter     (TSJ):    0.071ns
    Discrete Jitter          (DJ):    0.132ns
    Phase Error              (PE):    0.000ns

    Location             Delay type                Incr(ns)  Path(ns)    Netlist Resource(s)
  -------------------------------------------------------------------    -------------------
                         (clock core_clk_raw rise edge)
                                                      0.000     0.000 r  
    E3                                                0.000     0.000 r  clk (IN)
                         net (fo=0)                   0.000     0.000    clk
    E3                   IBUF (Prop_ibuf_I_O)         1.482     1.482 r  clk_IBUF_inst/O
                         net (fo=1, routed)           1.233     2.715    clk_IBUF
    MMCME2_ADV_X1Y2      MMCME2_ADV (Prop_mmcme2_adv_CLKIN1_CLKOUT0)
                                                     -7.070    -4.355 r  u_mmcm/CLKOUT0
                         net (fo=1, routed)           1.719    -2.636    core_clk_raw
    BUFGCTRL_X0Y16       BUFG (Prop_bufg_I_O)         0.096    -2.540 r  u_core_clk_buf/O
                         net (fo=11093, routed)       1.792    -0.748    u_bridge/core_clk
    SLICE_X26Y174        FDRE                                         r  u_bridge/rx_payload_bytes_r_reg[1]/C
  -------------------------------------------------------------------    -------------------
    SLICE_X26Y174        FDRE (Prop_fdre_C_Q)         0.419    -0.329 r  u_bridge/rx_payload_bytes_r_reg[1]/Q
                         net (fo=6, routed)           0.965     0.637    u_bridge/rx_payload_bytes_r_reg_n_0_[1]
    SLICE_X27Y174        LUT6 (Prop_lut6_I3_O)        0.299     0.936 r  u_bridge/rx_state_r[1]_i_5/O
                         net (fo=2, routed)           0.595     1.531    u_bridge/rx_state_r[1]_i_5_n_0
    SLICE_X28Y174        LUT6 (Prop_lut6_I3_O)        0.124     1.655 r  u_bridge/i_1_LOPT_REMAP/O
                         net (fo=1, routed)           0.552     2.207    u_bridge/i_1/O_n
    SLICE_X29Y174        LUT6 (Prop_lut6_I4_O)        0.124     2.331 r  u_bridge/i_0_LOPT_REMAP/O
                         net (fo=2, routed)           0.516     2.847    u_bridge/key_cfg_r[252]_i_4_n_0
    SLICE_X36Y175        LUT5 (Prop_lut5_I1_O)        0.124     2.971 f  u_bridge/key_cfg_r[251]_i_2/O
                         net (fo=128, routed)         1.172     4.143    u_bridge/key_cfg_r[251]_i_2_n_0
    SLICE_X28Y168        LUT3 (Prop_lut3_I2_O)        0.124     4.267 r  u_bridge/key_cfg_r[24]_i_1/O
                         net (fo=1, routed)           0.529     4.797    u_bridge/key_cfg_r[24]_i_1_n_0
    SLICE_X24Y172        FDRE                                         r  u_bridge/key_cfg_r_reg[24]/D
  -------------------------------------------------------------------    -------------------

                         (clock core_clk_raw rise edge)
                                                      5.714     5.714 r  
    E3                                                0.000     5.714 r  clk (IN)
                         net (fo=0)                   0.000     5.714    clk
    E3                   IBUF (Prop_ibuf_I_O)         1.411     7.126 r  clk_IBUF_inst/O
                         net (fo=1, routed)           1.162     8.287    clk_IBUF
    MMCME2_ADV_X1Y2      MMCME2_ADV (Prop_mmcme2_adv_CLKIN1_CLKOUT0)
                                                     -7.324     0.964 r  u_mmcm/CLKOUT0
                         net (fo=1, routed)           1.639     2.603    core_clk_raw
    BUFGCTRL_X0Y16       BUFG (Prop_bufg_I_O)         0.091     2.694 r  u_core_clk_buf/O
                         net (fo=11093, routed)       1.667     4.361    u_bridge/core_clk
    SLICE_X24Y172        FDRE                                         r  u_bridge/key_cfg_r_reg[24]/C
                         clock pessimism              0.587     4.948    
                         clock uncertainty           -0.075     4.873    
    SLICE_X24Y172        FDRE (Setup_fdre_C_D)       -0.047     4.826    u_bridge/key_cfg_r_reg[24]
  -------------------------------------------------------------------
                         required time                          4.826    
                         arrival time                          -4.797    
  -------------------------------------------------------------------
                         slack                                  0.029    

Slack (MET) :             0.032ns  (required time - arrival time)
  Source:                 u_aes_gcm/u_core/abort_queue_clear_reg/C
                            (rising edge-triggered cell FDRE clocked by core_clk_raw  {rise@0.000ns fall@2.857ns period=5.714ns})
  Destination:            u_aes_gcm/u_core/dataq0_block_r_reg[69]/CE
                            (rising edge-triggered cell FDRE clocked by core_clk_raw  {rise@0.000ns fall@2.857ns period=5.714ns})
  Path Group:             core_clk_raw
  Path Type:              Setup (Max at Slow Process Corner)
  Requirement:            5.714ns  (core_clk_raw rise@5.714ns - core_clk_raw rise@0.000ns)
  Data Path Delay:        5.325ns  (logic 0.952ns (17.879%)  route 4.373ns (82.121%))
  Logic Levels:           4  (LUT2=1 LUT5=1 LUT6=2)
  Clock Path Skew:        -0.113ns (DCD - SCD + CPR)
    Destination Clock Delay (DCD):    -1.536ns = ( 4.178 - 5.714 ) 
    Source Clock Delay      (SCD):    -0.934ns
    Clock Pessimism Removal (CPR):    0.488ns
  Clock Uncertainty:      0.075ns  ((TSJ^2 + DJ^2)^1/2) / 2 + PE
    Total System Jitter     (TSJ):    0.071ns
    Discrete Jitter          (DJ):    0.132ns
    Phase Error              (PE):    0.000ns

    Location             Delay type                Incr(ns)  Path(ns)    Netlist Resource(s)
  -------------------------------------------------------------------    -------------------
                         (clock core_clk_raw rise edge)
                                                      0.000     0.000 r  
    E3                                                0.000     0.000 r  clk (IN)
                         net (fo=0)                   0.000     0.000    clk
    E3                   IBUF (Prop_ibuf_I_O)         1.482     1.482 r  clk_IBUF_inst/O
                         net (fo=1, routed)           1.233     2.715    clk_IBUF
    MMCME2_ADV_X1Y2      MMCME2_ADV (Prop_mmcme2_adv_CLKIN1_CLKOUT0)
                                                     -7.070    -4.355 r  u_mmcm/CLKOUT0
                         net (fo=1, routed)           1.719    -2.636    core_clk_raw
    BUFGCTRL_X0Y16       BUFG (Prop_bufg_I_O)         0.096    -2.540 r  u_core_clk_buf/O
                         net (fo=11093, routed)       1.606    -0.934    u_aes_gcm/u_core/core_clk
    SLICE_X47Y130        FDRE                                         r  u_aes_gcm/u_core/abort_queue_clear_reg/C
  -------------------------------------------------------------------    -------------------
    SLICE_X47Y130        FDRE (Prop_fdre_C_Q)         0.456    -0.478 f  u_aes_gcm/u_core/abort_queue_clear_reg/Q
                         net (fo=52, routed)          0.636     0.158    u_aes_gcm/u_registers/aes_first_result_valid_r_reg_0
    SLICE_X44Y131        LUT2 (Prop_lut2_I1_O)        0.124     0.282 f  u_aes_gcm/u_registers/count_r[2]_i_2/O
                         net (fo=19, routed)          0.822     1.104    u_aes_gcm/u_core/u_keystream_fifo/queue_clear
    SLICE_X54Y129        LUT6 (Prop_lut6_I5_O)        0.124     1.228 f  u_aes_gcm/u_core/u_keystream_fifo/i_3_LOPT_REMAP_1/O
                         net (fo=1, routed)           0.567     1.796    u_aes_gcm/u_core/u_keystream_fifo/i_3/O_n_1
    SLICE_X53Y129        LUT5 (Prop_lut5_I4_O)        0.124     1.920 r  u_aes_gcm/u_core/u_keystream_fifo/i_0_LOPT_REMAP_1/O
                         net (fo=13, routed)          1.217     3.137    u_aes_gcm/u_core/u_keystream_fifo/data_block_consume_w
    SLICE_X52Y125        LUT6 (Prop_lut6_I3_O)        0.124     3.261 r  u_aes_gcm/u_core/u_keystream_fifo/dataq0_last_r_i_1_comp/O
                         net (fo=140, routed)         1.130     4.391    u_aes_gcm/u_core/dataq0_bytes_r
    SLICE_X62Y118        FDRE                                         r  u_aes_gcm/u_core/dataq0_block_r_reg[69]/CE
  -------------------------------------------------------------------    -------------------

                         (clock core_clk_raw rise edge)
                                                      5.714     5.714 r  
    E3                                                0.000     5.714 r  clk (IN)
                         net (fo=0)                   0.000     5.714    clk
    E3                   IBUF (Prop_ibuf_I_O)         1.411     7.126 r  clk_IBUF_inst/O
                         net (fo=1, routed)           1.162     8.287    clk_IBUF
    MMCME2_ADV_X1Y2      MMCME2_ADV (Prop_mmcme2_adv_CLKIN1_CLKOUT0)
                                                     -7.324     0.964 r  u_mmcm/CLKOUT0
                         net (fo=1, routed)           1.639     2.603    core_clk_raw
    BUFGCTRL_X0Y16       BUFG (Prop_bufg_I_O)         0.091     2.694 r  u_core_clk_buf/O
                         net (fo=11093, routed)       1.485     4.178    u_aes_gcm/u_core/core_clk
    SLICE_X62Y118        FDRE                                         r  u_aes_gcm/u_core/dataq0_block_r_reg[69]/C
                         clock pessimism              0.488     4.667    
                         clock uncertainty           -0.075     4.592    
    SLICE_X62Y118        FDRE (Setup_fdre_C_CE)      -0.169     4.423    u_aes_gcm/u_core/dataq0_block_r_reg[69]
  -------------------------------------------------------------------
                         required time                          4.423    
                         arrival time                          -4.391    
  -------------------------------------------------------------------
                         slack                                  0.032    

Slack (MET) :             0.035ns  (required time - arrival time)
  Source:                 u_aes_gcm/u_core/abort_queue_clear_reg/C
                            (rising edge-triggered cell FDRE clocked by core_clk_raw  {rise@0.000ns fall@2.857ns period=5.714ns})
  Destination:            u_aes_gcm/u_core/dataq0_block_r_reg[24]/CE
                            (rising edge-triggered cell FDRE clocked by core_clk_raw  {rise@0.000ns fall@2.857ns period=5.714ns})
  Path Group:             core_clk_raw
  Path Type:              Setup (Max at Slow Process Corner)
  Requirement:            5.714ns  (core_clk_raw rise@5.714ns - core_clk_raw rise@0.000ns)
  Data Path Delay:        5.285ns  (logic 0.952ns (18.015%)  route 4.333ns (81.985%))
  Logic Levels:           4  (LUT2=1 LUT5=1 LUT6=2)
  Clock Path Skew:        -0.115ns (DCD - SCD + CPR)
    Destination Clock Delay (DCD):    -1.538ns = ( 4.176 - 5.714 ) 
    Source Clock Delay      (SCD):    -0.934ns
    Clock Pessimism Removal (CPR):    0.488ns
  Clock Uncertainty:      0.075ns  ((TSJ^2 + DJ^2)^1/2) / 2 + PE
    Total System Jitter     (TSJ):    0.071ns
    Discrete Jitter          (DJ):    0.132ns
    Phase Error              (PE):    0.000ns

    Location             Delay type                Incr(ns)  Path(ns)    Netlist Resource(s)
  -------------------------------------------------------------------    -------------------
                         (clock core_clk_raw rise edge)
                                                      0.000     0.000 r  
    E3                                                0.000     0.000 r  clk (IN)
                         net (fo=0)                   0.000     0.000    clk
    E3                   IBUF (Prop_ibuf_I_O)         1.482     1.482 r  clk_IBUF_inst/O
                         net (fo=1, routed)           1.233     2.715    clk_IBUF
    MMCME2_ADV_X1Y2      MMCME2_ADV (Prop_mmcme2_adv_CLKIN1_CLKOUT0)
                                                     -7.070    -4.355 r  u_mmcm/CLKOUT0
                         net (fo=1, routed)           1.719    -2.636    core_clk_raw
    BUFGCTRL_X0Y16       BUFG (Prop_bufg_I_O)         0.096    -2.540 r  u_core_clk_buf/O
                         net (fo=11093, routed)       1.606    -0.934    u_aes_gcm/u_core/core_clk
    SLICE_X47Y130        FDRE                                         r  u_aes_gcm/u_core/abort_queue_clear_reg/C
  -------------------------------------------------------------------    -------------------
    SLICE_X47Y130        FDRE (Prop_fdre_C_Q)         0.456    -0.478 f  u_aes_gcm/u_core/abort_queue_clear_reg/Q
                         net (fo=52, routed)          0.636     0.158    u_aes_gcm/u_registers/aes_first_result_valid_r_reg_0
    SLICE_X44Y131        LUT2 (Prop_lut2_I1_O)        0.124     0.282 f  u_aes_gcm/u_registers/count_r[2]_i_2/O
                         net (fo=19, routed)          0.822     1.104    u_aes_gcm/u_core/u_keystream_fifo/queue_clear
    SLICE_X54Y129        LUT6 (Prop_lut6_I5_O)        0.124     1.228 f  u_aes_gcm/u_core/u_keystream_fifo/i_3_LOPT_REMAP_1/O
                         net (fo=1, routed)           0.567     1.796    u_aes_gcm/u_core/u_keystream_fifo/i_3/O_n_1
    SLICE_X53Y129        LUT5 (Prop_lut5_I4_O)        0.124     1.920 r  u_aes_gcm/u_core/u_keystream_fifo/i_0_LOPT_REMAP_1/O
                         net (fo=13, routed)          1.217     3.137    u_aes_gcm/u_core/u_keystream_fifo/data_block_consume_w
    SLICE_X52Y125        LUT6 (Prop_lut6_I3_O)        0.124     3.261 r  u_aes_gcm/u_core/u_keystream_fifo/dataq0_last_r_i_1_comp/O
                         net (fo=140, routed)         1.089     4.350    u_aes_gcm/u_core/dataq0_bytes_r
    SLICE_X61Y118        FDRE                                         r  u_aes_gcm/u_core/dataq0_block_r_reg[24]/CE
  -------------------------------------------------------------------    -------------------

                         (clock core_clk_raw rise edge)
                                                      5.714     5.714 r  
    E3                                                0.000     5.714 r  clk (IN)
                         net (fo=0)                   0.000     5.714    clk
    E3                   IBUF (Prop_ibuf_I_O)         1.411     7.126 r  clk_IBUF_inst/O
                         net (fo=1, routed)           1.162     8.287    clk_IBUF
    MMCME2_ADV_X1Y2      MMCME2_ADV (Prop_mmcme2_adv_CLKIN1_CLKOUT0)
                                                     -7.324     0.964 r  u_mmcm/CLKOUT0
                         net (fo=1, routed)           1.639     2.603    core_clk_raw
    BUFGCTRL_X0Y16       BUFG (Prop_bufg_I_O)         0.091     2.694 r  u_core_clk_buf/O
                         net (fo=11093, routed)       1.483     4.176    u_aes_gcm/u_core/core_clk
    SLICE_X61Y118        FDRE                                         r  u_aes_gcm/u_core/dataq0_block_r_reg[24]/C
                         clock pessimism              0.488     4.665    
                         clock uncertainty           -0.075     4.590    
    SLICE_X61Y118        FDRE (Setup_fdre_C_CE)      -0.205     4.385    u_aes_gcm/u_core/dataq0_block_r_reg[24]
  -------------------------------------------------------------------
                         required time                          4.385    
                         arrival time                          -4.350    
  -------------------------------------------------------------------
                         slack                                  0.035    

Slack (MET) :             0.035ns  (required time - arrival time)
  Source:                 u_aes_gcm/u_core/abort_queue_clear_reg/C
                            (rising edge-triggered cell FDRE clocked by core_clk_raw  {rise@0.000ns fall@2.857ns period=5.714ns})
  Destination:            u_aes_gcm/u_core/dataq0_block_r_reg[61]/CE
                            (rising edge-triggered cell FDRE clocked by core_clk_raw  {rise@0.000ns fall@2.857ns period=5.714ns})
  Path Group:             core_clk_raw
  Path Type:              Setup (Max at Slow Process Corner)
  Requirement:            5.714ns  (core_clk_raw rise@5.714ns - core_clk_raw rise@0.000ns)
  Data Path Delay:        5.285ns  (logic 0.952ns (18.015%)  route 4.333ns (81.985%))
  Logic Levels:           4  (LUT2=1 LUT5=1 LUT6=2)
  Clock Path Skew:        -0.115ns (DCD - SCD + CPR)
    Destination Clock Delay (DCD):    -1.538ns = ( 4.176 - 5.714 ) 
    Source Clock Delay      (SCD):    -0.934ns
    Clock Pessimism Removal (CPR):    0.488ns
  Clock Uncertainty:      0.075ns  ((TSJ^2 + DJ^2)^1/2) / 2 + PE
    Total System Jitter     (TSJ):    0.071ns
    Discrete Jitter          (DJ):    0.132ns
    Phase Error              (PE):    0.000ns

    Location             Delay type                Incr(ns)  Path(ns)    Netlist Resource(s)
  -------------------------------------------------------------------    -------------------
                         (clock core_clk_raw rise edge)
                                                      0.000     0.000 r  
    E3                                                0.000     0.000 r  clk (IN)
                         net (fo=0)                   0.000     0.000    clk
    E3                   IBUF (Prop_ibuf_I_O)         1.482     1.482 r  clk_IBUF_inst/O
                         net (fo=1, routed)           1.233     2.715    clk_IBUF
    MMCME2_ADV_X1Y2      MMCME2_ADV (Prop_mmcme2_adv_CLKIN1_CLKOUT0)
                                                     -7.070    -4.355 r  u_mmcm/CLKOUT0
                         net (fo=1, routed)           1.719    -2.636    core_clk_raw
    BUFGCTRL_X0Y16       BUFG (Prop_bufg_I_O)         0.096    -2.540 r  u_core_clk_buf/O
                         net (fo=11093, routed)       1.606    -0.934    u_aes_gcm/u_core/core_clk
    SLICE_X47Y130        FDRE                                         r  u_aes_gcm/u_core/abort_queue_clear_reg/C
  -------------------------------------------------------------------    -------------------
    SLICE_X47Y130        FDRE (Prop_fdre_C_Q)         0.456    -0.478 f  u_aes_gcm/u_core/abort_queue_clear_reg/Q
                         net (fo=52, routed)          0.636     0.158    u_aes_gcm/u_registers/aes_first_result_valid_r_reg_0
    SLICE_X44Y131        LUT2 (Prop_lut2_I1_O)        0.124     0.282 f  u_aes_gcm/u_registers/count_r[2]_i_2/O
                         net (fo=19, routed)          0.822     1.104    u_aes_gcm/u_core/u_keystream_fifo/queue_clear
    SLICE_X54Y129        LUT6 (Prop_lut6_I5_O)        0.124     1.228 f  u_aes_gcm/u_core/u_keystream_fifo/i_3_LOPT_REMAP_1/O
                         net (fo=1, routed)           0.567     1.796    u_aes_gcm/u_core/u_keystream_fifo/i_3/O_n_1
    SLICE_X53Y129        LUT5 (Prop_lut5_I4_O)        0.124     1.920 r  u_aes_gcm/u_core/u_keystream_fifo/i_0_LOPT_REMAP_1/O
                         net (fo=13, routed)          1.217     3.137    u_aes_gcm/u_core/u_keystream_fifo/data_block_consume_w
    SLICE_X52Y125        LUT6 (Prop_lut6_I3_O)        0.124     3.261 r  u_aes_gcm/u_core/u_keystream_fifo/dataq0_last_r_i_1_comp/O
                         net (fo=140, routed)         1.089     4.350    u_aes_gcm/u_core/dataq0_bytes_r
    SLICE_X61Y118        FDRE                                         r  u_aes_gcm/u_core/dataq0_block_r_reg[61]/CE
  -------------------------------------------------------------------    -------------------

                         (clock core_clk_raw rise edge)
                                                      5.714     5.714 r  
    E3                                                0.000     5.714 r  clk (IN)
                         net (fo=0)                   0.000     5.714    clk
    E3                   IBUF (Prop_ibuf_I_O)         1.411     7.126 r  clk_IBUF_inst/O
                         net (fo=1, routed)           1.162     8.287    clk_IBUF
    MMCME2_ADV_X1Y2      MMCME2_ADV (Prop_mmcme2_adv_CLKIN1_CLKOUT0)
                                                     -7.324     0.964 r  u_mmcm/CLKOUT0
                         net (fo=1, routed)           1.639     2.603    core_clk_raw
    BUFGCTRL_X0Y16       BUFG (Prop_bufg_I_O)         0.091     2.694 r  u_core_clk_buf/O
                         net (fo=11093, routed)       1.483     4.176    u_aes_gcm/u_core/core_clk
    SLICE_X61Y118        FDRE                                         r  u_aes_gcm/u_core/dataq0_block_r_reg[61]/C
                         clock pessimism              0.488     4.665    
                         clock uncertainty           -0.075     4.590    
    SLICE_X61Y118        FDRE (Setup_fdre_C_CE)      -0.205     4.385    u_aes_gcm/u_core/dataq0_block_r_reg[61]
  -------------------------------------------------------------------
                         required time                          4.385    
                         arrival time                          -4.350    
  -------------------------------------------------------------------
                         slack                                  0.035    

Slack (MET) :             0.038ns  (required time - arrival time)
  Source:                 u_aes_gcm/u_core/abort_queue_clear_reg/C
                            (rising edge-triggered cell FDRE clocked by core_clk_raw  {rise@0.000ns fall@2.857ns period=5.714ns})
  Destination:            u_aes_gcm/u_core/dataq0_block_r_reg[110]/CE
                            (rising edge-triggered cell FDRE clocked by core_clk_raw  {rise@0.000ns fall@2.857ns period=5.714ns})
  Path Group:             core_clk_raw
  Path Type:              Setup (Max at Slow Process Corner)
  Requirement:            5.714ns  (core_clk_raw rise@5.714ns - core_clk_raw rise@0.000ns)
  Data Path Delay:        5.284ns  (logic 0.952ns (18.015%)  route 4.332ns (81.985%))
  Logic Levels:           4  (LUT2=1 LUT5=1 LUT6=2)
  Clock Path Skew:        -0.112ns (DCD - SCD + CPR)
    Destination Clock Delay (DCD):    -1.535ns = ( 4.179 - 5.714 ) 
    Source Clock Delay      (SCD):    -0.934ns
    Clock Pessimism Removal (CPR):    0.488ns
  Clock Uncertainty:      0.075ns  ((TSJ^2 + DJ^2)^1/2) / 2 + PE
    Total System Jitter     (TSJ):    0.071ns
    Discrete Jitter          (DJ):    0.132ns
    Phase Error              (PE):    0.000ns

    Location             Delay type                Incr(ns)  Path(ns)    Netlist Resource(s)
  -------------------------------------------------------------------    -------------------
                         (clock core_clk_raw rise edge)
                                                      0.000     0.000 r  
    E3                                                0.000     0.000 r  clk (IN)
                         net (fo=0)                   0.000     0.000    clk
    E3                   IBUF (Prop_ibuf_I_O)         1.482     1.482 r  clk_IBUF_inst/O
                         net (fo=1, routed)           1.233     2.715    clk_IBUF
    MMCME2_ADV_X1Y2      MMCME2_ADV (Prop_mmcme2_adv_CLKIN1_CLKOUT0)
                                                     -7.070    -4.355 r  u_mmcm/CLKOUT0
                         net (fo=1, routed)           1.719    -2.636    core_clk_raw
    BUFGCTRL_X0Y16       BUFG (Prop_bufg_I_O)         0.096    -2.540 r  u_core_clk_buf/O
                         net (fo=11093, routed)       1.606    -0.934    u_aes_gcm/u_core/core_clk
    SLICE_X47Y130        FDRE                                         r  u_aes_gcm/u_core/abort_queue_clear_reg/C
  -------------------------------------------------------------------    -------------------
    SLICE_X47Y130        FDRE (Prop_fdre_C_Q)         0.456    -0.478 f  u_aes_gcm/u_core/abort_queue_clear_reg/Q
                         net (fo=52, routed)          0.636     0.158    u_aes_gcm/u_registers/aes_first_result_valid_r_reg_0
    SLICE_X44Y131        LUT2 (Prop_lut2_I1_O)        0.124     0.282 f  u_aes_gcm/u_registers/count_r[2]_i_2/O
                         net (fo=19, routed)          0.822     1.104    u_aes_gcm/u_core/u_keystream_fifo/queue_clear
    SLICE_X54Y129        LUT6 (Prop_lut6_I5_O)        0.124     1.228 f  u_aes_gcm/u_core/u_keystream_fifo/i_3_LOPT_REMAP_1/O
                         net (fo=1, routed)           0.567     1.796    u_aes_gcm/u_core/u_keystream_fifo/i_3/O_n_1
    SLICE_X53Y129        LUT5 (Prop_lut5_I4_O)        0.124     1.920 r  u_aes_gcm/u_core/u_keystream_fifo/i_0_LOPT_REMAP_1/O
                         net (fo=13, routed)          1.217     3.137    u_aes_gcm/u_core/u_keystream_fifo/data_block_consume_w
    SLICE_X52Y125        LUT6 (Prop_lut6_I3_O)        0.124     3.261 r  u_aes_gcm/u_core/u_keystream_fifo/dataq0_last_r_i_1_comp/O
                         net (fo=140, routed)         1.089     4.350    u_aes_gcm/u_core/dataq0_bytes_r
    SLICE_X64Y131        FDRE                                         r  u_aes_gcm/u_core/dataq0_block_r_reg[110]/CE
  -------------------------------------------------------------------    -------------------

                         (clock core_clk_raw rise edge)
                                                      5.714     5.714 r  
    E3                                                0.000     5.714 r  clk (IN)
                         net (fo=0)                   0.000     5.714    clk
    E3                   IBUF (Prop_ibuf_I_O)         1.411     7.126 r  clk_IBUF_inst/O
                         net (fo=1, routed)           1.162     8.287    clk_IBUF
    MMCME2_ADV_X1Y2      MMCME2_ADV (Prop_mmcme2_adv_CLKIN1_CLKOUT0)
                                                     -7.324     0.964 r  u_mmcm/CLKOUT0
                         net (fo=1, routed)           1.639     2.603    core_clk_raw
    BUFGCTRL_X0Y16       BUFG (Prop_bufg_I_O)         0.091     2.694 r  u_core_clk_buf/O
                         net (fo=11093, routed)       1.486     4.179    u_aes_gcm/u_core/core_clk
    SLICE_X64Y131        FDRE                                         r  u_aes_gcm/u_core/dataq0_block_r_reg[110]/C
                         clock pessimism              0.488     4.668    
                         clock uncertainty           -0.075     4.593    
    SLICE_X64Y131        FDRE (Setup_fdre_C_CE)      -0.205     4.388    u_aes_gcm/u_core/dataq0_block_r_reg[110]
  -------------------------------------------------------------------
                         required time                          4.388    
                         arrival time                          -4.350    
  -------------------------------------------------------------------
                         slack                                  0.038    

Slack (MET) :             0.039ns  (required time - arrival time)
  Source:                 u_aes_gcm/u_core/abort_queue_clear_reg/C
                            (rising edge-triggered cell FDRE clocked by core_clk_raw  {rise@0.000ns fall@2.857ns period=5.714ns})
  Destination:            u_aes_gcm/u_core/dataq0_block_r_reg[19]/CE
                            (rising edge-triggered cell FDRE clocked by core_clk_raw  {rise@0.000ns fall@2.857ns period=5.714ns})
  Path Group:             core_clk_raw
  Path Type:              Setup (Max at Slow Process Corner)
  Requirement:            5.714ns  (core_clk_raw rise@5.714ns - core_clk_raw rise@0.000ns)
  Data Path Delay:        5.284ns  (logic 0.952ns (18.018%)  route 4.332ns (81.982%))
  Logic Levels:           4  (LUT2=1 LUT5=1 LUT6=2)
  Clock Path Skew:        -0.112ns (DCD - SCD + CPR)
    Destination Clock Delay (DCD):    -1.535ns = ( 4.179 - 5.714 ) 
    Source Clock Delay      (SCD):    -0.934ns
    Clock Pessimism Removal (CPR):    0.488ns
  Clock Uncertainty:      0.075ns  ((TSJ^2 + DJ^2)^1/2) / 2 + PE
    Total System Jitter     (TSJ):    0.071ns
    Discrete Jitter          (DJ):    0.132ns
    Phase Error              (PE):    0.000ns

    Location             Delay type                Incr(ns)  Path(ns)    Netlist Resource(s)
  -------------------------------------------------------------------    -------------------
                         (clock core_clk_raw rise edge)
                                                      0.000     0.000 r  
    E3                                                0.000     0.000 r  clk (IN)
                         net (fo=0)                   0.000     0.000    clk
    E3                   IBUF (Prop_ibuf_I_O)         1.482     1.482 r  clk_IBUF_inst/O
                         net (fo=1, routed)           1.233     2.715    clk_IBUF
    MMCME2_ADV_X1Y2      MMCME2_ADV (Prop_mmcme2_adv_CLKIN1_CLKOUT0)
                                                     -7.070    -4.355 r  u_mmcm/CLKOUT0
                         net (fo=1, routed)           1.719    -2.636    core_clk_raw
    BUFGCTRL_X0Y16       BUFG (Prop_bufg_I_O)         0.096    -2.540 r  u_core_clk_buf/O
                         net (fo=11093, routed)       1.606    -0.934    u_aes_gcm/u_core/core_clk
    SLICE_X47Y130        FDRE                                         r  u_aes_gcm/u_core/abort_queue_clear_reg/C
  -------------------------------------------------------------------    -------------------
    SLICE_X47Y130        FDRE (Prop_fdre_C_Q)         0.456    -0.478 f  u_aes_gcm/u_core/abort_queue_clear_reg/Q
                         net (fo=52, routed)          0.636     0.158    u_aes_gcm/u_registers/aes_first_result_valid_r_reg_0
    SLICE_X44Y131        LUT2 (Prop_lut2_I1_O)        0.124     0.282 f  u_aes_gcm/u_registers/count_r[2]_i_2/O
                         net (fo=19, routed)          0.822     1.104    u_aes_gcm/u_core/u_keystream_fifo/queue_clear
    SLICE_X54Y129        LUT6 (Prop_lut6_I5_O)        0.124     1.228 f  u_aes_gcm/u_core/u_keystream_fifo/i_3_LOPT_REMAP_1/O
                         net (fo=1, routed)           0.567     1.796    u_aes_gcm/u_core/u_keystream_fifo/i_3/O_n_1
    SLICE_X53Y129        LUT5 (Prop_lut5_I4_O)        0.124     1.920 r  u_aes_gcm/u_core/u_keystream_fifo/i_0_LOPT_REMAP_1/O
                         net (fo=13, routed)          1.217     3.137    u_aes_gcm/u_core/u_keystream_fifo/data_block_consume_w
    SLICE_X52Y125        LUT6 (Prop_lut6_I3_O)        0.124     3.261 r  u_aes_gcm/u_core/u_keystream_fifo/dataq0_last_r_i_1_comp/O
                         net (fo=140, routed)         1.088     4.349    u_aes_gcm/u_core/dataq0_bytes_r
    SLICE_X61Y116        FDRE                                         r  u_aes_gcm/u_core/dataq0_block_r_reg[19]/CE
  -------------------------------------------------------------------    -------------------

                         (clock core_clk_raw rise edge)
                                                      5.714     5.714 r  
    E3                                                0.000     5.714 r  clk (IN)
                         net (fo=0)                   0.000     5.714    clk
    E3                   IBUF (Prop_ibuf_I_O)         1.411     7.126 r  clk_IBUF_inst/O
                         net (fo=1, routed)           1.162     8.287    clk_IBUF
    MMCME2_ADV_X1Y2      MMCME2_ADV (Prop_mmcme2_adv_CLKIN1_CLKOUT0)
                                                     -7.324     0.964 r  u_mmcm/CLKOUT0
                         net (fo=1, routed)           1.639     2.603    core_clk_raw
    BUFGCTRL_X0Y16       BUFG (Prop_bufg_I_O)         0.091     2.694 r  u_core_clk_buf/O
                         net (fo=11093, routed)       1.486     4.179    u_aes_gcm/u_core/core_clk
    SLICE_X61Y116        FDRE                                         r  u_aes_gcm/u_core/dataq0_block_r_reg[19]/C
                         clock pessimism              0.488     4.668    
                         clock uncertainty           -0.075     4.593    
    SLICE_X61Y116        FDRE (Setup_fdre_C_CE)      -0.205     4.388    u_aes_gcm/u_core/dataq0_block_r_reg[19]
  -------------------------------------------------------------------
                         required time                          4.388    
                         arrival time                          -4.349    
  -------------------------------------------------------------------
                         slack                                  0.039    

Slack (MET) :             0.039ns  (required time - arrival time)
  Source:                 u_aes_gcm/u_core/abort_queue_clear_reg/C
                            (rising edge-triggered cell FDRE clocked by core_clk_raw  {rise@0.000ns fall@2.857ns period=5.714ns})
  Destination:            u_aes_gcm/u_core/dataq0_bytes_r_reg[0]/CE
                            (rising edge-triggered cell FDRE clocked by core_clk_raw  {rise@0.000ns fall@2.857ns period=5.714ns})
  Path Group:             core_clk_raw
  Path Type:              Setup (Max at Slow Process Corner)
  Requirement:            5.714ns  (core_clk_raw rise@5.714ns - core_clk_raw rise@0.000ns)
  Data Path Delay:        5.284ns  (logic 0.952ns (18.018%)  route 4.332ns (81.982%))
  Logic Levels:           4  (LUT2=1 LUT5=1 LUT6=2)
  Clock Path Skew:        -0.112ns (DCD - SCD + CPR)
    Destination Clock Delay (DCD):    -1.535ns = ( 4.179 - 5.714 ) 
    Source Clock Delay      (SCD):    -0.934ns
    Clock Pessimism Removal (CPR):    0.488ns
  Clock Uncertainty:      0.075ns  ((TSJ^2 + DJ^2)^1/2) / 2 + PE
    Total System Jitter     (TSJ):    0.071ns
    Discrete Jitter          (DJ):    0.132ns
    Phase Error              (PE):    0.000ns

    Location             Delay type                Incr(ns)  Path(ns)    Netlist Resource(s)
  -------------------------------------------------------------------    -------------------
                         (clock core_clk_raw rise edge)
                                                      0.000     0.000 r  
    E3                                                0.000     0.000 r  clk (IN)
                         net (fo=0)                   0.000     0.000    clk
    E3                   IBUF (Prop_ibuf_I_O)         1.482     1.482 r  clk_IBUF_inst/O
                         net (fo=1, routed)           1.233     2.715    clk_IBUF
    MMCME2_ADV_X1Y2      MMCME2_ADV (Prop_mmcme2_adv_CLKIN1_CLKOUT0)
                                                     -7.070    -4.355 r  u_mmcm/CLKOUT0
                         net (fo=1, routed)           1.719    -2.636    core_clk_raw
    BUFGCTRL_X0Y16       BUFG (Prop_bufg_I_O)         0.096    -2.540 r  u_core_clk_buf/O
                         net (fo=11093, routed)       1.606    -0.934    u_aes_gcm/u_core/core_clk
    SLICE_X47Y130        FDRE                                         r  u_aes_gcm/u_core/abort_queue_clear_reg/C
  -------------------------------------------------------------------    -------------------
    SLICE_X47Y130        FDRE (Prop_fdre_C_Q)         0.456    -0.478 f  u_aes_gcm/u_core/abort_queue_clear_reg/Q
                         net (fo=52, routed)          0.636     0.158    u_aes_gcm/u_registers/aes_first_result_valid_r_reg_0
    SLICE_X44Y131        LUT2 (Prop_lut2_I1_O)        0.124     0.282 f  u_aes_gcm/u_registers/count_r[2]_i_2/O
                         net (fo=19, routed)          0.822     1.104    u_aes_gcm/u_core/u_keystream_fifo/queue_clear
    SLICE_X54Y129        LUT6 (Prop_lut6_I5_O)        0.124     1.228 f  u_aes_gcm/u_core/u_keystream_fifo/i_3_LOPT_REMAP_1/O
                         net (fo=1, routed)           0.567     1.796    u_aes_gcm/u_core/u_keystream_fifo/i_3/O_n_1
    SLICE_X53Y129        LUT5 (Prop_lut5_I4_O)        0.124     1.920 r  u_aes_gcm/u_core/u_keystream_fifo/i_0_LOPT_REMAP_1/O
                         net (fo=13, routed)          1.217     3.137    u_aes_gcm/u_core/u_keystream_fifo/data_block_consume_w
    SLICE_X52Y125        LUT6 (Prop_lut6_I3_O)        0.124     3.261 r  u_aes_gcm/u_core/u_keystream_fifo/dataq0_last_r_i_1_comp/O
                         net (fo=140, routed)         1.088     4.349    u_aes_gcm/u_core/dataq0_bytes_r
    SLICE_X61Y116        FDRE                                         r  u_aes_gcm/u_core/dataq0_bytes_r_reg[0]/CE
  -------------------------------------------------------------------    -------------------

                         (clock core_clk_raw rise edge)
                                                      5.714     5.714 r  
    E3                                                0.000     5.714 r  clk (IN)
                         net (fo=0)                   0.000     5.714    clk
    E3                   IBUF (Prop_ibuf_I_O)         1.411     7.126 r  clk_IBUF_inst/O
                         net (fo=1, routed)           1.162     8.287    clk_IBUF
    MMCME2_ADV_X1Y2      MMCME2_ADV (Prop_mmcme2_adv_CLKIN1_CLKOUT0)
                                                     -7.324     0.964 r  u_mmcm/CLKOUT0
                         net (fo=1, routed)           1.639     2.603    core_clk_raw
    BUFGCTRL_X0Y16       BUFG (Prop_bufg_I_O)         0.091     2.694 r  u_core_clk_buf/O
                         net (fo=11093, routed)       1.486     4.179    u_aes_gcm/u_core/core_clk
    SLICE_X61Y116        FDRE                                         r  u_aes_gcm/u_core/dataq0_bytes_r_reg[0]/C
                         clock pessimism              0.488     4.668    
                         clock uncertainty           -0.075     4.593    
    SLICE_X61Y116        FDRE (Setup_fdre_C_CE)      -0.205     4.388    u_aes_gcm/u_core/dataq0_bytes_r_reg[0]
  -------------------------------------------------------------------
                         required time                          4.388    
                         arrival time                          -4.349    
  -------------------------------------------------------------------
                         slack                                  0.039    

Slack (MET) :             0.040ns  (required time - arrival time)
  Source:                 u_aes_gcm/u_registers/zeroize_pulse_o_reg/C
                            (rising edge-triggered cell FDRE clocked by core_clk_raw  {rise@0.000ns fall@2.857ns period=5.714ns})
  Destination:            u_aes_gcm/u_core/u_aes_engine/ctx1_state_r_reg[59]/D
                            (rising edge-triggered cell FDRE clocked by core_clk_raw  {rise@0.000ns fall@2.857ns period=5.714ns})
  Path Group:             core_clk_raw
  Path Type:              Setup (Max at Slow Process Corner)
  Requirement:            5.714ns  (core_clk_raw rise@5.714ns - core_clk_raw rise@0.000ns)
  Data Path Delay:        5.365ns  (logic 0.978ns (18.229%)  route 4.387ns (81.771%))
  Logic Levels:           4  (LUT3=1 LUT4=1 LUT6=2)
  Clock Path Skew:        0.051ns (DCD - SCD + CPR)
    Destination Clock Delay (DCD):    -1.434ns = ( 4.280 - 5.714 ) 
    Source Clock Delay      (SCD):    -0.925ns
    Clock Pessimism Removal (CPR):    0.560ns
  Clock Uncertainty:      0.075ns  ((TSJ^2 + DJ^2)^1/2) / 2 + PE
    Total System Jitter     (TSJ):    0.071ns
    Discrete Jitter          (DJ):    0.132ns
    Phase Error              (PE):    0.000ns

    Location             Delay type                Incr(ns)  Path(ns)    Netlist Resource(s)
  -------------------------------------------------------------------    -------------------
                         (clock core_clk_raw rise edge)
                                                      0.000     0.000 r  
    E3                                                0.000     0.000 r  clk (IN)
                         net (fo=0)                   0.000     0.000    clk
    E3                   IBUF (Prop_ibuf_I_O)         1.482     1.482 r  clk_IBUF_inst/O
                         net (fo=1, routed)           1.233     2.715    clk_IBUF
    MMCME2_ADV_X1Y2      MMCME2_ADV (Prop_mmcme2_adv_CLKIN1_CLKOUT0)
                                                     -7.070    -4.355 r  u_mmcm/CLKOUT0
                         net (fo=1, routed)           1.719    -2.636    core_clk_raw
    BUFGCTRL_X0Y16       BUFG (Prop_bufg_I_O)         0.096    -2.540 r  u_core_clk_buf/O
                         net (fo=11093, routed)       1.615    -0.925    u_aes_gcm/u_registers/core_clk
    SLICE_X40Y133        FDRE                                         r  u_aes_gcm/u_registers/zeroize_pulse_o_reg/C
  -------------------------------------------------------------------    -------------------
    SLICE_X40Y133        FDRE (Prop_fdre_C_Q)         0.456    -0.469 f  u_aes_gcm/u_registers/zeroize_pulse_o_reg/Q
                         net (fo=264, routed)         0.972     0.503    u_aes_gcm/u_core/u_aes_engine/done_r_reg_0
    SLICE_X29Y137        LUT3 (Prop_lut3_I2_O)        0.124     0.627 r  u_aes_gcm/u_core/u_aes_engine/tag_prod_data[135]_i_4/O
                         net (fo=5, routed)           0.829     1.455    u_aes_gcm/u_core/u_aes_request_fifo/count_r_reg[0]_1
    SLICE_X15Y142        LUT6 (Prop_lut6_I1_O)        0.124     1.579 r  u_aes_gcm/u_core/u_aes_request_fifo/contexts_full_r_i_3/O
                         net (fo=9, routed)           0.503     2.082    u_aes_gcm/u_core/u_aes_engine/ctx2_state_r_reg[64]_0
    SLICE_X11Y142        LUT6 (Prop_lut6_I0_O)        0.124     2.206 r  u_aes_gcm/u_core/u_aes_engine/ctx1_round_r[3]_i_3/O
                         net (fo=137, routed)         1.616     3.823    u_aes_gcm/u_core/u_aes_engine/GEN_DATA_SBOX[13].u_data_sbox/ctx1_state_r_reg[33]
    SLICE_X2Y140         LUT4 (Prop_lut4_I2_O)        0.150     3.973 r  u_aes_gcm/u_core/u_aes_engine/GEN_DATA_SBOX[13].u_data_sbox/ctx1_state_r[59]_i_1/O
                         net (fo=1, routed)           0.467     4.440    u_aes_gcm/u_core/u_aes_engine/GEN_DATA_SBOX[13].u_data_sbox_n_52
    SLICE_X1Y139         FDRE                                         r  u_aes_gcm/u_core/u_aes_engine/ctx1_state_r_reg[59]/D
  -------------------------------------------------------------------    -------------------

                         (clock core_clk_raw rise edge)
                                                      5.714     5.714 r  
    E3                                                0.000     5.714 r  clk (IN)
                         net (fo=0)                   0.000     5.714    clk
    E3                   IBUF (Prop_ibuf_I_O)         1.411     7.126 r  clk_IBUF_inst/O
                         net (fo=1, routed)           1.162     8.287    clk_IBUF
    MMCME2_ADV_X1Y2      MMCME2_ADV (Prop_mmcme2_adv_CLKIN1_CLKOUT0)
                                                     -7.324     0.964 r  u_mmcm/CLKOUT0
                         net (fo=1, routed)           1.639     2.603    core_clk_raw
    BUFGCTRL_X0Y16       BUFG (Prop_bufg_I_O)         0.091     2.694 r  u_core_clk_buf/O
                         net (fo=11093, routed)       1.587     4.280    u_aes_gcm/u_core/u_aes_engine/core_clk
    SLICE_X1Y139         FDRE                                         r  u_aes_gcm/u_core/u_aes_engine/ctx1_state_r_reg[59]/C
                         clock pessimism              0.560     4.840    
                         clock uncertainty           -0.075     4.765    
    SLICE_X1Y139         FDRE (Setup_fdre_C_D)       -0.285     4.480    u_aes_gcm/u_core/u_aes_engine/ctx1_state_r_reg[59]
  -------------------------------------------------------------------
                         required time                          4.480    
                         arrival time                          -4.440    
  -------------------------------------------------------------------
                         slack                                  0.040    

Slack (MET) :             0.041ns  (required time - arrival time)
  Source:                 u_bridge/rx_payload_bytes_r_reg[1]/C
                            (rising edge-triggered cell FDRE clocked by core_clk_raw  {rise@0.000ns fall@2.857ns period=5.714ns})
  Destination:            u_bridge/key_cfg_r_reg[142]/D
                            (rising edge-triggered cell FDRE clocked by core_clk_raw  {rise@0.000ns fall@2.857ns period=5.714ns})
  Path Group:             core_clk_raw
  Path Type:              Setup (Max at Slow Process Corner)
  Requirement:            5.714ns  (core_clk_raw rise@5.714ns - core_clk_raw rise@0.000ns)
  Data Path Delay:        5.521ns  (logic 1.214ns (21.988%)  route 4.307ns (78.012%))
  Logic Levels:           5  (LUT5=1 LUT6=4)
  Clock Path Skew:        -0.037ns (DCD - SCD + CPR)
    Destination Clock Delay (DCD):    -1.353ns = ( 4.361 - 5.714 ) 
    Source Clock Delay      (SCD):    -0.748ns
    Clock Pessimism Removal (CPR):    0.569ns
  Clock Uncertainty:      0.075ns  ((TSJ^2 + DJ^2)^1/2) / 2 + PE
    Total System Jitter     (TSJ):    0.071ns
    Discrete Jitter          (DJ):    0.132ns
    Phase Error              (PE):    0.000ns

    Location             Delay type                Incr(ns)  Path(ns)    Netlist Resource(s)
  -------------------------------------------------------------------    -------------------
                         (clock core_clk_raw rise edge)
                                                      0.000     0.000 r  
    E3                                                0.000     0.000 r  clk (IN)
                         net (fo=0)                   0.000     0.000    clk
    E3                   IBUF (Prop_ibuf_I_O)         1.482     1.482 r  clk_IBUF_inst/O
                         net (fo=1, routed)           1.233     2.715    clk_IBUF
    MMCME2_ADV_X1Y2      MMCME2_ADV (Prop_mmcme2_adv_CLKIN1_CLKOUT0)
                                                     -7.070    -4.355 r  u_mmcm/CLKOUT0
                         net (fo=1, routed)           1.719    -2.636    core_clk_raw
    BUFGCTRL_X0Y16       BUFG (Prop_bufg_I_O)         0.096    -2.540 r  u_core_clk_buf/O
                         net (fo=11093, routed)       1.792    -0.748    u_bridge/core_clk
    SLICE_X26Y174        FDRE                                         r  u_bridge/rx_payload_bytes_r_reg[1]/C
  -------------------------------------------------------------------    -------------------
    SLICE_X26Y174        FDRE (Prop_fdre_C_Q)         0.419    -0.329 r  u_bridge/rx_payload_bytes_r_reg[1]/Q
                         net (fo=6, routed)           0.965     0.637    u_bridge/rx_payload_bytes_r_reg_n_0_[1]
    SLICE_X27Y174        LUT6 (Prop_lut6_I3_O)        0.299     0.936 f  u_bridge/rx_state_r[1]_i_5/O
                         net (fo=2, routed)           0.595     1.531    u_bridge/rx_state_r[1]_i_5_n_0
    SLICE_X28Y174        LUT6 (Prop_lut6_I3_O)        0.124     1.655 f  u_bridge/i_1_LOPT_REMAP/O
                         net (fo=1, routed)           0.552     2.207    u_bridge/i_1/O_n
    SLICE_X29Y174        LUT6 (Prop_lut6_I4_O)        0.124     2.331 f  u_bridge/i_0_LOPT_REMAP/O
                         net (fo=2, routed)           0.466     2.797    u_bridge/key_cfg_r[252]_i_4_n_0
    SLICE_X30Y174        LUT5 (Prop_lut5_I1_O)        0.124     2.921 r  u_bridge/key_cfg_r[252]_i_2/O
                         net (fo=128, routed)         1.249     4.170    u_bridge/key_cfg_r[252]_i_2_n_0
    SLICE_X15Y172        LUT6 (Prop_lut6_I0_O)        0.124     4.294 r  u_bridge/key_cfg_r[142]_i_1/O
                         net (fo=1, routed)           0.480     4.773    u_bridge/key_cfg_r[142]_i_1_n_0
    SLICE_X18Y173        FDRE                                         r  u_bridge/key_cfg_r_reg[142]/D
  -------------------------------------------------------------------    -------------------

                         (clock core_clk_raw rise edge)
                                                      5.714     5.714 r  
    E3                                                0.000     5.714 r  clk (IN)
                         net (fo=0)                   0.000     5.714    clk
    E3                   IBUF (Prop_ibuf_I_O)         1.411     7.126 r  clk_IBUF_inst/O
                         net (fo=1, routed)           1.162     8.287    clk_IBUF
    MMCME2_ADV_X1Y2      MMCME2_ADV (Prop_mmcme2_adv_CLKIN1_CLKOUT0)
                                                     -7.324     0.964 r  u_mmcm/CLKOUT0
                         net (fo=1, routed)           1.639     2.603    core_clk_raw
    BUFGCTRL_X0Y16       BUFG (Prop_bufg_I_O)         0.091     2.694 r  u_core_clk_buf/O
                         net (fo=11093, routed)       1.667     4.361    u_bridge/core_clk
    SLICE_X18Y173        FDRE                                         r  u_bridge/key_cfg_r_reg[142]/C
                         clock pessimism              0.569     4.930    
                         clock uncertainty           -0.075     4.855    
    SLICE_X18Y173        FDRE (Setup_fdre_C_D)       -0.040     4.815    u_bridge/key_cfg_r_reg[142]
  -------------------------------------------------------------------
                         required time                          4.815    
                         arrival time                          -4.773    
  -------------------------------------------------------------------
                         slack                                  0.041    

Slack (MET) :             0.059ns  (required time - arrival time)
  Source:                 u_bridge/rx_payload_bytes_r_reg[1]/C
                            (rising edge-triggered cell FDRE clocked by core_clk_raw  {rise@0.000ns fall@2.857ns period=5.714ns})
  Destination:            u_bridge/key_cfg_r_reg[60]/D
                            (rising edge-triggered cell FDRE clocked by core_clk_raw  {rise@0.000ns fall@2.857ns period=5.714ns})
  Path Group:             core_clk_raw
  Path Type:              Setup (Max at Slow Process Corner)
  Requirement:            5.714ns  (core_clk_raw rise@5.714ns - core_clk_raw rise@0.000ns)
  Data Path Delay:        5.492ns  (logic 1.214ns (22.103%)  route 4.278ns (77.897%))
  Logic Levels:           5  (LUT5=2 LUT6=3)
  Clock Path Skew:        -0.041ns (DCD - SCD + CPR)
    Destination Clock Delay (DCD):    -1.357ns = ( 4.357 - 5.714 ) 
    Source Clock Delay      (SCD):    -0.748ns
    Clock Pessimism Removal (CPR):    0.569ns
  Clock Uncertainty:      0.075ns  ((TSJ^2 + DJ^2)^1/2) / 2 + PE
    Total System Jitter     (TSJ):    0.071ns
    Discrete Jitter          (DJ):    0.132ns
    Phase Error              (PE):    0.000ns

    Location             Delay type                Incr(ns)  Path(ns)    Netlist Resource(s)
  -------------------------------------------------------------------    -------------------
                         (clock core_clk_raw rise edge)
                                                      0.000     0.000 r  
    E3                                                0.000     0.000 r  clk (IN)
                         net (fo=0)                   0.000     0.000    clk
    E3                   IBUF (Prop_ibuf_I_O)         1.482     1.482 r  clk_IBUF_inst/O
                         net (fo=1, routed)           1.233     2.715    clk_IBUF
    MMCME2_ADV_X1Y2      MMCME2_ADV (Prop_mmcme2_adv_CLKIN1_CLKOUT0)
                                                     -7.070    -4.355 r  u_mmcm/CLKOUT0
                         net (fo=1, routed)           1.719    -2.636    core_clk_raw
    BUFGCTRL_X0Y16       BUFG (Prop_bufg_I_O)         0.096    -2.540 r  u_core_clk_buf/O
                         net (fo=11093, routed)       1.792    -0.748    u_bridge/core_clk
    SLICE_X26Y174        FDRE                                         r  u_bridge/rx_payload_bytes_r_reg[1]/C
  -------------------------------------------------------------------    -------------------
    SLICE_X26Y174        FDRE (Prop_fdre_C_Q)         0.419    -0.329 r  u_bridge/rx_payload_bytes_r_reg[1]/Q
                         net (fo=6, routed)           0.965     0.637    u_bridge/rx_payload_bytes_r_reg_n_0_[1]
    SLICE_X27Y174        LUT6 (Prop_lut6_I3_O)        0.299     0.936 r  u_bridge/rx_state_r[1]_i_5/O
                         net (fo=2, routed)           0.595     1.531    u_bridge/rx_state_r[1]_i_5_n_0
    SLICE_X28Y174        LUT6 (Prop_lut6_I3_O)        0.124     1.655 r  u_bridge/i_1_LOPT_REMAP/O
                         net (fo=1, routed)           0.552     2.207    u_bridge/i_1/O_n
    SLICE_X29Y174        LUT6 (Prop_lut6_I4_O)        0.124     2.331 r  u_bridge/i_0_LOPT_REMAP/O
                         net (fo=2, routed)           0.466     2.797    u_bridge/key_cfg_r[252]_i_4_n_0
    SLICE_X30Y174        LUT5 (Prop_lut5_I1_O)        0.124     2.921 f  u_bridge/key_cfg_r[252]_i_2/O
                         net (fo=128, routed)         1.187     4.108    u_bridge/key_cfg_r[252]_i_2_n_0
    SLICE_X28Y178        LUT5 (Prop_lut5_I0_O)        0.124     4.232 r  u_bridge/key_cfg_r[60]_i_1/O
                         net (fo=1, routed)           0.513     4.745    u_bridge/key_cfg_r[60]_i_1_n_0
    SLICE_X28Y174        FDRE                                         r  u_bridge/key_cfg_r_reg[60]/D
  -------------------------------------------------------------------    -------------------

                         (clock core_clk_raw rise edge)
                                                      5.714     5.714 r  
    E3                                                0.000     5.714 r  clk (IN)
                         net (fo=0)                   0.000     5.714    clk
    E3                   IBUF (Prop_ibuf_I_O)         1.411     7.126 r  clk_IBUF_inst/O
                         net (fo=1, routed)           1.162     8.287    clk_IBUF
    MMCME2_ADV_X1Y2      MMCME2_ADV (Prop_mmcme2_adv_CLKIN1_CLKOUT0)
                                                     -7.324     0.964 r  u_mmcm/CLKOUT0
                         net (fo=1, routed)           1.639     2.603    core_clk_raw
    BUFGCTRL_X0Y16       BUFG (Prop_bufg_I_O)         0.091     2.694 r  u_core_clk_buf/O
                         net (fo=11093, routed)       1.663     4.357    u_bridge/core_clk
    SLICE_X28Y174        FDRE                                         r  u_bridge/key_cfg_r_reg[60]/C
                         clock pessimism              0.569     4.926    
                         clock uncertainty           -0.075     4.851    
    SLICE_X28Y174        FDRE (Setup_fdre_C_D)       -0.047     4.804    u_bridge/key_cfg_r_reg[60]
  -------------------------------------------------------------------
                         required time                          4.804    
                         arrival time                          -4.745    
  -------------------------------------------------------------------
                         slack                                  0.059    





Min Delay Paths
--------------------------------------------------------------------------------------
Slack (MET) :             0.044ns  (arrival time - required time)
  Source:                 u_aes_gcm/u_registers/key_staging_o_reg[193]/C
                            (rising edge-triggered cell FDRE clocked by core_clk_raw  {rise@0.000ns fall@2.857ns period=5.714ns})
  Destination:            u_aes_gcm/u_core/u_key_context/window_w1_r_reg[1]/D
                            (rising edge-triggered cell FDRE clocked by core_clk_raw  {rise@0.000ns fall@2.857ns period=5.714ns})
  Path Group:             core_clk_raw
  Path Type:              Hold (Min at Fast Process Corner)
  Requirement:            0.000ns  (core_clk_raw rise@0.000ns - core_clk_raw rise@0.000ns)
  Data Path Delay:        0.349ns  (logic 0.186ns (53.335%)  route 0.163ns (46.665%))
  Logic Levels:           1  (LUT5=1)
  Clock Path Skew:        0.183ns (DCD - SCD - CPR)
    Destination Clock Delay (DCD):    -0.832ns
    Source Clock Delay      (SCD):    -0.512ns
    Clock Pessimism Removal (CPR):    -0.504ns

    Location             Delay type                Incr(ns)  Path(ns)    Netlist Resource(s)
  -------------------------------------------------------------------    -------------------
                         (clock core_clk_raw rise edge)
                                                      0.000     0.000 r  
    E3                                                0.000     0.000 r  clk (IN)
                         net (fo=0)                   0.000     0.000    clk
    E3                   IBUF (Prop_ibuf_I_O)         0.250     0.250 r  clk_IBUF_inst/O
                         net (fo=1, routed)           0.440     0.690    clk_IBUF
    MMCME2_ADV_X1Y2      MMCME2_ADV (Prop_mmcme2_adv_CLKIN1_CLKOUT0)
                                                     -2.379    -1.689 r  u_mmcm/CLKOUT0
                         net (fo=1, routed)           0.499    -1.190    core_clk_raw
    BUFGCTRL_X0Y16       BUFG (Prop_bufg_I_O)         0.026    -1.164 r  u_core_clk_buf/O
                         net (fo=11093, routed)       0.652    -0.512    u_aes_gcm/u_registers/core_clk
    SLICE_X9Y150         FDRE                                         r  u_aes_gcm/u_registers/key_staging_o_reg[193]/C
  -------------------------------------------------------------------    -------------------
    SLICE_X9Y150         FDRE (Prop_fdre_C_Q)         0.141    -0.371 r  u_aes_gcm/u_registers/key_staging_o_reg[193]/Q
                         net (fo=2, routed)           0.163    -0.208    u_aes_gcm/u_core/u_key_context/round_keys_r_reg[127]_4[193]
    SLICE_X8Y148         LUT5 (Prop_lut5_I4_O)        0.045    -0.163 r  u_aes_gcm/u_core/u_key_context/window_w1_r[1]_i_1/O
                         net (fo=1, routed)           0.000    -0.163    u_aes_gcm/u_core/u_key_context/window_w1_r[1]_i_1_n_0
    SLICE_X8Y148         FDRE                                         r  u_aes_gcm/u_core/u_key_context/window_w1_r_reg[1]/D
  -------------------------------------------------------------------    -------------------

                         (clock core_clk_raw rise edge)
                                                      0.000     0.000 r  
    E3                                                0.000     0.000 r  clk (IN)
                         net (fo=0)                   0.000     0.000    clk
    E3                   IBUF (Prop_ibuf_I_O)         0.438     0.438 r  clk_IBUF_inst/O
                         net (fo=1, routed)           0.480     0.918    clk_IBUF
    MMCME2_ADV_X1Y2      MMCME2_ADV (Prop_mmcme2_adv_CLKIN1_CLKOUT0)
                                                     -3.163    -2.245 r  u_mmcm/CLKOUT0
                         net (fo=1, routed)           0.544    -1.702    core_clk_raw
    BUFGCTRL_X0Y16       BUFG (Prop_bufg_I_O)         0.029    -1.673 r  u_core_clk_buf/O
                         net (fo=11093, routed)       0.841    -0.832    u_aes_gcm/u_core/u_key_context/core_clk
    SLICE_X8Y148         FDRE                                         r  u_aes_gcm/u_core/u_key_context/window_w1_r_reg[1]/C
                         clock pessimism              0.504    -0.328    
    SLICE_X8Y148         FDRE (Hold_fdre_C_D)         0.121    -0.207    u_aes_gcm/u_core/u_key_context/window_w1_r_reg[1]
  -------------------------------------------------------------------
                         required time                          0.207    
                         arrival time                          -0.163    
  -------------------------------------------------------------------
                         slack                                  0.044    

Slack (MET) :             0.045ns  (arrival time - required time)
  Source:                 u_aes_gcm/u_core/u_key_context/window_w1_r_reg[20]/C
                            (rising edge-triggered cell FDRE clocked by core_clk_raw  {rise@0.000ns fall@2.857ns period=5.714ns})
  Destination:            u_aes_gcm/u_core/u_key_context/window_w0_r_reg[20]/D
                            (rising edge-triggered cell FDRE clocked by core_clk_raw  {rise@0.000ns fall@2.857ns period=5.714ns})
  Path Group:             core_clk_raw
  Path Type:              Hold (Min at Fast Process Corner)
  Requirement:            0.000ns  (core_clk_raw rise@0.000ns - core_clk_raw rise@0.000ns)
  Data Path Delay:        0.322ns  (logic 0.209ns (64.933%)  route 0.113ns (35.067%))
  Logic Levels:           1  (LUT5=1)
  Clock Path Skew:        0.185ns (DCD - SCD - CPR)
    Destination Clock Delay (DCD):    -0.801ns
    Source Clock Delay      (SCD):    -0.483ns
    Clock Pessimism Removal (CPR):    -0.504ns

    Location             Delay type                Incr(ns)  Path(ns)    Netlist Resource(s)
  -------------------------------------------------------------------    -------------------
                         (clock core_clk_raw rise edge)
                                                      0.000     0.000 r  
    E3                                                0.000     0.000 r  clk (IN)
                         net (fo=0)                   0.000     0.000    clk
    E3                   IBUF (Prop_ibuf_I_O)         0.250     0.250 r  clk_IBUF_inst/O
                         net (fo=1, routed)           0.440     0.690    clk_IBUF
    MMCME2_ADV_X1Y2      MMCME2_ADV (Prop_mmcme2_adv_CLKIN1_CLKOUT0)
                                                     -2.379    -1.689 r  u_mmcm/CLKOUT0
                         net (fo=1, routed)           0.499    -1.190    core_clk_raw
    BUFGCTRL_X0Y16       BUFG (Prop_bufg_I_O)         0.026    -1.164 r  u_core_clk_buf/O
                         net (fo=11093, routed)       0.681    -0.483    u_aes_gcm/u_core/u_key_context/core_clk
    SLICE_X2Y150         FDRE                                         r  u_aes_gcm/u_core/u_key_context/window_w1_r_reg[20]/C
  -------------------------------------------------------------------    -------------------
    SLICE_X2Y150         FDRE (Prop_fdre_C_Q)         0.164    -0.319 r  u_aes_gcm/u_core/u_key_context/window_w1_r_reg[20]/Q
                         net (fo=1, routed)           0.113    -0.206    u_aes_gcm/u_core/u_key_context/window_w1_r[20]
    SLICE_X3Y149         LUT5 (Prop_lut5_I2_O)        0.045    -0.161 r  u_aes_gcm/u_core/u_key_context/window_w0_r[20]_i_1/O
                         net (fo=1, routed)           0.000    -0.161    u_aes_gcm/u_core/u_key_context/window_w0_r[20]_i_1_n_0
    SLICE_X3Y149         FDRE                                         r  u_aes_gcm/u_core/u_key_context/window_w0_r_reg[20]/D
  -------------------------------------------------------------------    -------------------

                         (clock core_clk_raw rise edge)
                                                      0.000     0.000 r  
    E3                                                0.000     0.000 r  clk (IN)
                         net (fo=0)                   0.000     0.000    clk
    E3                   IBUF (Prop_ibuf_I_O)         0.438     0.438 r  clk_IBUF_inst/O
                         net (fo=1, routed)           0.480     0.918    clk_IBUF
    MMCME2_ADV_X1Y2      MMCME2_ADV (Prop_mmcme2_adv_CLKIN1_CLKOUT0)
                                                     -3.163    -2.245 r  u_mmcm/CLKOUT0
                         net (fo=1, routed)           0.544    -1.702    core_clk_raw
    BUFGCTRL_X0Y16       BUFG (Prop_bufg_I_O)         0.029    -1.673 r  u_core_clk_buf/O
                         net (fo=11093, routed)       0.872    -0.801    u_aes_gcm/u_core/u_key_context/core_clk
    SLICE_X3Y149         FDRE                                         r  u_aes_gcm/u_core/u_key_context/window_w0_r_reg[20]/C
                         clock pessimism              0.504    -0.297    
    SLICE_X3Y149         FDRE (Hold_fdre_C_D)         0.091    -0.206    u_aes_gcm/u_core/u_key_context/window_w0_r_reg[20]
  -------------------------------------------------------------------
                         required time                          0.206    
                         arrival time                          -0.161    
  -------------------------------------------------------------------
                         slack                                  0.045    

Slack (MET) :             0.049ns  (arrival time - required time)
  Source:                 u_aes_gcm/u_core/tag_prod_data_reg[18]/C
                            (rising edge-triggered cell FDRE clocked by core_clk_raw  {rise@0.000ns fall@2.857ns period=5.714ns})
  Destination:            u_aes_gcm/u_core/u_tag_packet_fifo/mem_reg_0_1_18_23/RAMA/I
                            (rising edge-triggered cell RAMD32 clocked by core_clk_raw  {rise@0.000ns fall@2.857ns period=5.714ns})
  Path Group:             core_clk_raw
  Path Type:              Hold (Min at Fast Process Corner)
  Requirement:            0.000ns  (core_clk_raw rise@0.000ns - core_clk_raw rise@0.000ns)
  Data Path Delay:        0.209ns  (logic 0.141ns (67.454%)  route 0.068ns (32.546%))
  Logic Levels:           0  
  Clock Path Skew:        0.013ns (DCD - SCD - CPR)
    Destination Clock Delay (DCD):    -0.848ns
    Source Clock Delay      (SCD):    -0.609ns
    Clock Pessimism Removal (CPR):    -0.252ns

    Location             Delay type                Incr(ns)  Path(ns)    Netlist Resource(s)
  -------------------------------------------------------------------    -------------------
                         (clock core_clk_raw rise edge)
                                                      0.000     0.000 r  
    E3                                                0.000     0.000 r  clk (IN)
                         net (fo=0)                   0.000     0.000    clk
    E3                   IBUF (Prop_ibuf_I_O)         0.250     0.250 r  clk_IBUF_inst/O
                         net (fo=1, routed)           0.440     0.690    clk_IBUF
    MMCME2_ADV_X1Y2      MMCME2_ADV (Prop_mmcme2_adv_CLKIN1_CLKOUT0)
                                                     -2.379    -1.689 r  u_mmcm/CLKOUT0
                         net (fo=1, routed)           0.499    -1.190    core_clk_raw
    BUFGCTRL_X0Y16       BUFG (Prop_bufg_I_O)         0.026    -1.164 r  u_core_clk_buf/O
                         net (fo=11093, routed)       0.555    -0.609    u_aes_gcm/u_core/core_clk
    SLICE_X39Y131        FDRE                                         r  u_aes_gcm/u_core/tag_prod_data_reg[18]/C
  -------------------------------------------------------------------    -------------------
    SLICE_X39Y131        FDRE (Prop_fdre_C_Q)         0.141    -0.468 r  u_aes_gcm/u_core/tag_prod_data_reg[18]/Q
                         net (fo=2, routed)           0.068    -0.400    u_aes_gcm/u_core/u_tag_packet_fifo/mem_reg_0_1_18_23/DIA0
    SLICE_X38Y131        RAMD32                                       r  u_aes_gcm/u_core/u_tag_packet_fifo/mem_reg_0_1_18_23/RAMA/I
  -------------------------------------------------------------------    -------------------

                         (clock core_clk_raw rise edge)
                                                      0.000     0.000 r  
    E3                                                0.000     0.000 r  clk (IN)
                         net (fo=0)                   0.000     0.000    clk
    E3                   IBUF (Prop_ibuf_I_O)         0.438     0.438 r  clk_IBUF_inst/O
                         net (fo=1, routed)           0.480     0.918    clk_IBUF
    MMCME2_ADV_X1Y2      MMCME2_ADV (Prop_mmcme2_adv_CLKIN1_CLKOUT0)
                                                     -3.163    -2.245 r  u_mmcm/CLKOUT0
                         net (fo=1, routed)           0.544    -1.702    core_clk_raw
    BUFGCTRL_X0Y16       BUFG (Prop_bufg_I_O)         0.029    -1.673 r  u_core_clk_buf/O
                         net (fo=11093, routed)       0.825    -0.848    u_aes_gcm/u_core/u_tag_packet_fifo/mem_reg_0_1_18_23/WCLK
    SLICE_X38Y131        RAMD32                                       r  u_aes_gcm/u_core/u_tag_packet_fifo/mem_reg_0_1_18_23/RAMA/CLK
                         clock pessimism              0.252    -0.596    
    SLICE_X38Y131        RAMD32 (Hold_ramd32_CLK_I)
                                                      0.147    -0.449    u_aes_gcm/u_core/u_tag_packet_fifo/mem_reg_0_1_18_23/RAMA
  -------------------------------------------------------------------
                         required time                          0.449    
                         arrival time                          -0.400    
  -------------------------------------------------------------------
                         slack                                  0.049    

Slack (MET) :             0.050ns  (arrival time - required time)
  Source:                 u_aes_gcm/u_core/ct_prod_data_reg[114]/C
                            (rising edge-triggered cell FDRE clocked by core_clk_raw  {rise@0.000ns fall@2.857ns period=5.714ns})
  Destination:            u_aes_gcm/u_core/u_ciphertext_fifo/mem_reg_0_3_114_119/RAMA/I
                            (rising edge-triggered cell RAMD32 clocked by core_clk_raw  {rise@0.000ns fall@2.857ns period=5.714ns})
  Path Group:             core_clk_raw
  Path Type:              Hold (Min at Fast Process Corner)
  Requirement:            0.000ns  (core_clk_raw rise@0.000ns - core_clk_raw rise@0.000ns)
  Data Path Delay:        0.462ns  (logic 0.141ns (30.514%)  route 0.321ns (69.486%))
  Logic Levels:           0  
  Clock Path Skew:        0.265ns (DCD - SCD - CPR)
    Destination Clock Delay (DCD):    -0.849ns
    Source Clock Delay      (SCD):    -0.610ns
    Clock Pessimism Removal (CPR):    -0.504ns

    Location             Delay type                Incr(ns)  Path(ns)    Netlist Resource(s)
  -------------------------------------------------------------------    -------------------
                         (clock core_clk_raw rise edge)
                                                      0.000     0.000 r  
    E3                                                0.000     0.000 r  clk (IN)
                         net (fo=0)                   0.000     0.000    clk
    E3                   IBUF (Prop_ibuf_I_O)         0.250     0.250 r  clk_IBUF_inst/O
                         net (fo=1, routed)           0.440     0.690    clk_IBUF
    MMCME2_ADV_X1Y2      MMCME2_ADV (Prop_mmcme2_adv_CLKIN1_CLKOUT0)
                                                     -2.379    -1.689 r  u_mmcm/CLKOUT0
                         net (fo=1, routed)           0.499    -1.190    core_clk_raw
    BUFGCTRL_X0Y16       BUFG (Prop_bufg_I_O)         0.026    -1.164 r  u_core_clk_buf/O
                         net (fo=11093, routed)       0.554    -0.610    u_aes_gcm/u_core/core_clk
    SLICE_X52Y113        FDRE                                         r  u_aes_gcm/u_core/ct_prod_data_reg[114]/C
  -------------------------------------------------------------------    -------------------
    SLICE_X52Y113        FDRE (Prop_fdre_C_Q)         0.141    -0.469 r  u_aes_gcm/u_core/ct_prod_data_reg[114]/Q
                         net (fo=3, routed)           0.321    -0.148    u_aes_gcm/u_core/u_ciphertext_fifo/mem_reg_0_3_114_119/DIA0
    SLICE_X42Y117        RAMD32                                       r  u_aes_gcm/u_core/u_ciphertext_fifo/mem_reg_0_3_114_119/RAMA/I
  -------------------------------------------------------------------    -------------------

                         (clock core_clk_raw rise edge)
                                                      0.000     0.000 r  
    E3                                                0.000     0.000 r  clk (IN)
                         net (fo=0)                   0.000     0.000    clk
    E3                   IBUF (Prop_ibuf_I_O)         0.438     0.438 r  clk_IBUF_inst/O
                         net (fo=1, routed)           0.480     0.918    clk_IBUF
    MMCME2_ADV_X1Y2      MMCME2_ADV (Prop_mmcme2_adv_CLKIN1_CLKOUT0)
                                                     -3.163    -2.245 r  u_mmcm/CLKOUT0
                         net (fo=1, routed)           0.544    -1.702    core_clk_raw
    BUFGCTRL_X0Y16       BUFG (Prop_bufg_I_O)         0.029    -1.673 r  u_core_clk_buf/O
                         net (fo=11093, routed)       0.823    -0.849    u_aes_gcm/u_core/u_ciphertext_fifo/mem_reg_0_3_114_119/WCLK
    SLICE_X42Y117        RAMD32                                       r  u_aes_gcm/u_core/u_ciphertext_fifo/mem_reg_0_3_114_119/RAMA/CLK
                         clock pessimism              0.504    -0.345    
    SLICE_X42Y117        RAMD32 (Hold_ramd32_CLK_I)
                                                      0.147    -0.198    u_aes_gcm/u_core/u_ciphertext_fifo/mem_reg_0_3_114_119/RAMA
  -------------------------------------------------------------------
                         required time                          0.198    
                         arrival time                          -0.148    
  -------------------------------------------------------------------
                         slack                                  0.050    

Slack (MET) :             0.051ns  (arrival time - required time)
  Source:                 u_aes_gcm/u_core/u_key_context/generated_word_r_reg[30]/C
                            (rising edge-triggered cell FDRE clocked by core_clk_raw  {rise@0.000ns fall@2.857ns period=5.714ns})
  Destination:            u_aes_gcm/u_core/u_key_context/round_keys_r_reg[126]/D
                            (rising edge-triggered cell FDRE clocked by core_clk_raw  {rise@0.000ns fall@2.857ns period=5.714ns})
  Path Group:             core_clk_raw
  Path Type:              Hold (Min at Fast Process Corner)
  Requirement:            0.000ns  (core_clk_raw rise@0.000ns - core_clk_raw rise@0.000ns)
  Data Path Delay:        0.495ns  (logic 0.186ns (37.570%)  route 0.309ns (62.430%))
  Logic Levels:           1  (LUT6=1)
  Clock Path Skew:        0.352ns (DCD - SCD - CPR)
    Destination Clock Delay (DCD):    -0.717ns
    Source Clock Delay      (SCD):    -0.565ns
    Clock Pessimism Removal (CPR):    -0.504ns

    Location             Delay type                Incr(ns)  Path(ns)    Netlist Resource(s)
  -------------------------------------------------------------------    -------------------
                         (clock core_clk_raw rise edge)
                                                      0.000     0.000 r  
    E3                                                0.000     0.000 r  clk (IN)
                         net (fo=0)                   0.000     0.000    clk
    E3                   IBUF (Prop_ibuf_I_O)         0.250     0.250 r  clk_IBUF_inst/O
                         net (fo=1, routed)           0.440     0.690    clk_IBUF
    MMCME2_ADV_X1Y2      MMCME2_ADV (Prop_mmcme2_adv_CLKIN1_CLKOUT0)
                                                     -2.379    -1.689 r  u_mmcm/CLKOUT0
                         net (fo=1, routed)           0.499    -1.190    core_clk_raw
    BUFGCTRL_X0Y16       BUFG (Prop_bufg_I_O)         0.026    -1.164 r  u_core_clk_buf/O
                         net (fo=11093, routed)       0.599    -0.565    u_aes_gcm/u_core/u_key_context/core_clk
    SLICE_X3Y147         FDRE                                         r  u_aes_gcm/u_core/u_key_context/generated_word_r_reg[30]/C
  -------------------------------------------------------------------    -------------------
    SLICE_X3Y147         FDRE (Prop_fdre_C_Q)         0.141    -0.424 r  u_aes_gcm/u_core/u_key_context/generated_word_r_reg[30]/Q
                         net (fo=11, routed)          0.309    -0.115    u_aes_gcm/u_core/u_key_context/generated_word_r_reg_n_0_[30]
    SLICE_X5Y156         LUT6 (Prop_lut6_I1_O)        0.045    -0.070 r  u_aes_gcm/u_core/u_key_context/round_keys_r[126]_i_2/O
                         net (fo=1, routed)           0.000    -0.070    u_aes_gcm/u_core/u_key_context/round_keys_r[126]_i_2_n_0
    SLICE_X5Y156         FDRE                                         r  u_aes_gcm/u_core/u_key_context/round_keys_r_reg[126]/D
  -------------------------------------------------------------------    -------------------

                         (clock core_clk_raw rise edge)
                                                      0.000     0.000 r  
    E3                                                0.000     0.000 r  clk (IN)
                         net (fo=0)                   0.000     0.000    clk
    E3                   IBUF (Prop_ibuf_I_O)         0.438     0.438 r  clk_IBUF_inst/O
                         net (fo=1, routed)           0.480     0.918    clk_IBUF
    MMCME2_ADV_X1Y2      MMCME2_ADV (Prop_mmcme2_adv_CLKIN1_CLKOUT0)
                                                     -3.163    -2.245 r  u_mmcm/CLKOUT0
                         net (fo=1, routed)           0.544    -1.702    core_clk_raw
    BUFGCTRL_X0Y16       BUFG (Prop_bufg_I_O)         0.029    -1.673 r  u_core_clk_buf/O
                         net (fo=11093, routed)       0.956    -0.717    u_aes_gcm/u_core/u_key_context/core_clk
    SLICE_X5Y156         FDRE                                         r  u_aes_gcm/u_core/u_key_context/round_keys_r_reg[126]/C
                         clock pessimism              0.504    -0.213    
    SLICE_X5Y156         FDRE (Hold_fdre_C_D)         0.092    -0.121    u_aes_gcm/u_core/u_key_context/round_keys_r_reg[126]
  -------------------------------------------------------------------
                         required time                          0.121    
                         arrival time                          -0.070    
  -------------------------------------------------------------------
                         slack                                  0.051    

Slack (MET) :             0.058ns  (arrival time - required time)
  Source:                 u_aes_gcm/u_core/u_aes_second_engine/block_out_r_reg[79]/C
                            (rising edge-triggered cell FDRE clocked by core_clk_raw  {rise@0.000ns fall@2.857ns period=5.714ns})
  Destination:            u_aes_gcm/u_core/aes_second_result_block_r_reg[79]/D
                            (rising edge-triggered cell FDRE clocked by core_clk_raw  {rise@0.000ns fall@2.857ns period=5.714ns})
  Path Group:             core_clk_raw
  Path Type:              Hold (Min at Fast Process Corner)
  Requirement:            0.000ns  (core_clk_raw rise@0.000ns - core_clk_raw rise@0.000ns)
  Data Path Delay:        0.392ns  (logic 0.141ns (35.974%)  route 0.251ns (64.026%))
  Logic Levels:           0  
  Clock Path Skew:        0.262ns (DCD - SCD - CPR)
    Destination Clock Delay (DCD):    -0.846ns
    Source Clock Delay      (SCD):    -0.604ns
    Clock Pessimism Removal (CPR):    -0.504ns

    Location             Delay type                Incr(ns)  Path(ns)    Netlist Resource(s)
  -------------------------------------------------------------------    -------------------
                         (clock core_clk_raw rise edge)
                                                      0.000     0.000 r  
    E3                                                0.000     0.000 r  clk (IN)
                         net (fo=0)                   0.000     0.000    clk
    E3                   IBUF (Prop_ibuf_I_O)         0.250     0.250 r  clk_IBUF_inst/O
                         net (fo=1, routed)           0.440     0.690    clk_IBUF
    MMCME2_ADV_X1Y2      MMCME2_ADV (Prop_mmcme2_adv_CLKIN1_CLKOUT0)
                                                     -2.379    -1.689 r  u_mmcm/CLKOUT0
                         net (fo=1, routed)           0.499    -1.190    core_clk_raw
    BUFGCTRL_X0Y16       BUFG (Prop_bufg_I_O)         0.026    -1.164 r  u_core_clk_buf/O
                         net (fo=11093, routed)       0.560    -0.604    u_aes_gcm/u_core/u_aes_second_engine/core_clk
    SLICE_X48Y146        FDRE                                         r  u_aes_gcm/u_core/u_aes_second_engine/block_out_r_reg[79]/C
  -------------------------------------------------------------------    -------------------
    SLICE_X48Y146        FDRE (Prop_fdre_C_Q)         0.141    -0.463 r  u_aes_gcm/u_core/u_aes_second_engine/block_out_r_reg[79]/Q
                         net (fo=1, routed)           0.251    -0.212    u_aes_gcm/u_core/aes_second_out[79]
    SLICE_X52Y140        FDRE                                         r  u_aes_gcm/u_core/aes_second_result_block_r_reg[79]/D
  -------------------------------------------------------------------    -------------------

                         (clock core_clk_raw rise edge)
                                                      0.000     0.000 r  
    E3                                                0.000     0.000 r  clk (IN)
                         net (fo=0)                   0.000     0.000    clk
    E3                   IBUF (Prop_ibuf_I_O)         0.438     0.438 r  clk_IBUF_inst/O
                         net (fo=1, routed)           0.480     0.918    clk_IBUF
    MMCME2_ADV_X1Y2      MMCME2_ADV (Prop_mmcme2_adv_CLKIN1_CLKOUT0)
                                                     -3.163    -2.245 r  u_mmcm/CLKOUT0
                         net (fo=1, routed)           0.544    -1.702    core_clk_raw
    BUFGCTRL_X0Y16       BUFG (Prop_bufg_I_O)         0.029    -1.673 r  u_core_clk_buf/O
                         net (fo=11093, routed)       0.826    -0.846    u_aes_gcm/u_core/core_clk
    SLICE_X52Y140        FDRE                                         r  u_aes_gcm/u_core/aes_second_result_block_r_reg[79]/C
                         clock pessimism              0.504    -0.342    
    SLICE_X52Y140        FDRE (Hold_fdre_C_D)         0.072    -0.270    u_aes_gcm/u_core/aes_second_result_block_r_reg[79]
  -------------------------------------------------------------------
                         required time                          0.270    
                         arrival time                          -0.212    
  -------------------------------------------------------------------
                         slack                                  0.058    

Slack (MET) :             0.059ns  (arrival time - required time)
  Source:                 u_aes_gcm/u_core/u_aes_result_fifo/wr_ptr_reg[1]/C
                            (rising edge-triggered cell FDRE clocked by core_clk_raw  {rise@0.000ns fall@2.857ns period=5.714ns})
  Destination:            u_aes_gcm/u_core/u_aes_result_fifo/mem_reg_0_3_162_167/RAMA/WADR1
                            (rising edge-triggered cell RAMD32 clocked by core_clk_raw  {rise@0.000ns fall@2.857ns period=5.714ns})
  Path Group:             core_clk_raw
  Path Type:              Hold (Min at Fast Process Corner)
  Requirement:            0.000ns  (core_clk_raw rise@0.000ns - core_clk_raw rise@0.000ns)
  Data Path Delay:        0.402ns  (logic 0.141ns (35.062%)  route 0.261ns (64.938%))
  Logic Levels:           0  
  Clock Path Skew:        0.034ns (DCD - SCD - CPR)
    Destination Clock Delay (DCD):    -0.843ns
    Source Clock Delay      (SCD):    -0.602ns
    Clock Pessimism Removal (CPR):    -0.275ns

    Location             Delay type                Incr(ns)  Path(ns)    Netlist Resource(s)
  -------------------------------------------------------------------    -------------------
                         (clock core_clk_raw rise edge)
                                                      0.000     0.000 r  
    E3                                                0.000     0.000 r  clk (IN)
                         net (fo=0)                   0.000     0.000    clk
    E3                   IBUF (Prop_ibuf_I_O)         0.250     0.250 r  clk_IBUF_inst/O
                         net (fo=1, routed)           0.440     0.690    clk_IBUF
    MMCME2_ADV_X1Y2      MMCME2_ADV (Prop_mmcme2_adv_CLKIN1_CLKOUT0)
                                                     -2.379    -1.689 r  u_mmcm/CLKOUT0
                         net (fo=1, routed)           0.499    -1.190    core_clk_raw
    BUFGCTRL_X0Y16       BUFG (Prop_bufg_I_O)         0.026    -1.164 r  u_core_clk_buf/O
                         net (fo=11093, routed)       0.562    -0.602    u_aes_gcm/u_core/u_aes_result_fifo/core_clk
    SLICE_X32Y137        FDRE                                         r  u_aes_gcm/u_core/u_aes_result_fifo/wr_ptr_reg[1]/C
  -------------------------------------------------------------------    -------------------
    SLICE_X32Y137        FDRE (Prop_fdre_C_Q)         0.141    -0.461 r  u_aes_gcm/u_core/u_aes_result_fifo/wr_ptr_reg[1]/Q
                         net (fo=196, routed)         0.261    -0.200    u_aes_gcm/u_core/u_aes_result_fifo/mem_reg_0_3_162_167/ADDRD1
    SLICE_X34Y136        RAMD32                                       r  u_aes_gcm/u_core/u_aes_result_fifo/mem_reg_0_3_162_167/RAMA/WADR1
  -------------------------------------------------------------------    -------------------

                         (clock core_clk_raw rise edge)
                                                      0.000     0.000 r  
    E3                                                0.000     0.000 r  clk (IN)
                         net (fo=0)                   0.000     0.000    clk
    E3                   IBUF (Prop_ibuf_I_O)         0.438     0.438 r  clk_IBUF_inst/O
                         net (fo=1, routed)           0.480     0.918    clk_IBUF
    MMCME2_ADV_X1Y2      MMCME2_ADV (Prop_mmcme2_adv_CLKIN1_CLKOUT0)
                                                     -3.163    -2.245 r  u_mmcm/CLKOUT0
                         net (fo=1, routed)           0.544    -1.702    core_clk_raw
    BUFGCTRL_X0Y16       BUFG (Prop_bufg_I_O)         0.029    -1.673 r  u_core_clk_buf/O
                         net (fo=11093, routed)       0.830    -0.843    u_aes_gcm/u_core/u_aes_result_fifo/mem_reg_0_3_162_167/WCLK
    SLICE_X34Y136        RAMD32                                       r  u_aes_gcm/u_core/u_aes_result_fifo/mem_reg_0_3_162_167/RAMA/CLK
                         clock pessimism              0.275    -0.568    
    SLICE_X34Y136        RAMD32 (Hold_ramd32_CLK_WADR1)
                                                      0.309    -0.259    u_aes_gcm/u_core/u_aes_result_fifo/mem_reg_0_3_162_167/RAMA
  -------------------------------------------------------------------
                         required time                          0.259    
                         arrival time                          -0.200    
  -------------------------------------------------------------------
                         slack                                  0.059    

Slack (MET) :             0.059ns  (arrival time - required time)
  Source:                 u_aes_gcm/u_core/u_aes_result_fifo/wr_ptr_reg[1]/C
                            (rising edge-triggered cell FDRE clocked by core_clk_raw  {rise@0.000ns fall@2.857ns period=5.714ns})
  Destination:            u_aes_gcm/u_core/u_aes_result_fifo/mem_reg_0_3_162_167/RAMA_D1/WADR1
                            (rising edge-triggered cell RAMD32 clocked by core_clk_raw  {rise@0.000ns fall@2.857ns period=5.714ns})
  Path Group:             core_clk_raw
  Path Type:              Hold (Min at Fast Process Corner)
  Requirement:            0.000ns  (core_clk_raw rise@0.000ns - core_clk_raw rise@0.000ns)
  Data Path Delay:        0.402ns  (logic 0.141ns (35.062%)  route 0.261ns (64.938%))
  Logic Levels:           0  
  Clock Path Skew:        0.034ns (DCD - SCD - CPR)
    Destination Clock Delay (DCD):    -0.843ns
    Source Clock Delay      (SCD):    -0.602ns
    Clock Pessimism Removal (CPR):    -0.275ns

    Location             Delay type                Incr(ns)  Path(ns)    Netlist Resource(s)
  -------------------------------------------------------------------    -------------------
                         (clock core_clk_raw rise edge)
                                                      0.000     0.000 r  
    E3                                                0.000     0.000 r  clk (IN)
                         net (fo=0)                   0.000     0.000    clk
    E3                   IBUF (Prop_ibuf_I_O)         0.250     0.250 r  clk_IBUF_inst/O
                         net (fo=1, routed)           0.440     0.690    clk_IBUF
    MMCME2_ADV_X1Y2      MMCME2_ADV (Prop_mmcme2_adv_CLKIN1_CLKOUT0)
                                                     -2.379    -1.689 r  u_mmcm/CLKOUT0
                         net (fo=1, routed)           0.499    -1.190    core_clk_raw
    BUFGCTRL_X0Y16       BUFG (Prop_bufg_I_O)         0.026    -1.164 r  u_core_clk_buf/O
                         net (fo=11093, routed)       0.562    -0.602    u_aes_gcm/u_core/u_aes_result_fifo/core_clk
    SLICE_X32Y137        FDRE                                         r  u_aes_gcm/u_core/u_aes_result_fifo/wr_ptr_reg[1]/C
  -------------------------------------------------------------------    -------------------
    SLICE_X32Y137        FDRE (Prop_fdre_C_Q)         0.141    -0.461 r  u_aes_gcm/u_core/u_aes_result_fifo/wr_ptr_reg[1]/Q
                         net (fo=196, routed)         0.261    -0.200    u_aes_gcm/u_core/u_aes_result_fifo/mem_reg_0_3_162_167/ADDRD1
    SLICE_X34Y136        RAMD32                                       r  u_aes_gcm/u_core/u_aes_result_fifo/mem_reg_0_3_162_167/RAMA_D1/WADR1
  -------------------------------------------------------------------    -------------------

                         (clock core_clk_raw rise edge)
                                                      0.000     0.000 r  
    E3                                                0.000     0.000 r  clk (IN)
                         net (fo=0)                   0.000     0.000    clk
    E3                   IBUF (Prop_ibuf_I_O)         0.438     0.438 r  clk_IBUF_inst/O
                         net (fo=1, routed)           0.480     0.918    clk_IBUF
    MMCME2_ADV_X1Y2      MMCME2_ADV (Prop_mmcme2_adv_CLKIN1_CLKOUT0)
                                                     -3.163    -2.245 r  u_mmcm/CLKOUT0
                         net (fo=1, routed)           0.544    -1.702    core_clk_raw
    BUFGCTRL_X0Y16       BUFG (Prop_bufg_I_O)         0.029    -1.673 r  u_core_clk_buf/O
                         net (fo=11093, routed)       0.830    -0.843    u_aes_gcm/u_core/u_aes_result_fifo/mem_reg_0_3_162_167/WCLK
    SLICE_X34Y136        RAMD32                                       r  u_aes_gcm/u_core/u_aes_result_fifo/mem_reg_0_3_162_167/RAMA_D1/CLK
                         clock pessimism              0.275    -0.568    
    SLICE_X34Y136        RAMD32 (Hold_ramd32_CLK_WADR1)
                                                      0.309    -0.259    u_aes_gcm/u_core/u_aes_result_fifo/mem_reg_0_3_162_167/RAMA_D1
  -------------------------------------------------------------------
                         required time                          0.259    
                         arrival time                          -0.200    
  -------------------------------------------------------------------
                         slack                                  0.059    

Slack (MET) :             0.059ns  (arrival time - required time)
  Source:                 u_aes_gcm/u_core/u_aes_result_fifo/wr_ptr_reg[1]/C
                            (rising edge-triggered cell FDRE clocked by core_clk_raw  {rise@0.000ns fall@2.857ns period=5.714ns})
  Destination:            u_aes_gcm/u_core/u_aes_result_fifo/mem_reg_0_3_162_167/RAMB/WADR1
                            (rising edge-triggered cell RAMD32 clocked by core_clk_raw  {rise@0.000ns fall@2.857ns period=5.714ns})
  Path Group:             core_clk_raw
  Path Type:              Hold (Min at Fast Process Corner)
  Requirement:            0.000ns  (core_clk_raw rise@0.000ns - core_clk_raw rise@0.000ns)
  Data Path Delay:        0.402ns  (logic 0.141ns (35.062%)  route 0.261ns (64.938%))
  Logic Levels:           0  
  Clock Path Skew:        0.034ns (DCD - SCD - CPR)
    Destination Clock Delay (DCD):    -0.843ns
    Source Clock Delay      (SCD):    -0.602ns
    Clock Pessimism Removal (CPR):    -0.275ns

    Location             Delay type                Incr(ns)  Path(ns)    Netlist Resource(s)
  -------------------------------------------------------------------    -------------------
                         (clock core_clk_raw rise edge)
                                                      0.000     0.000 r  
    E3                                                0.000     0.000 r  clk (IN)
                         net (fo=0)                   0.000     0.000    clk
    E3                   IBUF (Prop_ibuf_I_O)         0.250     0.250 r  clk_IBUF_inst/O
                         net (fo=1, routed)           0.440     0.690    clk_IBUF
    MMCME2_ADV_X1Y2      MMCME2_ADV (Prop_mmcme2_adv_CLKIN1_CLKOUT0)
                                                     -2.379    -1.689 r  u_mmcm/CLKOUT0
                         net (fo=1, routed)           0.499    -1.190    core_clk_raw
    BUFGCTRL_X0Y16       BUFG (Prop_bufg_I_O)         0.026    -1.164 r  u_core_clk_buf/O
                         net (fo=11093, routed)       0.562    -0.602    u_aes_gcm/u_core/u_aes_result_fifo/core_clk
    SLICE_X32Y137        FDRE                                         r  u_aes_gcm/u_core/u_aes_result_fifo/wr_ptr_reg[1]/C
  -------------------------------------------------------------------    -------------------
    SLICE_X32Y137        FDRE (Prop_fdre_C_Q)         0.141    -0.461 r  u_aes_gcm/u_core/u_aes_result_fifo/wr_ptr_reg[1]/Q
                         net (fo=196, routed)         0.261    -0.200    u_aes_gcm/u_core/u_aes_result_fifo/mem_reg_0_3_162_167/ADDRD1
    SLICE_X34Y136        RAMD32                                       r  u_aes_gcm/u_core/u_aes_result_fifo/mem_reg_0_3_162_167/RAMB/WADR1
  -------------------------------------------------------------------    -------------------

                         (clock core_clk_raw rise edge)
                                                      0.000     0.000 r  
    E3                                                0.000     0.000 r  clk (IN)
                         net (fo=0)                   0.000     0.000    clk
    E3                   IBUF (Prop_ibuf_I_O)         0.438     0.438 r  clk_IBUF_inst/O
                         net (fo=1, routed)           0.480     0.918    clk_IBUF
    MMCME2_ADV_X1Y2      MMCME2_ADV (Prop_mmcme2_adv_CLKIN1_CLKOUT0)
                                                     -3.163    -2.245 r  u_mmcm/CLKOUT0
                         net (fo=1, routed)           0.544    -1.702    core_clk_raw
    BUFGCTRL_X0Y16       BUFG (Prop_bufg_I_O)         0.029    -1.673 r  u_core_clk_buf/O
                         net (fo=11093, routed)       0.830    -0.843    u_aes_gcm/u_core/u_aes_result_fifo/mem_reg_0_3_162_167/WCLK
    SLICE_X34Y136        RAMD32                                       r  u_aes_gcm/u_core/u_aes_result_fifo/mem_reg_0_3_162_167/RAMB/CLK
                         clock pessimism              0.275    -0.568    
    SLICE_X34Y136        RAMD32 (Hold_ramd32_CLK_WADR1)
                                                      0.309    -0.259    u_aes_gcm/u_core/u_aes_result_fifo/mem_reg_0_3_162_167/RAMB
  -------------------------------------------------------------------
                         required time                          0.259    
                         arrival time                          -0.200    
  -------------------------------------------------------------------
                         slack                                  0.059    

Slack (MET) :             0.059ns  (arrival time - required time)
  Source:                 u_aes_gcm/u_core/u_aes_result_fifo/wr_ptr_reg[1]/C
                            (rising edge-triggered cell FDRE clocked by core_clk_raw  {rise@0.000ns fall@2.857ns period=5.714ns})
  Destination:            u_aes_gcm/u_core/u_aes_result_fifo/mem_reg_0_3_162_167/RAMB_D1/WADR1
                            (rising edge-triggered cell RAMD32 clocked by core_clk_raw  {rise@0.000ns fall@2.857ns period=5.714ns})
  Path Group:             core_clk_raw
  Path Type:              Hold (Min at Fast Process Corner)
  Requirement:            0.000ns  (core_clk_raw rise@0.000ns - core_clk_raw rise@0.000ns)
  Data Path Delay:        0.402ns  (logic 0.141ns (35.062%)  route 0.261ns (64.938%))
  Logic Levels:           0  
  Clock Path Skew:        0.034ns (DCD - SCD - CPR)
    Destination Clock Delay (DCD):    -0.843ns
    Source Clock Delay      (SCD):    -0.602ns
    Clock Pessimism Removal (CPR):    -0.275ns

    Location             Delay type                Incr(ns)  Path(ns)    Netlist Resource(s)
  -------------------------------------------------------------------    -------------------
                         (clock core_clk_raw rise edge)
                                                      0.000     0.000 r  
    E3                                                0.000     0.000 r  clk (IN)
                         net (fo=0)                   0.000     0.000    clk
    E3                   IBUF (Prop_ibuf_I_O)         0.250     0.250 r  clk_IBUF_inst/O
                         net (fo=1, routed)           0.440     0.690    clk_IBUF
    MMCME2_ADV_X1Y2      MMCME2_ADV (Prop_mmcme2_adv_CLKIN1_CLKOUT0)
                                                     -2.379    -1.689 r  u_mmcm/CLKOUT0
                         net (fo=1, routed)           0.499    -1.190    core_clk_raw
    BUFGCTRL_X0Y16       BUFG (Prop_bufg_I_O)         0.026    -1.164 r  u_core_clk_buf/O
                         net (fo=11093, routed)       0.562    -0.602    u_aes_gcm/u_core/u_aes_result_fifo/core_clk
    SLICE_X32Y137        FDRE                                         r  u_aes_gcm/u_core/u_aes_result_fifo/wr_ptr_reg[1]/C
  -------------------------------------------------------------------    -------------------
    SLICE_X32Y137        FDRE (Prop_fdre_C_Q)         0.141    -0.461 r  u_aes_gcm/u_core/u_aes_result_fifo/wr_ptr_reg[1]/Q
                         net (fo=196, routed)         0.261    -0.200    u_aes_gcm/u_core/u_aes_result_fifo/mem_reg_0_3_162_167/ADDRD1
    SLICE_X34Y136        RAMD32                                       r  u_aes_gcm/u_core/u_aes_result_fifo/mem_reg_0_3_162_167/RAMB_D1/WADR1
  -------------------------------------------------------------------    -------------------

                         (clock core_clk_raw rise edge)
                                                      0.000     0.000 r  
    E3                                                0.000     0.000 r  clk (IN)
                         net (fo=0)                   0.000     0.000    clk
    E3                   IBUF (Prop_ibuf_I_O)         0.438     0.438 r  clk_IBUF_inst/O
                         net (fo=1, routed)           0.480     0.918    clk_IBUF
    MMCME2_ADV_X1Y2      MMCME2_ADV (Prop_mmcme2_adv_CLKIN1_CLKOUT0)
                                                     -3.163    -2.245 r  u_mmcm/CLKOUT0
                         net (fo=1, routed)           0.544    -1.702    core_clk_raw
    BUFGCTRL_X0Y16       BUFG (Prop_bufg_I_O)         0.029    -1.673 r  u_core_clk_buf/O
                         net (fo=11093, routed)       0.830    -0.843    u_aes_gcm/u_core/u_aes_result_fifo/mem_reg_0_3_162_167/WCLK
    SLICE_X34Y136        RAMD32                                       r  u_aes_gcm/u_core/u_aes_result_fifo/mem_reg_0_3_162_167/RAMB_D1/CLK
                         clock pessimism              0.275    -0.568    
    SLICE_X34Y136        RAMD32 (Hold_ramd32_CLK_WADR1)
                                                      0.309    -0.259    u_aes_gcm/u_core/u_aes_result_fifo/mem_reg_0_3_162_167/RAMB_D1
  -------------------------------------------------------------------
                         required time                          0.259    
                         arrival time                          -0.200    
  -------------------------------------------------------------------
                         slack                                  0.059    





Pulse Width Checks
--------------------------------------------------------------------------------------
Clock Name:         core_clk_raw
Waveform(ns):       { 0.000 2.857 }
Period(ns):         5.714
Sources:            { u_mmcm/CLKOUT0 }

Check Type        Corner  Lib Pin             Reference Pin  Required(ns)  Actual(ns)  Slack(ns)  Location         Pin
Min Period        n/a     RAMB18E1/CLKARDCLK  n/a            2.576         5.714       3.138      RAMB18_X0Y55     u_aes_gcm/u_core/u_aes_engine/GEN_DATA_SBOX[11].u_data_sbox/GEN_REGISTERED_OUTPUT.co_r_reg/CLKARDCLK
Min Period        n/a     RAMB18E1/CLKBWRCLK  n/a            2.576         5.714       3.138      RAMB18_X0Y55     u_aes_gcm/u_core/u_aes_engine/GEN_DATA_SBOX[11].u_data_sbox/GEN_REGISTERED_OUTPUT.co_r_reg/CLKBWRCLK
Min Period        n/a     RAMB18E1/CLKARDCLK  n/a            2.576         5.714       3.138      RAMB18_X0Y57     u_aes_gcm/u_core/u_aes_engine/GEN_DATA_SBOX[13].u_data_sbox/GEN_REGISTERED_OUTPUT.co_r_reg/CLKARDCLK
Min Period        n/a     RAMB18E1/CLKBWRCLK  n/a            2.576         5.714       3.138      RAMB18_X0Y57     u_aes_gcm/u_core/u_aes_engine/GEN_DATA_SBOX[13].u_data_sbox/GEN_REGISTERED_OUTPUT.co_r_reg/CLKBWRCLK
Min Period        n/a     RAMB18E1/CLKARDCLK  n/a            2.576         5.714       3.138      RAMB18_X0Y50     u_aes_gcm/u_core/u_aes_engine/GEN_DATA_SBOX[15].u_data_sbox/GEN_REGISTERED_OUTPUT.co_r_reg/CLKARDCLK
Min Period        n/a     RAMB18E1/CLKBWRCLK  n/a            2.576         5.714       3.138      RAMB18_X0Y50     u_aes_gcm/u_core/u_aes_engine/GEN_DATA_SBOX[15].u_data_sbox/GEN_REGISTERED_OUTPUT.co_r_reg/CLKBWRCLK
Min Period        n/a     RAMB18E1/CLKARDCLK  n/a            2.576         5.714       3.138      RAMB18_X0Y54     u_aes_gcm/u_core/u_aes_engine/GEN_DATA_SBOX[1].u_data_sbox/GEN_REGISTERED_OUTPUT.co_r_reg/CLKARDCLK
Min Period        n/a     RAMB18E1/CLKBWRCLK  n/a            2.576         5.714       3.138      RAMB18_X0Y54     u_aes_gcm/u_core/u_aes_engine/GEN_DATA_SBOX[1].u_data_sbox/GEN_REGISTERED_OUTPUT.co_r_reg/CLKBWRCLK
Min Period        n/a     RAMB18E1/CLKARDCLK  n/a            2.576         5.714       3.138      RAMB18_X0Y52     u_aes_gcm/u_core/u_aes_engine/GEN_DATA_SBOX[3].u_data_sbox/GEN_REGISTERED_OUTPUT.co_r_reg/CLKARDCLK
Min Period        n/a     RAMB18E1/CLKBWRCLK  n/a            2.576         5.714       3.138      RAMB18_X0Y52     u_aes_gcm/u_core/u_aes_engine/GEN_DATA_SBOX[3].u_data_sbox/GEN_REGISTERED_OUTPUT.co_r_reg/CLKBWRCLK
Max Period        n/a     MMCME2_ADV/CLKOUT0  n/a            213.360       5.714       207.646    MMCME2_ADV_X1Y2  u_mmcm/CLKOUT0
Low Pulse Width   Slow    RAMD32/CLK          n/a            1.250         2.857       1.607      SLICE_X58Y129    u_aes_gcm/u_core/plain_bank0_reg_r1_0_15_0_5/RAMA/CLK
Low Pulse Width   Fast    RAMD32/CLK          n/a            1.250         2.857       1.607      SLICE_X58Y129    u_aes_gcm/u_core/plain_bank0_reg_r1_0_15_0_5/RAMA/CLK
Low Pulse Width   Slow    RAMD32/CLK          n/a            1.250         2.857       1.607      SLICE_X58Y129    u_aes_gcm/u_core/plain_bank0_reg_r1_0_15_0_5/RAMA_D1/CLK
Low Pulse Width   Fast    RAMD32/CLK          n/a            1.250         2.857       1.607      SLICE_X58Y129    u_aes_gcm/u_core/plain_bank0_reg_r1_0_15_0_5/RAMA_D1/CLK
Low Pulse Width   Slow    RAMD32/CLK          n/a            1.250         2.857       1.607      SLICE_X58Y129    u_aes_gcm/u_core/plain_bank0_reg_r1_0_15_0_5/RAMB/CLK
Low Pulse Width   Fast    RAMD32/CLK          n/a            1.250         2.857       1.607      SLICE_X58Y129    u_aes_gcm/u_core/plain_bank0_reg_r1_0_15_0_5/RAMB/CLK
Low Pulse Width   Slow    RAMD32/CLK          n/a            1.250         2.857       1.607      SLICE_X58Y129    u_aes_gcm/u_core/plain_bank0_reg_r1_0_15_0_5/RAMB_D1/CLK
Low Pulse Width   Fast    RAMD32/CLK          n/a            1.250         2.857       1.607      SLICE_X58Y129    u_aes_gcm/u_core/plain_bank0_reg_r1_0_15_0_5/RAMB_D1/CLK
Low Pulse Width   Slow    RAMD32/CLK          n/a            1.250         2.857       1.607      SLICE_X58Y129    u_aes_gcm/u_core/plain_bank0_reg_r1_0_15_0_5/RAMC/CLK
Low Pulse Width   Fast    RAMD32/CLK          n/a            1.250         2.857       1.607      SLICE_X58Y129    u_aes_gcm/u_core/plain_bank0_reg_r1_0_15_0_5/RAMC/CLK
High Pulse Width  Slow    RAMD32/CLK          n/a            1.250         2.857       1.607      SLICE_X58Y129    u_aes_gcm/u_core/plain_bank0_reg_r1_0_15_0_5/RAMA/CLK
High Pulse Width  Fast    RAMD32/CLK          n/a            1.250         2.857       1.607      SLICE_X58Y129    u_aes_gcm/u_core/plain_bank0_reg_r1_0_15_0_5/RAMA/CLK
High Pulse Width  Slow    RAMD32/CLK          n/a            1.250         2.857       1.607      SLICE_X58Y129    u_aes_gcm/u_core/plain_bank0_reg_r1_0_15_0_5/RAMA_D1/CLK
High Pulse Width  Fast    RAMD32/CLK          n/a            1.250         2.857       1.607      SLICE_X58Y129    u_aes_gcm/u_core/plain_bank0_reg_r1_0_15_0_5/RAMA_D1/CLK
High Pulse Width  Slow    RAMD32/CLK          n/a            1.250         2.857       1.607      SLICE_X58Y129    u_aes_gcm/u_core/plain_bank0_reg_r1_0_15_0_5/RAMB/CLK
High Pulse Width  Fast    RAMD32/CLK          n/a            1.250         2.857       1.607      SLICE_X58Y129    u_aes_gcm/u_core/plain_bank0_reg_r1_0_15_0_5/RAMB/CLK
High Pulse Width  Slow    RAMD32/CLK          n/a            1.250         2.857       1.607      SLICE_X58Y129    u_aes_gcm/u_core/plain_bank0_reg_r1_0_15_0_5/RAMB_D1/CLK
High Pulse Width  Fast    RAMD32/CLK          n/a            1.250         2.857       1.607      SLICE_X58Y129    u_aes_gcm/u_core/plain_bank0_reg_r1_0_15_0_5/RAMB_D1/CLK
High Pulse Width  Slow    RAMD32/CLK          n/a            1.250         2.857       1.607      SLICE_X58Y129    u_aes_gcm/u_core/plain_bank0_reg_r1_0_15_0_5/RAMC/CLK
High Pulse Width  Fast    RAMD32/CLK          n/a            1.250         2.857       1.607      SLICE_X58Y129    u_aes_gcm/u_core/plain_bank0_reg_r1_0_15_0_5/RAMC/CLK



---------------------------------------------------------------------------------------------------
From Clock:  mmcm_clkfb_raw
  To Clock:  mmcm_clkfb_raw

Setup :           NA  Failing Endpoints,  Worst Slack           NA  ,  Total Violation           NA
Hold  :           NA  Failing Endpoints,  Worst Slack           NA  ,  Total Violation           NA
PW    :            0  Failing Endpoints,  Worst Slack        7.845ns,  Total Violation        0.000ns
---------------------------------------------------------------------------------------------------


Pulse Width Checks
--------------------------------------------------------------------------------------
Clock Name:         mmcm_clkfb_raw
Waveform(ns):       { 0.000 5.000 }
Period(ns):         10.000
Sources:            { u_mmcm/CLKFBOUT }

Check Type  Corner  Lib Pin              Reference Pin  Required(ns)  Actual(ns)  Slack(ns)  Location         Pin
Min Period  n/a     BUFG/I               n/a            2.155         10.000      7.845      BUFGCTRL_X0Y17   u_feedback_buf/I
Min Period  n/a     MMCME2_ADV/CLKFBOUT  n/a            1.249         10.000      8.751      MMCME2_ADV_X1Y2  u_mmcm/CLKFBOUT
Min Period  n/a     MMCME2_ADV/CLKFBIN   n/a            1.249         10.000      8.751      MMCME2_ADV_X1Y2  u_mmcm/CLKFBIN
Max Period  n/a     MMCME2_ADV/CLKFBIN   n/a            100.000       10.000      90.000     MMCME2_ADV_X1Y2  u_mmcm/CLKFBIN
Max Period  n/a     MMCME2_ADV/CLKFBOUT  n/a            213.360       10.000      203.360    MMCME2_ADV_X1Y2  u_mmcm/CLKFBOUT



